#
# There is insufficient memory for the Java Runtime Environment to continue.
# Native memory allocation (malloc) failed to allocate 1099664 bytes. Error detail: Chunk::new
# Possible reasons:
#   The system is out of physical RAM or swap space
#   This process is running with CompressedOops enabled, and the Java Heap may be blocking the growth of the native heap
# Possible solutions:
#   Reduce memory load on the system
#   Increase physical memory or swap space
#   Check if swap backing store is full
#   Decrease Java heap size (-Xmx/-Xms)
#   Decrease number of Java threads
#   Decrease Java thread stack sizes (-Xss)
#   Set larger code cache with -XX:ReservedCodeCacheSize=
#   JVM is running with Zero Based Compressed Oops mode in which the Java heap is
#     placed in the first 32GB address space. The Java Heap base address is the
#     maximum limit for the native heap growth. Please use -XX:HeapBaseMinAddress
#     to set the Java Heap base and to place the Java Heap above 32GB virtual address.
# This output file may be truncated or incomplete.
#
#  Out of Memory Error (arena.cpp:191), pid=18560, tid=2996
#
# JRE version: OpenJDK Runtime Environment Temurin-17.0.20.1+1 (17.0.20.1+1) (build 17.0.20.1+1)
# Java VM: OpenJDK 64-Bit Server VM Temurin-17.0.20.1+1 (17.0.20.1+1, mixed mode, sharing, tiered, compressed oops, compressed class ptrs, g1 gc, windows-amd64)
# No core dump will be written. Minidumps are not enabled by default on client versions of Windows
#

---------------  S U M M A R Y ------------

Command Line: -Dforge.enableGameTest=true -Dforge.logging.console.level=debug -Dforge.logging.markers=REGISTRIES -DignoreList=bootstraplauncher,securejarhandler,asm-commons,asm-util,asm-analysis,asm-tree,asm,JarJarFileSystems,client-extra,fmlcore,javafmllanguage,lowcodelanguage,mclanguage,forge- -Djava.net.preferIPv6Addresses=system -DlegacyClassPath.file=D:\Minecraft MODS\CultOfTheCryptids\cult_cryptids\build\classpath\runClient_minecraftClasspath.txt -DmergeModules=jna-5.10.0.jar,jna-platform-5.10.0.jar -Dmixin.env.refMapRemappingFile=D:\Minecraft MODS\CultOfTheCryptids\cult_cryptids/build/createSrgToMcp/output.srg -Dmixin.env.remapRefMap=true --module-path=C:\Users\poe09\.gradle\caches\modules-2\files-2.1\cpw.mods\bootstraplauncher\1.1.2\c546e00443d8432cda6baa1c860346980742628\bootstraplauncher-1.1.2.jar;C:\Users\poe09\.gradle\caches\modules-2\files-2.1\cpw.mods\securejarhandler\2.1.10\51e6a22c6c716beb11e244bf5b8be480f51dd6b5\securejarhandler-2.1.10.jar;C:\Users\poe09\.gradle\caches\modules-2\files-2.1\org.ow2.asm\asm-commons\9.7\e86dda4696d3c185fcc95d8d311904e7ce38a53f\asm-commons-9.7.jar;C:\Users\poe09\.gradle\caches\modules-2\files-2.1\org.ow2.asm\asm-util\9.7\c0655519f24d92af2202cb681cd7c1569df6ead6\asm-util-9.7.jar;C:\Users\poe09\.gradle\caches\modules-2\files-2.1\org.ow2.asm\asm-analysis\9.7\e4a258b7eb96107106c0599f0061cfc1832fe07a\asm-analysis-9.7.jar;C:\Users\poe09\.gradle\caches\modules-2\files-2.1\org.ow2.asm\asm-tree\9.7\e446a17b175bfb733b87c5c2560ccb4e57d69f1a\asm-tree-9.7.jar;C:\Users\poe09\.gradle\caches\modules-2\files-2.1\org.ow2.asm\asm\9.7\73d7b3086e14beb604ced229c302feff6449723\asm-9.7.jar;C:\Users\poe09\.gradle\caches\modules-2\files-2.1\net.minecraftforge\JarJarFileSystems\0.3.19\2464eb7d6b9ddb9db36a82cf8a95193e5c6fe020\JarJarFileSystems-0.3.19.jar --add-modules=ALL-MODULE-PATH --add-opens=java.base/java.util.jar=cpw.mods.securejarhandler --add-opens=java.base/java.lang.invoke=cpw.mods.securejarhandler --add-exports=java.base/sun.security.util=cpw.mods.securejarhandler --add-exports=jdk.naming.dns/com.sun.jndi.dns=java.naming -XX:HeapDumpPath=MojangTricksIntelDriversForPerformance_javaw.exe_minecraft.exe.heapdump -Dfile.encoding=UTF-8 -Duser.country=RU -Duser.language=ru -Duser.variant cpw.mods.bootstraplauncher.BootstrapLauncher --launchTarget forgeclientuserdev --version MOD_DEV --assetIndex 5 --assetsDir C:\Users\poe09\.gradle\caches\forge_gradle\assets --gameDir . --fml.forgeVersion 47.3.0 --fml.mcVersion 1.20.1 --fml.forgeGroup net.minecraftforge --fml.mcpVersion 20230612.114412

Host: AMD Ryzen 3 3100 4-Core Processor              , 8 cores, 15G,  Windows 10 , 64 bit Build 19041 (10.0.19041.4842)
Time: Sun Sep 27 20:10:09 2026 RTZ 2 (s 10 , 64 bit Build 19041 (10.0.19041.4842) elapsed time: 41.605499 seconds (0d 0h 0m 41s)

---------------  T H R E A D  ---------------

Current thread (0x000002921f1a8f60):  JavaThread "C2 CompilerThread2" daemon [_thread_in_native, id=2996, stack(0x000000dd66400000,0x000000dd66500000)]


Current CompileTask:
C2:41605 25234       4       net.minecraft.server.level.DistanceManager::runAllUpdates (207 bytes)

Stack: [0x000000dd66400000,0x000000dd66500000]
Native frames: (J=compiled Java code, j=interpreted, Vv=VM code, C=native code)
V  [jvm.dll+0x684d39]
V  [jvm.dll+0x83a565]
V  [jvm.dll+0x83bfde]
V  [jvm.dll+0x83c663]
V  [jvm.dll+0x2490cf]
V  [jvm.dll+0xad536]
V  [jvm.dll+0xadbdc]
V  [jvm.dll+0x368dbe]
V  [jvm.dll+0x333215]
V  [jvm.dll+0x33267a]
V  [jvm.dll+0x219ed9]
V  [jvm.dll+0x21931f]
V  [jvm.dll+0x1a49e0]
V  [jvm.dll+0x229a6a]
V  [jvm.dll+0x227c1b]
V  [jvm.dll+0x7f0d18]
V  [jvm.dll+0x7eb17c]
V  [jvm.dll+0x683c07]
C  [ucrtbase.dll+0x21bb2]
C  [KERNEL32.DLL+0x17374]
C  [ntdll.dll+0x4cc91]


---------------  P R O C E S S  ---------------

Threads class SMR info:
_java_thread_list=0x000002923b7801f0, length=43, elements={
0x00000291a6f0ecd0, 0x000002920b005630, 0x000002920b0083d0, 0x000002920b020760,
0x000002920b020c70, 0x000002920b01f830, 0x000002920b01f320, 0x000002920b02ec10,
0x000002920b0375e0, 0x000002920b021690, 0x000002920b021180, 0x000002920b01fd40,
0x0000029210f714a0, 0x000002920b0220b0, 0x000002920b0225c0, 0x0000029210f75b80,
0x0000029210f9d1e0, 0x0000029210fa1dd0, 0x0000029210f9e110, 0x0000029210f9f550,
0x0000029210fa18c0, 0x0000029210fa0480, 0x0000029210fa0990, 0x0000029210f9d6f0,
0x0000029210f9dc00, 0x0000029210fa3210, 0x0000029210fa0ea0, 0x0000029210fa3720,
0x0000029210fa13b0, 0x0000029210f9c2b0, 0x0000029210f9c7c0, 0x000002921095a240,
0x000002921095f850, 0x000002921f1a8a10, 0x0000029210959d30, 0x000002921095a750,
0x0000029210fa2d00, 0x000002921f1a8f60, 0x0000029210f9ccd0, 0x0000029210f9fa60,
0x0000029210f73810, 0x0000029210f74c50, 0x0000029210f774d0
}

Java Threads: ( => current thread )
  0x00000291a6f0ecd0 JavaThread "Render thread" [_thread_in_Java, id=5200, stack(0x000000dd62e00000,0x000000dd62f00000)]
  0x000002920b005630 JavaThread "Reference Handler" daemon [_thread_blocked, id=5020, stack(0x000000dd63500000,0x000000dd63600000)]
  0x000002920b0083d0 JavaThread "Finalizer" daemon [_thread_blocked, id=15296, stack(0x000000dd63600000,0x000000dd63700000)]
  0x000002920b020760 JavaThread "Signal Dispatcher" daemon [_thread_blocked, id=17024, stack(0x000000dd63700000,0x000000dd63800000)]
  0x000002920b020c70 JavaThread "Attach Listener" daemon [_thread_blocked, id=19484, stack(0x000000dd63800000,0x000000dd63900000)]
  0x000002920b01f830 JavaThread "Service Thread" daemon [_thread_blocked, id=20952, stack(0x000000dd63900000,0x000000dd63a00000)]
  0x000002920b01f320 JavaThread "Monitor Deflation Thread" daemon [_thread_blocked, id=920, stack(0x000000dd63a00000,0x000000dd63b00000)]
  0x000002920b02ec10 JavaThread "C2 CompilerThread0" daemon [_thread_in_native, id=14240, stack(0x000000dd63b00000,0x000000dd63c00000)]
  0x000002920b0375e0 JavaThread "C1 CompilerThread0" daemon [_thread_in_native, id=12580, stack(0x000000dd63c00000,0x000000dd63d00000)]
  0x000002920b021690 JavaThread "Sweeper thread" daemon [_thread_blocked, id=13704, stack(0x000000dd63d00000,0x000000dd63e00000)]
  0x000002920b021180 JavaThread "Common-Cleaner" daemon [_thread_blocked, id=18972, stack(0x000000dd63e00000,0x000000dd63f00000)]
  0x000002920b01fd40 JavaThread "Notification Thread" daemon [_thread_blocked, id=19408, stack(0x000000dd64000000,0x000000dd64100000)]
  0x0000029210f714a0 JavaThread "JNA Cleaner" daemon [_thread_blocked, id=8660, stack(0x000000dd65800000,0x000000dd65900000)]
  0x000002920b0220b0 JavaThread "Timer hack thread" daemon [_thread_blocked, id=9828, stack(0x000000dd65a00000,0x000000dd65b00000)]
  0x000002920b0225c0 JavaThread "Yggdrasil Key Fetcher" daemon [_thread_blocked, id=20520, stack(0x000000dd65d00000,0x000000dd65e00000)]
  0x0000029210f75b80 JavaThread "modloading-worker-0" daemon [_thread_blocked, id=3756, stack(0x000000dd65500000,0x000000dd65600000)]
  0x0000029210f9d1e0 JavaThread "modloading-worker-0" daemon [_thread_blocked, id=19416, stack(0x000000dd65f00000,0x000000dd66000000)]
  0x0000029210fa1dd0 JavaThread "modloading-worker-0" daemon [_thread_blocked, id=20224, stack(0x000000dd66000000,0x000000dd66100000)]
  0x0000029210f9e110 JavaThread "modloading-worker-0" daemon [_thread_blocked, id=18968, stack(0x000000dd66100000,0x000000dd66200000)]
  0x0000029210f9f550 JavaThread "modloading-worker-0" daemon [_thread_blocked, id=20708, stack(0x000000dd66200000,0x000000dd66300000)]
  0x0000029210fa18c0 JavaThread "modloading-worker-0" daemon [_thread_blocked, id=13408, stack(0x000000dd66300000,0x000000dd66400000)]
  0x0000029210fa0480 JavaThread "Worker-Main-1" daemon [_thread_blocked, id=17748, stack(0x000000dd66700000,0x000000dd66800000)]
  0x0000029210fa0990 JavaThread "Worker-Main-2" daemon [_thread_blocked, id=8716, stack(0x000000dd66800000,0x000000dd66900000)]
  0x0000029210f9d6f0 JavaThread "Worker-Main-4" daemon [_thread_blocked, id=11744, stack(0x000000dd66900000,0x000000dd66a00000)]
  0x0000029210f9dc00 JavaThread "Worker-Main-3" daemon [_thread_blocked, id=13932, stack(0x000000dd66a00000,0x000000dd66b00000)]
  0x0000029210fa3210 JavaThread "Worker-Main-5" daemon [_thread_blocked, id=15628, stack(0x000000dd66b00000,0x000000dd66c00000)]
  0x0000029210fa0ea0 JavaThread "Worker-Main-6" daemon [_thread_in_vm, id=19384, stack(0x000000dd66c00000,0x000000dd66d00000)] _threads_hazard_ptr=0x000002923b7801f0
  0x0000029210fa3720 JavaThread "Worker-Main-7" daemon [_thread_blocked, id=10064, stack(0x000000dd66d00000,0x000000dd66e00000)]
  0x0000029210fa13b0 JavaThread "Thread-3" daemon [_thread_blocked, id=19612, stack(0x000000dd66e00000,0x000000dd66f00000)]
  0x0000029210f9c2b0 JavaThread "FileSystemWatchService" daemon [_thread_in_native, id=15824, stack(0x000000dd66f00000,0x000000dd67000000)]
  0x0000029210f9c7c0 JavaThread "IO-Worker-8" [_thread_blocked, id=18832, stack(0x000000dd67100000,0x000000dd67200000)]
  0x000002921095a240 JavaThread "Server thread" [_thread_in_native, id=16864, stack(0x000000dd65200000,0x000000dd65300000)]
  0x000002921095f850 JavaThread "FileSystemWatchService" daemon [_thread_in_native, id=16412, stack(0x000000dd66600000,0x000000dd66700000)]
  0x000002921f1a8a10 JavaThread "C2 CompilerThread1" daemon [_thread_in_native, id=3492, stack(0x000000dd64d00000,0x000000dd64e00000)]
  0x0000029210959d30 JavaThread "IO-Worker-9" [_thread_blocked, id=10724, stack(0x000000dd67000000,0x000000dd67100000)]
  0x000002921095a750 JavaThread "IO-Worker-10" [_thread_blocked, id=18256, stack(0x000000dd67700000,0x000000dd67800000)]
  0x0000029210fa2d00 JavaThread "IO-Worker-11" [_thread_blocked, id=3776, stack(0x000000dd67800000,0x000000dd67900000)]
=>0x000002921f1a8f60 JavaThread "C2 CompilerThread2" daemon [_thread_in_native, id=2996, stack(0x000000dd66400000,0x000000dd66500000)]
  0x0000029210f9ccd0 JavaThread "Java2D Disposer" daemon [_thread_blocked, id=2044, stack(0x000000dd67200000,0x000000dd67300000)]
  0x0000029210f9fa60 JavaThread "Netty Server IO #0" daemon [_thread_in_native, id=3980, stack(0x000000dd67300000,0x000000dd67400000)]
  0x0000029210f73810 JavaThread "Netty Local Client IO #0" daemon [_thread_blocked, id=6844, stack(0x000000dd67400000,0x000000dd67500000)]
  0x0000029210f74c50 JavaThread "Netty Server IO #1" daemon [_thread_in_native, id=21116, stack(0x000000dd67900000,0x000000dd67a00000)]
  0x0000029210f774d0 JavaThread "Sound engine" daemon [_thread_blocked, id=4436, stack(0x000000dd67a00000,0x000000dd67b00000)]

Other Threads:
  0x000002920b002090 VMThread "VM Thread" [stack: 0x000000dd63400000,0x000000dd63500000] [id=19544]
  0x00000291a6f0fba0 WatcherThread [stack: 0x000000dd64100000,0x000000dd64200000] [id=19508]
  0x00000291a6f7b190 GCTaskThread "GC Thread#0" [stack: 0x000000dd62f00000,0x000000dd63000000] [id=3612]
  0x000002920b152430 GCTaskThread "GC Thread#1" [stack: 0x000000dd64200000,0x000000dd64300000] [id=17440]
  0x000002920b1531f0 GCTaskThread "GC Thread#2" [stack: 0x000000dd64300000,0x000000dd64400000] [id=18184]
  0x000002920b1534b0 GCTaskThread "GC Thread#3" [stack: 0x000000dd64400000,0x000000dd64500000] [id=1832]
  0x000002920b153770 GCTaskThread "GC Thread#4" [stack: 0x000000dd64500000,0x000000dd64600000] [id=8160]
  0x000002920b1526f0 GCTaskThread "GC Thread#5" [stack: 0x000000dd64600000,0x000000dd64700000] [id=16100]
  0x000002920b1529b0 GCTaskThread "GC Thread#6" [stack: 0x000000dd64900000,0x000000dd64a00000] [id=19080]
  0x0000029212860c80 GCTaskThread "GC Thread#7" [stack: 0x000000dd65300000,0x000000dd65400000] [id=18800]
  0x00000291a6f8bf30 ConcurrentGCThread "G1 Main Marker" [stack: 0x000000dd63000000,0x000000dd63100000] [id=9984]
  0x00000291a6f8d000 ConcurrentGCThread "G1 Conc#0" [stack: 0x000000dd63100000,0x000000dd63200000] [id=8204]
  0x0000029212863880 ConcurrentGCThread "G1 Conc#1" [stack: 0x000000dd65400000,0x000000dd65500000] [id=19116]
  0x00000291c9ea5ba0 ConcurrentGCThread "G1 Refine#0" [stack: 0x000000dd63200000,0x000000dd63300000] [id=20404]
  0x000002920ba87910 ConcurrentGCThread "G1 Refine#1" [stack: 0x000000dd64700000,0x000000dd64800000] [id=17916]
  0x000002921c036010 ConcurrentGCThread "G1 Refine#2" [stack: 0x000000dd65600000,0x000000dd65700000] [id=14984]
  0x000002921b5f86e0 ConcurrentGCThread "G1 Refine#3" [stack: 0x000000dd65700000,0x000000dd65800000] [id=19504]
  0x000002921da25560 ConcurrentGCThread "G1 Refine#4" [stack: 0x000000dd65b00000,0x000000dd65c00000] [id=13624]
  0x000002921da24f80 ConcurrentGCThread "G1 Refine#5" [stack: 0x000000dd65c00000,0x000000dd65d00000] [id=9568]
  0x0000029228deb450 ConcurrentGCThread "G1 Refine#6" [stack: 0x000000dd63f00000,0x000000dd64000000] [id=20096]
  0x000002921dc8c350 ConcurrentGCThread "G1 Refine#7" [stack: 0x000000dd64f00000,0x000000dd65000000] [id=2492]
  0x00000291c9ea64e0 ConcurrentGCThread "G1 Service" [stack: 0x000000dd63300000,0x000000dd63400000] [id=15716]

Threads with active compile tasks:
C2 CompilerThread0  41638 25258       4       net.minecraft.server.MinecraftServer::pollTaskInternal (62 bytes)
C1 CompilerThread0  41638 25534       3       net.minecraft.world.level.BlockCollisions::computeNext (290 bytes)
C2 CompilerThread1  41638 25223       4       net.minecraft.server.level.ServerChunkCache::runDistanceManagerUpdates (36 bytes)
C2 CompilerThread2  41638 25234       4       net.minecraft.server.level.DistanceManager::runAllUpdates (207 bytes)

VM state: not at safepoint (normal execution)

VM Mutex/Monitor currently owned by a thread:  ([mutex/lock_event])
[0x00000291a6f097b0] CodeCache_lock - owner thread: 0x000002920b0375e0
[0x00000291a6f0b420] Compile_lock - owner thread: 0x000002920b0375e0
[0x00000291a6f0a610] MethodCompileQueue_lock - owner thread: 0x000002920b0375e0

Heap address: 0x0000000700c00000, size: 4084 MB, Compressed Oops mode: Zero based, Oop shift amount: 3

CDS archive(s) mapped at: [0x00000291ca000000-0x00000291cabb0000-0x00000291cabb0000), size 12255232, SharedBaseAddress: 0x00000291ca000000, ArchiveRelocationMode: 1.
Compressed class space mapped at: 0x00000291cb000000-0x000002920b000000, reserved size: 1073741824
Narrow klass base: 0x00000291ca000000, Narrow klass shift: 0, Narrow klass range: 0x100000000

GC Precious Log:
 CPUs: 8 total, 8 available
 Memory: 16332M
 Large Page Support: Disabled
 NUMA Support: Disabled
 Compressed Oops: Enabled (Zero based)
 Heap Region Size: 2M
 Heap Min Capacity: 8M
 Heap Initial Capacity: 256M
 Heap Max Capacity: 4084M
 Pre-touch: Disabled
 Parallel Workers: 8
 Concurrent Workers: 2
 Concurrent Refinement Workers: 8
 Periodic GC: Disabled

Heap:
 garbage-first heap   total 2107392K, used 1157399K [0x0000000700c00000, 0x0000000800000000)
  region size 2048K, 140 young (286720K), 21 survivors (43008K)
 Metaspace       used 122465K, committed 124352K, reserved 1179648K
  class space    used 17882K, committed 18752K, reserved 1048576K

Heap Regions: E=young(eden), S=young(survivor), O=old, HS=humongous(starts), HC=humongous(continues), CS=collection set, F=free, OA=open archive, CA=closed archive, TAMS=top-at-mark-start (previous, next)
|   0|0x0000000700c00000, 0x0000000700e00000, 0x0000000700e00000|100%|HS|  |TAMS 0x0000000700e00000, 0x0000000700c00000| Complete 
|   1|0x0000000700e00000, 0x0000000701000000, 0x0000000701000000|100%| O|  |TAMS 0x0000000701000000, 0x0000000700e00000| Untracked 
|   2|0x0000000701000000, 0x0000000701200000, 0x0000000701200000|100%| O|  |TAMS 0x0000000701200000, 0x0000000701000000| Untracked 
|   3|0x0000000701200000, 0x0000000701400000, 0x0000000701400000|100%|HS|  |TAMS 0x0000000701400000, 0x0000000701200000| Complete 
|   4|0x0000000701400000, 0x0000000701600000, 0x0000000701600000|100%| O|  |TAMS 0x0000000701600000, 0x0000000701400000| Untracked 
|   5|0x0000000701600000, 0x0000000701800000, 0x0000000701800000|100%| O|  |TAMS 0x0000000701800000, 0x0000000701600000| Untracked 
|   6|0x0000000701800000, 0x0000000701a00000, 0x0000000701a00000|100%|HS|  |TAMS 0x0000000701a00000, 0x0000000701800000| Complete 
|   7|0x0000000701a00000, 0x0000000701c00000, 0x0000000701c00000|100%|HS|  |TAMS 0x0000000701c00000, 0x0000000701a00000| Complete 
|   8|0x0000000701c00000, 0x0000000701e00000, 0x0000000701e00000|100%| O|  |TAMS 0x0000000701e00000, 0x0000000701c00000| Untracked 
|   9|0x0000000701e00000, 0x0000000702000000, 0x0000000702000000|100%| O|  |TAMS 0x0000000702000000, 0x0000000701e00000| Untracked 
|  10|0x0000000702000000, 0x0000000702200000, 0x0000000702200000|100%| O|  |TAMS 0x0000000702200000, 0x0000000702000000| Untracked 
|  11|0x0000000702200000, 0x0000000702400000, 0x0000000702400000|100%| O|  |TAMS 0x0000000702400000, 0x0000000702200000| Untracked 
|  12|0x0000000702400000, 0x0000000702600000, 0x0000000702600000|100%|HS|  |TAMS 0x0000000702600000, 0x0000000702400000| Complete 
|  13|0x0000000702600000, 0x0000000702800000, 0x0000000702800000|100%| O|  |TAMS 0x0000000702800000, 0x0000000702600000| Untracked 
|  14|0x0000000702800000, 0x0000000702a00000, 0x0000000702a00000|100%| O|  |TAMS 0x0000000702a00000, 0x0000000702800000| Untracked 
|  15|0x0000000702a00000, 0x0000000702c00000, 0x0000000702c00000|100%| O|  |TAMS 0x0000000702c00000, 0x0000000702a00000| Untracked 
|  16|0x0000000702c00000, 0x0000000702e00000, 0x0000000702e00000|100%| O|  |TAMS 0x0000000702e00000, 0x0000000702c00000| Untracked 
|  17|0x0000000702e00000, 0x0000000703000000, 0x0000000703000000|100%| O|  |TAMS 0x0000000703000000, 0x0000000702e00000| Untracked 
|  18|0x0000000703000000, 0x0000000703200000, 0x0000000703200000|100%| O|  |TAMS 0x0000000703200000, 0x0000000703000000| Untracked 
|  19|0x0000000703200000, 0x0000000703400000, 0x0000000703400000|100%| O|  |TAMS 0x0000000703400000, 0x0000000703200000| Untracked 
|  20|0x0000000703400000, 0x0000000703600000, 0x0000000703600000|100%| O|  |TAMS 0x0000000703600000, 0x0000000703400000| Untracked 
|  21|0x0000000703600000, 0x0000000703800000, 0x0000000703800000|100%| O|  |TAMS 0x0000000703800000, 0x0000000703600000| Untracked 
|  22|0x0000000703800000, 0x0000000703a00000, 0x0000000703a00000|100%| O|  |TAMS 0x0000000703a00000, 0x0000000703800000| Untracked 
|  23|0x0000000703a00000, 0x0000000703c00000, 0x0000000703c00000|100%| O|  |TAMS 0x0000000703c00000, 0x0000000703a00000| Untracked 
|  24|0x0000000703c00000, 0x0000000703e00000, 0x0000000703e00000|100%| O|  |TAMS 0x0000000703e00000, 0x0000000703c00000| Untracked 
|  25|0x0000000703e00000, 0x0000000704000000, 0x0000000704000000|100%| O|  |TAMS 0x0000000704000000, 0x0000000703e00000| Untracked 
|  26|0x0000000704000000, 0x0000000704200000, 0x0000000704200000|100%| O|  |TAMS 0x0000000704200000, 0x0000000704000000| Untracked 
|  27|0x0000000704200000, 0x0000000704400000, 0x0000000704400000|100%| O|  |TAMS 0x0000000704400000, 0x0000000704200000| Untracked 
|  28|0x0000000704400000, 0x0000000704600000, 0x0000000704600000|100%| O|  |TAMS 0x0000000704600000, 0x0000000704400000| Untracked 
|  29|0x0000000704600000, 0x0000000704800000, 0x0000000704800000|100%| O|  |TAMS 0x0000000704800000, 0x0000000704600000| Untracked 
|  30|0x0000000704800000, 0x0000000704a00000, 0x0000000704a00000|100%| O|  |TAMS 0x0000000704a00000, 0x0000000704800000| Untracked 
|  31|0x0000000704a00000, 0x0000000704c00000, 0x0000000704c00000|100%| O|  |TAMS 0x0000000704c00000, 0x0000000704a00000| Untracked 
|  32|0x0000000704c00000, 0x0000000704e00000, 0x0000000704e00000|100%| O|  |TAMS 0x0000000704e00000, 0x0000000704c00000| Untracked 
|  33|0x0000000704e00000, 0x0000000705000000, 0x0000000705000000|100%| O|  |TAMS 0x0000000705000000, 0x0000000704e00000| Untracked 
|  34|0x0000000705000000, 0x0000000705200000, 0x0000000705200000|100%| O|  |TAMS 0x0000000705200000, 0x0000000705000000| Untracked 
|  35|0x0000000705200000, 0x0000000705400000, 0x0000000705400000|100%| O|  |TAMS 0x0000000705400000, 0x0000000705200000| Untracked 
|  36|0x0000000705400000, 0x0000000705600000, 0x0000000705600000|100%| O|  |TAMS 0x0000000705600000, 0x0000000705400000| Untracked 
|  37|0x0000000705600000, 0x0000000705800000, 0x0000000705800000|100%| O|  |TAMS 0x0000000705800000, 0x0000000705600000| Untracked 
|  38|0x0000000705800000, 0x0000000705a00000, 0x0000000705a00000|100%| O|  |TAMS 0x0000000705a00000, 0x0000000705800000| Untracked 
|  39|0x0000000705a00000, 0x0000000705c00000, 0x0000000705c00000|100%| O|  |TAMS 0x0000000705c00000, 0x0000000705a00000| Untracked 
|  40|0x0000000705c00000, 0x0000000705e00000, 0x0000000705e00000|100%| O|  |TAMS 0x0000000705e00000, 0x0000000705c00000| Untracked 
|  41|0x0000000705e00000, 0x0000000706000000, 0x0000000706000000|100%|HS|  |TAMS 0x0000000706000000, 0x0000000705e00000| Complete 
|  42|0x0000000706000000, 0x0000000706200000, 0x0000000706200000|100%|HC|  |TAMS 0x0000000706200000, 0x0000000706000000| Complete 
|  43|0x0000000706200000, 0x0000000706400000, 0x0000000706400000|100%|HC|  |TAMS 0x0000000706400000, 0x0000000706200000| Complete 
|  44|0x0000000706400000, 0x0000000706600000, 0x0000000706600000|100%|HC|  |TAMS 0x0000000706600000, 0x0000000706400000| Complete 
|  45|0x0000000706600000, 0x0000000706800000, 0x0000000706800000|100%|HC|  |TAMS 0x0000000706800000, 0x0000000706600000| Complete 
|  46|0x0000000706800000, 0x0000000706a00000, 0x0000000706a00000|100%|HC|  |TAMS 0x0000000706a00000, 0x0000000706800000| Complete 
|  47|0x0000000706a00000, 0x0000000706c00000, 0x0000000706c00000|100%| O|  |TAMS 0x0000000706c00000, 0x0000000706a00000| Untracked 
|  48|0x0000000706c00000, 0x0000000706e00000, 0x0000000706e00000|100%| O|  |TAMS 0x0000000706e00000, 0x0000000706c00000| Untracked 
|  49|0x0000000706e00000, 0x0000000707000000, 0x0000000707000000|100%| O|  |TAMS 0x0000000707000000, 0x0000000706e00000| Untracked 
|  50|0x0000000707000000, 0x0000000707200000, 0x0000000707200000|100%| O|  |TAMS 0x0000000707200000, 0x0000000707000000| Untracked 
|  51|0x0000000707200000, 0x0000000707400000, 0x0000000707400000|100%| O|  |TAMS 0x0000000707400000, 0x0000000707200000| Untracked 
|  52|0x0000000707400000, 0x0000000707600000, 0x0000000707600000|100%| O|  |TAMS 0x0000000707600000, 0x0000000707400000| Untracked 
|  53|0x0000000707600000, 0x0000000707800000, 0x0000000707800000|100%| O|  |TAMS 0x0000000707800000, 0x0000000707600000| Untracked 
|  54|0x0000000707800000, 0x0000000707a00000, 0x0000000707a00000|100%| O|  |TAMS 0x0000000707a00000, 0x0000000707800000| Untracked 
|  55|0x0000000707a00000, 0x0000000707c00000, 0x0000000707c00000|100%| O|  |TAMS 0x0000000707c00000, 0x0000000707a00000| Untracked 
|  56|0x0000000707c00000, 0x0000000707e00000, 0x0000000707e00000|100%| O|  |TAMS 0x0000000707e00000, 0x0000000707c00000| Untracked 
|  57|0x0000000707e00000, 0x0000000708000000, 0x0000000708000000|100%| O|  |TAMS 0x0000000708000000, 0x0000000707e00000| Untracked 
|  58|0x0000000708000000, 0x0000000708200000, 0x0000000708200000|100%| O|  |TAMS 0x0000000708200000, 0x0000000708000000| Untracked 
|  59|0x0000000708200000, 0x0000000708400000, 0x0000000708400000|100%| O|  |TAMS 0x0000000708400000, 0x0000000708200000| Untracked 
|  60|0x0000000708400000, 0x0000000708600000, 0x0000000708600000|100%| O|  |TAMS 0x0000000708600000, 0x0000000708400000| Untracked 
|  61|0x0000000708600000, 0x0000000708800000, 0x0000000708800000|100%| O|  |TAMS 0x0000000708800000, 0x0000000708600000| Untracked 
|  62|0x0000000708800000, 0x0000000708a00000, 0x0000000708a00000|100%| O|  |TAMS 0x0000000708a00000, 0x0000000708800000| Untracked 
|  63|0x0000000708a00000, 0x0000000708c00000, 0x0000000708c00000|100%| O|  |TAMS 0x0000000708c00000, 0x0000000708a00000| Untracked 
|  64|0x0000000708c00000, 0x0000000708e00000, 0x0000000708e00000|100%| O|  |TAMS 0x0000000708e00000, 0x0000000708c00000| Untracked 
|  65|0x0000000708e00000, 0x0000000709000000, 0x0000000709000000|100%| O|  |TAMS 0x0000000709000000, 0x0000000708e00000| Untracked 
|  66|0x0000000709000000, 0x0000000709200000, 0x0000000709200000|100%| O|  |TAMS 0x0000000709200000, 0x0000000709000000| Untracked 
|  67|0x0000000709200000, 0x0000000709400000, 0x0000000709400000|100%| O|  |TAMS 0x0000000709400000, 0x0000000709200000| Untracked 
|  68|0x0000000709400000, 0x0000000709600000, 0x0000000709600000|100%| O|  |TAMS 0x0000000709600000, 0x0000000709400000| Untracked 
|  69|0x0000000709600000, 0x0000000709800000, 0x0000000709800000|100%| O|  |TAMS 0x0000000709800000, 0x0000000709600000| Untracked 
|  70|0x0000000709800000, 0x0000000709a00000, 0x0000000709a00000|100%| O|  |TAMS 0x0000000709a00000, 0x0000000709800000| Untracked 
|  71|0x0000000709a00000, 0x0000000709c00000, 0x0000000709c00000|100%| O|  |TAMS 0x0000000709c00000, 0x0000000709a00000| Untracked 
|  72|0x0000000709c00000, 0x0000000709e00000, 0x0000000709e00000|100%| O|  |TAMS 0x0000000709e00000, 0x0000000709c00000| Untracked 
|  73|0x0000000709e00000, 0x000000070a000000, 0x000000070a000000|100%| O|  |TAMS 0x000000070a000000, 0x0000000709e00000| Untracked 
|  74|0x000000070a000000, 0x000000070a200000, 0x000000070a200000|100%| O|  |TAMS 0x000000070a200000, 0x000000070a000000| Untracked 
|  75|0x000000070a200000, 0x000000070a400000, 0x000000070a400000|100%| O|  |TAMS 0x000000070a400000, 0x000000070a200000| Untracked 
|  76|0x000000070a400000, 0x000000070a600000, 0x000000070a600000|100%| O|  |TAMS 0x000000070a600000, 0x000000070a400000| Untracked 
|  77|0x000000070a600000, 0x000000070a800000, 0x000000070a800000|100%| O|  |TAMS 0x000000070a800000, 0x000000070a600000| Untracked 
|  78|0x000000070a800000, 0x000000070aa00000, 0x000000070aa00000|100%| O|  |TAMS 0x000000070aa00000, 0x000000070a800000| Untracked 
|  79|0x000000070aa00000, 0x000000070ac00000, 0x000000070ac00000|100%| O|  |TAMS 0x000000070ac00000, 0x000000070aa00000| Untracked 
|  80|0x000000070ac00000, 0x000000070ae00000, 0x000000070ae00000|100%| O|  |TAMS 0x000000070ae00000, 0x000000070ac00000| Untracked 
|  81|0x000000070ae00000, 0x000000070b000000, 0x000000070b000000|100%| O|  |TAMS 0x000000070b000000, 0x000000070ae00000| Untracked 
|  82|0x000000070b000000, 0x000000070b200000, 0x000000070b200000|100%| O|  |TAMS 0x000000070b200000, 0x000000070b000000| Untracked 
|  83|0x000000070b200000, 0x000000070b400000, 0x000000070b400000|100%| O|  |TAMS 0x000000070b400000, 0x000000070b200000| Untracked 
|  84|0x000000070b400000, 0x000000070b600000, 0x000000070b600000|100%| O|  |TAMS 0x000000070b600000, 0x000000070b400000| Untracked 
|  85|0x000000070b600000, 0x000000070b800000, 0x000000070b800000|100%| O|  |TAMS 0x000000070b800000, 0x000000070b600000| Untracked 
|  86|0x000000070b800000, 0x000000070ba00000, 0x000000070ba00000|100%| O|  |TAMS 0x000000070ba00000, 0x000000070b800000| Untracked 
|  87|0x000000070ba00000, 0x000000070bc00000, 0x000000070bc00000|100%| O|  |TAMS 0x000000070bc00000, 0x000000070ba00000| Untracked 
|  88|0x000000070bc00000, 0x000000070be00000, 0x000000070be00000|100%| O|  |TAMS 0x000000070be00000, 0x000000070bc00000| Untracked 
|  89|0x000000070be00000, 0x000000070c000000, 0x000000070c000000|100%| O|  |TAMS 0x000000070c000000, 0x000000070be00000| Untracked 
|  90|0x000000070c000000, 0x000000070c200000, 0x000000070c200000|100%| O|  |TAMS 0x000000070c200000, 0x000000070c000000| Untracked 
|  91|0x000000070c200000, 0x000000070c400000, 0x000000070c400000|100%| O|  |TAMS 0x000000070c400000, 0x000000070c200000| Untracked 
|  92|0x000000070c400000, 0x000000070c600000, 0x000000070c600000|100%| O|  |TAMS 0x000000070c600000, 0x000000070c400000| Untracked 
|  93|0x000000070c600000, 0x000000070c800000, 0x000000070c800000|100%| O|  |TAMS 0x000000070c800000, 0x000000070c600000| Untracked 
|  94|0x000000070c800000, 0x000000070ca00000, 0x000000070ca00000|100%| O|  |TAMS 0x000000070ca00000, 0x000000070c800000| Untracked 
|  95|0x000000070ca00000, 0x000000070cc00000, 0x000000070cc00000|100%| O|  |TAMS 0x000000070cc00000, 0x000000070ca00000| Untracked 
|  96|0x000000070cc00000, 0x000000070ce00000, 0x000000070ce00000|100%| O|  |TAMS 0x000000070ce00000, 0x000000070cc00000| Untracked 
|  97|0x000000070ce00000, 0x000000070d000000, 0x000000070d000000|100%| O|  |TAMS 0x000000070d000000, 0x000000070ce00000| Untracked 
|  98|0x000000070d000000, 0x000000070d200000, 0x000000070d200000|100%| O|  |TAMS 0x000000070d200000, 0x000000070d000000| Untracked 
|  99|0x000000070d200000, 0x000000070d400000, 0x000000070d400000|100%| O|  |TAMS 0x000000070d400000, 0x000000070d200000| Untracked 
| 100|0x000000070d400000, 0x000000070d600000, 0x000000070d600000|100%| O|  |TAMS 0x000000070d600000, 0x000000070d400000| Untracked 
| 101|0x000000070d600000, 0x000000070d800000, 0x000000070d800000|100%| O|  |TAMS 0x000000070d800000, 0x000000070d600000| Untracked 
| 102|0x000000070d800000, 0x000000070da00000, 0x000000070da00000|100%| O|  |TAMS 0x000000070da00000, 0x000000070d800000| Untracked 
| 103|0x000000070da00000, 0x000000070dc00000, 0x000000070dc00000|100%| O|  |TAMS 0x000000070dc00000, 0x000000070da00000| Untracked 
| 104|0x000000070dc00000, 0x000000070de00000, 0x000000070de00000|100%| O|  |TAMS 0x000000070de00000, 0x000000070dc00000| Untracked 
| 105|0x000000070de00000, 0x000000070e000000, 0x000000070e000000|100%| O|  |TAMS 0x000000070e000000, 0x000000070de00000| Untracked 
| 106|0x000000070e000000, 0x000000070e200000, 0x000000070e200000|100%| O|  |TAMS 0x000000070e200000, 0x000000070e000000| Untracked 
| 107|0x000000070e200000, 0x000000070e400000, 0x000000070e400000|100%| O|  |TAMS 0x000000070e400000, 0x000000070e200000| Untracked 
| 108|0x000000070e400000, 0x000000070e600000, 0x000000070e600000|100%| O|  |TAMS 0x000000070e600000, 0x000000070e400000| Untracked 
| 109|0x000000070e600000, 0x000000070e800000, 0x000000070e800000|100%| O|  |TAMS 0x000000070e800000, 0x000000070e600000| Untracked 
| 110|0x000000070e800000, 0x000000070ea00000, 0x000000070ea00000|100%| O|  |TAMS 0x000000070ea00000, 0x000000070e800000| Untracked 
| 111|0x000000070ea00000, 0x000000070ec00000, 0x000000070ec00000|100%| O|  |TAMS 0x000000070ec00000, 0x000000070ea00000| Untracked 
| 112|0x000000070ec00000, 0x000000070ee00000, 0x000000070ee00000|100%| O|  |TAMS 0x000000070ee00000, 0x000000070ec00000| Untracked 
| 113|0x000000070ee00000, 0x000000070f000000, 0x000000070f000000|100%| O|  |TAMS 0x000000070f000000, 0x000000070ee00000| Untracked 
| 114|0x000000070f000000, 0x000000070f200000, 0x000000070f200000|100%| O|  |TAMS 0x000000070f200000, 0x000000070f000000| Untracked 
| 115|0x000000070f200000, 0x000000070f400000, 0x000000070f400000|100%| O|  |TAMS 0x000000070f400000, 0x000000070f200000| Untracked 
| 116|0x000000070f400000, 0x000000070f600000, 0x000000070f600000|100%| O|  |TAMS 0x000000070f600000, 0x000000070f400000| Untracked 
| 117|0x000000070f600000, 0x000000070f800000, 0x000000070f800000|100%| O|  |TAMS 0x000000070f800000, 0x000000070f600000| Untracked 
| 118|0x000000070f800000, 0x000000070fa00000, 0x000000070fa00000|100%| O|  |TAMS 0x000000070fa00000, 0x000000070f800000| Untracked 
| 119|0x000000070fa00000, 0x000000070fc00000, 0x000000070fc00000|100%| O|  |TAMS 0x000000070fc00000, 0x000000070fa00000| Untracked 
| 120|0x000000070fc00000, 0x000000070fe00000, 0x000000070fe00000|100%| O|  |TAMS 0x000000070fe00000, 0x000000070fc00000| Untracked 
| 121|0x000000070fe00000, 0x0000000710000000, 0x0000000710000000|100%| O|  |TAMS 0x0000000710000000, 0x000000070fe00000| Untracked 
| 122|0x0000000710000000, 0x0000000710200000, 0x0000000710200000|100%| O|  |TAMS 0x0000000710200000, 0x0000000710000000| Untracked 
| 123|0x0000000710200000, 0x0000000710400000, 0x0000000710400000|100%| O|  |TAMS 0x0000000710400000, 0x0000000710200000| Untracked 
| 124|0x0000000710400000, 0x0000000710600000, 0x0000000710600000|100%| O|  |TAMS 0x0000000710600000, 0x0000000710400000| Untracked 
| 125|0x0000000710600000, 0x0000000710800000, 0x0000000710800000|100%| O|  |TAMS 0x0000000710800000, 0x0000000710600000| Untracked 
| 126|0x0000000710800000, 0x0000000710a00000, 0x0000000710a00000|100%| O|  |TAMS 0x0000000710a00000, 0x0000000710800000| Untracked 
| 127|0x0000000710a00000, 0x0000000710c00000, 0x0000000710c00000|100%| O|  |TAMS 0x0000000710c00000, 0x0000000710a00000| Untracked 
| 128|0x0000000710c00000, 0x0000000710e00000, 0x0000000710e00000|100%| O|  |TAMS 0x0000000710e00000, 0x0000000710c00000| Untracked 
| 129|0x0000000710e00000, 0x0000000711000000, 0x0000000711000000|100%| O|  |TAMS 0x0000000711000000, 0x0000000710e00000| Untracked 
| 130|0x0000000711000000, 0x0000000711200000, 0x0000000711200000|100%| O|  |TAMS 0x0000000711200000, 0x0000000711000000| Untracked 
| 131|0x0000000711200000, 0x0000000711400000, 0x0000000711400000|100%| O|  |TAMS 0x0000000711400000, 0x0000000711200000| Untracked 
| 132|0x0000000711400000, 0x0000000711600000, 0x0000000711600000|100%| O|  |TAMS 0x0000000711600000, 0x0000000711400000| Untracked 
| 133|0x0000000711600000, 0x0000000711800000, 0x0000000711800000|100%| O|  |TAMS 0x0000000711800000, 0x0000000711600000| Untracked 
| 134|0x0000000711800000, 0x0000000711a00000, 0x0000000711a00000|100%| O|  |TAMS 0x0000000711a00000, 0x0000000711800000| Untracked 
| 135|0x0000000711a00000, 0x0000000711c00000, 0x0000000711c00000|100%| O|  |TAMS 0x0000000711c00000, 0x0000000711a00000| Untracked 
| 136|0x0000000711c00000, 0x0000000711e00000, 0x0000000711e00000|100%| O|  |TAMS 0x0000000711e00000, 0x0000000711c00000| Untracked 
| 137|0x0000000711e00000, 0x0000000712000000, 0x0000000712000000|100%| O|  |TAMS 0x0000000712000000, 0x0000000711e00000| Untracked 
| 138|0x0000000712000000, 0x0000000712200000, 0x0000000712200000|100%| O|  |TAMS 0x0000000712200000, 0x0000000712000000| Untracked 
| 139|0x0000000712200000, 0x0000000712400000, 0x0000000712400000|100%| O|  |TAMS 0x0000000712400000, 0x0000000712200000| Untracked 
| 140|0x0000000712400000, 0x0000000712600000, 0x0000000712600000|100%| O|  |TAMS 0x0000000712600000, 0x0000000712400000| Untracked 
| 141|0x0000000712600000, 0x0000000712800000, 0x0000000712800000|100%| O|  |TAMS 0x0000000712800000, 0x0000000712600000| Untracked 
| 142|0x0000000712800000, 0x0000000712a00000, 0x0000000712a00000|100%| O|  |TAMS 0x0000000712a00000, 0x0000000712800000| Complete 
| 143|0x0000000712a00000, 0x0000000712c00000, 0x0000000712c00000|100%| O|  |TAMS 0x0000000712c00000, 0x0000000712a00000| Complete 
| 144|0x0000000712c00000, 0x0000000712e00000, 0x0000000712e00000|100%| O|  |TAMS 0x0000000712e00000, 0x0000000712c00000| Untracked 
| 145|0x0000000712e00000, 0x0000000713000000, 0x0000000713000000|100%| O|  |TAMS 0x0000000713000000, 0x0000000712e00000| Untracked 
| 146|0x0000000713000000, 0x0000000713200000, 0x0000000713200000|100%| O|  |TAMS 0x0000000713200000, 0x0000000713000000| Untracked 
| 147|0x0000000713200000, 0x0000000713400000, 0x0000000713400000|100%| O|  |TAMS 0x0000000713400000, 0x0000000713200000| Untracked 
| 148|0x0000000713400000, 0x0000000713600000, 0x0000000713600000|100%| O|  |TAMS 0x0000000713600000, 0x0000000713400000| Complete 
| 149|0x0000000713600000, 0x0000000713600000, 0x0000000713800000|  0%| F|  |TAMS 0x0000000713600000, 0x0000000713600000| Untracked 
| 150|0x0000000713800000, 0x0000000713a00000, 0x0000000713a00000|100%| O|  |TAMS 0x0000000713a00000, 0x0000000713800000| Complete 
| 151|0x0000000713a00000, 0x0000000713c00000, 0x0000000713c00000|100%| O|  |TAMS 0x0000000713c00000, 0x0000000713a00000| Complete 
| 152|0x0000000713c00000, 0x0000000713e00000, 0x0000000713e00000|100%| O|  |TAMS 0x0000000713e00000, 0x0000000713c00000| Complete 
| 153|0x0000000713e00000, 0x0000000714000000, 0x0000000714000000|100%| O|  |TAMS 0x0000000714000000, 0x0000000713e00000| Complete 
| 154|0x0000000714000000, 0x0000000714200000, 0x0000000714200000|100%| O|  |TAMS 0x0000000714200000, 0x0000000714000000| Complete 
| 155|0x0000000714200000, 0x0000000714400000, 0x0000000714400000|100%| O|  |TAMS 0x0000000714400000, 0x0000000714200000| Untracked 
| 156|0x0000000714400000, 0x0000000714600000, 0x0000000714600000|100%| O|  |TAMS 0x0000000714600000, 0x0000000714400000| Complete 
| 157|0x0000000714600000, 0x0000000714800000, 0x0000000714800000|100%| O|  |TAMS 0x0000000714800000, 0x0000000714600000| Complete 
| 158|0x0000000714800000, 0x0000000714a00000, 0x0000000714a00000|100%| O|  |TAMS 0x0000000714a00000, 0x0000000714800000| Complete 
| 159|0x0000000714a00000, 0x0000000714c00000, 0x0000000714c00000|100%| O|  |TAMS 0x0000000714c00000, 0x0000000714a00000| Complete 
| 160|0x0000000714c00000, 0x0000000714c00000, 0x0000000714e00000|  0%| F|  |TAMS 0x0000000714c00000, 0x0000000714c00000| Untracked 
| 161|0x0000000714e00000, 0x0000000715000000, 0x0000000715000000|100%| O|  |TAMS 0x0000000715000000, 0x0000000714e00000| Complete 
| 162|0x0000000715000000, 0x0000000715200000, 0x0000000715200000|100%| O|  |TAMS 0x0000000715200000, 0x0000000715000000| Complete 
| 163|0x0000000715200000, 0x0000000715200000, 0x0000000715400000|  0%| F|  |TAMS 0x0000000715200000, 0x0000000715200000| Untracked 
| 164|0x0000000715400000, 0x0000000715600000, 0x0000000715600000|100%| O|  |TAMS 0x0000000715600000, 0x0000000715400000| Complete 
| 165|0x0000000715600000, 0x0000000715600000, 0x0000000715800000|  0%| F|  |TAMS 0x0000000715600000, 0x0000000715600000| Untracked 
| 166|0x0000000715800000, 0x0000000715800000, 0x0000000715a00000|  0%| F|  |TAMS 0x0000000715800000, 0x0000000715800000| Untracked 
| 167|0x0000000715a00000, 0x0000000715a00000, 0x0000000715c00000|  0%| F|  |TAMS 0x0000000715a00000, 0x0000000715a00000| Untracked 
| 168|0x0000000715c00000, 0x0000000715e00000, 0x0000000715e00000|100%| O|  |TAMS 0x0000000715e00000, 0x0000000715c00000| Complete 
| 169|0x0000000715e00000, 0x0000000716000000, 0x0000000716000000|100%| O|  |TAMS 0x0000000716000000, 0x0000000715e00000| Complete 
| 170|0x0000000716000000, 0x0000000716200000, 0x0000000716200000|100%| O|  |TAMS 0x0000000716200000, 0x0000000716000000| Complete 
| 171|0x0000000716200000, 0x0000000716400000, 0x0000000716400000|100%| O|  |TAMS 0x0000000716400000, 0x0000000716200000| Complete 
| 172|0x0000000716400000, 0x0000000716600000, 0x0000000716600000|100%| O|  |TAMS 0x0000000716600000, 0x0000000716400000| Complete 
| 173|0x0000000716600000, 0x0000000716800000, 0x0000000716800000|100%| O|  |TAMS 0x0000000716800000, 0x0000000716600000| Complete 
| 174|0x0000000716800000, 0x0000000716a00000, 0x0000000716a00000|100%| O|  |TAMS 0x0000000716a00000, 0x0000000716800000| Complete 
| 175|0x0000000716a00000, 0x0000000716c00000, 0x0000000716c00000|100%| O|  |TAMS 0x0000000716c00000, 0x0000000716a00000| Complete 
| 176|0x0000000716c00000, 0x0000000716e00000, 0x0000000716e00000|100%| O|  |TAMS 0x0000000716e00000, 0x0000000716c00000| Complete 
| 177|0x0000000716e00000, 0x0000000717000000, 0x0000000717000000|100%| O|  |TAMS 0x0000000717000000, 0x0000000716e00000| Complete 
| 178|0x0000000717000000, 0x0000000717200000, 0x0000000717200000|100%| O|  |TAMS 0x0000000717200000, 0x0000000717000000| Complete 
| 179|0x0000000717200000, 0x0000000717400000, 0x0000000717400000|100%| O|  |TAMS 0x0000000717400000, 0x0000000717200000| Complete 
| 180|0x0000000717400000, 0x0000000717600000, 0x0000000717600000|100%| O|  |TAMS 0x0000000717600000, 0x0000000717400000| Untracked 
| 181|0x0000000717600000, 0x0000000717800000, 0x0000000717800000|100%| O|  |TAMS 0x0000000717800000, 0x0000000717600000| Complete 
| 182|0x0000000717800000, 0x0000000717a00000, 0x0000000717a00000|100%| O|  |TAMS 0x0000000717a00000, 0x0000000717800000| Untracked 
| 183|0x0000000717a00000, 0x0000000717c00000, 0x0000000717c00000|100%| O|  |TAMS 0x0000000717c00000, 0x0000000717a00000| Complete 
| 184|0x0000000717c00000, 0x0000000717e00000, 0x0000000717e00000|100%| O|  |TAMS 0x0000000717e00000, 0x0000000717c00000| Complete 
| 185|0x0000000717e00000, 0x0000000718000000, 0x0000000718000000|100%| O|  |TAMS 0x0000000718000000, 0x0000000717e00000| Complete 
| 186|0x0000000718000000, 0x0000000718200000, 0x0000000718200000|100%| O|  |TAMS 0x0000000718200000, 0x0000000718000000| Untracked 
| 187|0x0000000718200000, 0x0000000718400000, 0x0000000718400000|100%| O|  |TAMS 0x0000000718400000, 0x0000000718200000| Complete 
| 188|0x0000000718400000, 0x0000000718600000, 0x0000000718600000|100%| O|  |TAMS 0x0000000718600000, 0x0000000718400000| Complete 
| 189|0x0000000718600000, 0x0000000718800000, 0x0000000718800000|100%| O|  |TAMS 0x0000000718800000, 0x0000000718600000| Complete 
| 190|0x0000000718800000, 0x0000000718a00000, 0x0000000718a00000|100%| O|  |TAMS 0x0000000718a00000, 0x0000000718800000| Complete 
| 191|0x0000000718a00000, 0x0000000718c00000, 0x0000000718c00000|100%| O|  |TAMS 0x0000000718c00000, 0x0000000718a00000| Complete 
| 192|0x0000000718c00000, 0x0000000718e00000, 0x0000000718e00000|100%| O|  |TAMS 0x0000000718e00000, 0x0000000718c00000| Complete 
| 193|0x0000000718e00000, 0x0000000719000000, 0x0000000719000000|100%| O|  |TAMS 0x0000000719000000, 0x0000000718e00000| Complete 
| 194|0x0000000719000000, 0x0000000719200000, 0x0000000719200000|100%| O|  |TAMS 0x0000000719200000, 0x0000000719000000| Untracked 
| 195|0x0000000719200000, 0x0000000719400000, 0x0000000719400000|100%| O|  |TAMS 0x0000000719400000, 0x0000000719200000| Untracked 
| 196|0x0000000719400000, 0x0000000719600000, 0x0000000719600000|100%| O|  |TAMS 0x0000000719600000, 0x0000000719400000| Untracked 
| 197|0x0000000719600000, 0x0000000719800000, 0x0000000719800000|100%| O|  |TAMS 0x0000000719800000, 0x0000000719600000| Untracked 
| 198|0x0000000719800000, 0x0000000719a00000, 0x0000000719a00000|100%| O|  |TAMS 0x0000000719a00000, 0x0000000719800000| Untracked 
| 199|0x0000000719a00000, 0x0000000719c00000, 0x0000000719c00000|100%| O|  |TAMS 0x0000000719c00000, 0x0000000719a00000| Untracked 
| 200|0x0000000719c00000, 0x0000000719e00000, 0x0000000719e00000|100%| O|  |TAMS 0x0000000719e00000, 0x0000000719c00000| Untracked 
| 201|0x0000000719e00000, 0x000000071a000000, 0x000000071a000000|100%| O|  |TAMS 0x000000071a000000, 0x0000000719e00000| Untracked 
| 202|0x000000071a000000, 0x000000071a200000, 0x000000071a200000|100%| O|  |TAMS 0x000000071a200000, 0x000000071a000000| Untracked 
| 203|0x000000071a200000, 0x000000071a400000, 0x000000071a400000|100%| O|  |TAMS 0x000000071a400000, 0x000000071a200000| Untracked 
| 204|0x000000071a400000, 0x000000071a600000, 0x000000071a600000|100%| O|  |TAMS 0x000000071a600000, 0x000000071a400000| Untracked 
| 205|0x000000071a600000, 0x000000071a800000, 0x000000071a800000|100%| O|  |TAMS 0x000000071a800000, 0x000000071a600000| Complete 
| 206|0x000000071a800000, 0x000000071aa00000, 0x000000071aa00000|100%| O|  |TAMS 0x000000071aa00000, 0x000000071a800000| Complete 
| 207|0x000000071aa00000, 0x000000071ac00000, 0x000000071ac00000|100%| O|  |TAMS 0x000000071ac00000, 0x000000071aa00000| Complete 
| 208|0x000000071ac00000, 0x000000071ae00000, 0x000000071ae00000|100%| O|  |TAMS 0x000000071ae00000, 0x000000071ac00000| Complete 
| 209|0x000000071ae00000, 0x000000071b000000, 0x000000071b000000|100%| O|  |TAMS 0x000000071b000000, 0x000000071ae00000| Complete 
| 210|0x000000071b000000, 0x000000071b200000, 0x000000071b200000|100%| O|  |TAMS 0x000000071b200000, 0x000000071b000000| Complete 
| 211|0x000000071b200000, 0x000000071b400000, 0x000000071b400000|100%| O|  |TAMS 0x000000071b400000, 0x000000071b200000| Complete 
| 212|0x000000071b400000, 0x000000071b600000, 0x000000071b600000|100%| O|  |TAMS 0x000000071b600000, 0x000000071b400000| Complete 
| 213|0x000000071b600000, 0x000000071b800000, 0x000000071b800000|100%| O|  |TAMS 0x000000071b800000, 0x000000071b600000| Complete 
| 214|0x000000071b800000, 0x000000071ba00000, 0x000000071ba00000|100%| O|  |TAMS 0x000000071ba00000, 0x000000071b800000| Complete 
| 215|0x000000071ba00000, 0x000000071bc00000, 0x000000071bc00000|100%| O|  |TAMS 0x000000071bc00000, 0x000000071ba00000| Complete 
| 216|0x000000071bc00000, 0x000000071be00000, 0x000000071be00000|100%| O|  |TAMS 0x000000071be00000, 0x000000071bc00000| Complete 
| 217|0x000000071be00000, 0x000000071c000000, 0x000000071c000000|100%| O|  |TAMS 0x000000071c000000, 0x000000071be00000| Complete 
| 218|0x000000071c000000, 0x000000071c200000, 0x000000071c200000|100%| O|  |TAMS 0x000000071c200000, 0x000000071c000000| Complete 
| 219|0x000000071c200000, 0x000000071c400000, 0x000000071c400000|100%| O|  |TAMS 0x000000071c400000, 0x000000071c200000| Complete 
| 220|0x000000071c400000, 0x000000071c600000, 0x000000071c600000|100%| O|  |TAMS 0x000000071c600000, 0x000000071c400000| Complete 
| 221|0x000000071c600000, 0x000000071c800000, 0x000000071c800000|100%| O|  |TAMS 0x000000071c800000, 0x000000071c600000| Complete 
| 222|0x000000071c800000, 0x000000071ca00000, 0x000000071ca00000|100%| O|  |TAMS 0x000000071ca00000, 0x000000071c800000| Complete 
| 223|0x000000071ca00000, 0x000000071cc00000, 0x000000071cc00000|100%| O|  |TAMS 0x000000071cc00000, 0x000000071ca00000| Complete 
| 224|0x000000071cc00000, 0x000000071ce00000, 0x000000071ce00000|100%| O|  |TAMS 0x000000071ce00000, 0x000000071cc00000| Complete 
| 225|0x000000071ce00000, 0x000000071d000000, 0x000000071d000000|100%| O|  |TAMS 0x000000071d000000, 0x000000071ce00000| Complete 
| 226|0x000000071d000000, 0x000000071d200000, 0x000000071d200000|100%| O|  |TAMS 0x000000071d200000, 0x000000071d000000| Complete 
| 227|0x000000071d200000, 0x000000071d400000, 0x000000071d400000|100%| O|  |TAMS 0x000000071d400000, 0x000000071d200000| Complete 
| 228|0x000000071d400000, 0x000000071d600000, 0x000000071d600000|100%| O|  |TAMS 0x000000071d600000, 0x000000071d400000| Complete 
| 229|0x000000071d600000, 0x000000071d800000, 0x000000071d800000|100%| O|  |TAMS 0x000000071d800000, 0x000000071d600000| Complete 
| 230|0x000000071d800000, 0x000000071da00000, 0x000000071da00000|100%| O|  |TAMS 0x000000071da00000, 0x000000071d800000| Complete 
| 231|0x000000071da00000, 0x000000071dc00000, 0x000000071dc00000|100%| O|  |TAMS 0x000000071dc00000, 0x000000071da00000| Complete 
| 232|0x000000071dc00000, 0x000000071de00000, 0x000000071de00000|100%| O|  |TAMS 0x000000071de00000, 0x000000071dc00000| Complete 
| 233|0x000000071de00000, 0x000000071e000000, 0x000000071e000000|100%| O|  |TAMS 0x000000071e000000, 0x000000071de00000| Complete 
| 234|0x000000071e000000, 0x000000071e200000, 0x000000071e200000|100%| O|  |TAMS 0x000000071e200000, 0x000000071e000000| Complete 
| 235|0x000000071e200000, 0x000000071e400000, 0x000000071e400000|100%| O|  |TAMS 0x000000071e400000, 0x000000071e200000| Complete 
| 236|0x000000071e400000, 0x000000071e600000, 0x000000071e600000|100%| O|  |TAMS 0x000000071e600000, 0x000000071e400000| Complete 
| 237|0x000000071e600000, 0x000000071e800000, 0x000000071e800000|100%| O|  |TAMS 0x000000071e800000, 0x000000071e600000| Complete 
| 238|0x000000071e800000, 0x000000071ea00000, 0x000000071ea00000|100%| O|  |TAMS 0x000000071ea00000, 0x000000071e800000| Complete 
| 239|0x000000071ea00000, 0x000000071ec00000, 0x000000071ec00000|100%| O|  |TAMS 0x000000071ec00000, 0x000000071ea00000| Complete 
| 240|0x000000071ec00000, 0x000000071ee00000, 0x000000071ee00000|100%| O|  |TAMS 0x000000071ee00000, 0x000000071ec00000| Complete 
| 241|0x000000071ee00000, 0x000000071f000000, 0x000000071f000000|100%| O|  |TAMS 0x000000071f000000, 0x000000071ee00000| Complete 
| 242|0x000000071f000000, 0x000000071f200000, 0x000000071f200000|100%| O|  |TAMS 0x000000071f200000, 0x000000071f000000| Complete 
| 243|0x000000071f200000, 0x000000071f400000, 0x000000071f400000|100%| O|  |TAMS 0x000000071f400000, 0x000000071f200000| Complete 
| 244|0x000000071f400000, 0x000000071f600000, 0x000000071f600000|100%| O|  |TAMS 0x000000071f600000, 0x000000071f400000| Complete 
| 245|0x000000071f600000, 0x000000071f800000, 0x000000071f800000|100%| O|  |TAMS 0x000000071f800000, 0x000000071f600000| Complete 
| 246|0x000000071f800000, 0x000000071fa00000, 0x000000071fa00000|100%| O|  |TAMS 0x000000071fa00000, 0x000000071f800000| Complete 
| 247|0x000000071fa00000, 0x000000071fc00000, 0x000000071fc00000|100%| O|  |TAMS 0x000000071fc00000, 0x000000071fa00000| Complete 
| 248|0x000000071fc00000, 0x000000071fe00000, 0x000000071fe00000|100%| O|  |TAMS 0x000000071fe00000, 0x000000071fc00000| Complete 
| 249|0x000000071fe00000, 0x0000000720000000, 0x0000000720000000|100%| O|  |TAMS 0x0000000720000000, 0x000000071fe00000| Complete 
| 250|0x0000000720000000, 0x0000000720200000, 0x0000000720200000|100%| O|  |TAMS 0x0000000720200000, 0x0000000720000000| Complete 
| 251|0x0000000720200000, 0x0000000720400000, 0x0000000720400000|100%| O|  |TAMS 0x0000000720400000, 0x0000000720200000| Complete 
| 252|0x0000000720400000, 0x0000000720600000, 0x0000000720600000|100%| O|  |TAMS 0x0000000720600000, 0x0000000720400000| Complete 
| 253|0x0000000720600000, 0x0000000720800000, 0x0000000720800000|100%| O|  |TAMS 0x0000000720800000, 0x0000000720600000| Complete 
| 254|0x0000000720800000, 0x0000000720a00000, 0x0000000720a00000|100%| O|  |TAMS 0x0000000720a00000, 0x0000000720800000| Complete 
| 255|0x0000000720a00000, 0x0000000720c00000, 0x0000000720c00000|100%| O|  |TAMS 0x0000000720c00000, 0x0000000720a00000| Complete 
| 256|0x0000000720c00000, 0x0000000720e00000, 0x0000000720e00000|100%| O|  |TAMS 0x0000000720e00000, 0x0000000720c00000| Complete 
| 257|0x0000000720e00000, 0x0000000721000000, 0x0000000721000000|100%| O|  |TAMS 0x0000000721000000, 0x0000000720e00000| Complete 
| 258|0x0000000721000000, 0x0000000721200000, 0x0000000721200000|100%| O|  |TAMS 0x0000000721200000, 0x0000000721000000| Untracked 
| 259|0x0000000721200000, 0x0000000721400000, 0x0000000721400000|100%| O|  |TAMS 0x0000000721400000, 0x0000000721200000| Untracked 
| 260|0x0000000721400000, 0x0000000721600000, 0x0000000721600000|100%| O|  |TAMS 0x0000000721600000, 0x0000000721400000| Complete 
| 261|0x0000000721600000, 0x0000000721800000, 0x0000000721800000|100%| O|  |TAMS 0x0000000721800000, 0x0000000721600000| Untracked 
| 262|0x0000000721800000, 0x0000000721a00000, 0x0000000721a00000|100%| O|  |TAMS 0x0000000721a00000, 0x0000000721800000| Untracked 
| 263|0x0000000721a00000, 0x0000000721c00000, 0x0000000721c00000|100%| O|  |TAMS 0x0000000721c00000, 0x0000000721a00000| Untracked 
| 264|0x0000000721c00000, 0x0000000721e00000, 0x0000000721e00000|100%| O|  |TAMS 0x0000000721e00000, 0x0000000721c00000| Complete 
| 265|0x0000000721e00000, 0x0000000722000000, 0x0000000722000000|100%| O|  |TAMS 0x0000000722000000, 0x0000000721e00000| Complete 
| 266|0x0000000722000000, 0x0000000722200000, 0x0000000722200000|100%| O|  |TAMS 0x0000000722200000, 0x0000000722000000| Untracked 
| 267|0x0000000722200000, 0x0000000722400000, 0x0000000722400000|100%| O|  |TAMS 0x0000000722400000, 0x0000000722200000| Untracked 
| 268|0x0000000722400000, 0x0000000722600000, 0x0000000722600000|100%| O|  |TAMS 0x0000000722600000, 0x0000000722400000| Complete 
| 269|0x0000000722600000, 0x0000000722800000, 0x0000000722800000|100%| O|  |TAMS 0x0000000722800000, 0x0000000722600000| Complete 
| 270|0x0000000722800000, 0x0000000722a00000, 0x0000000722a00000|100%| O|  |TAMS 0x0000000722a00000, 0x0000000722800000| Complete 
| 271|0x0000000722a00000, 0x0000000722c00000, 0x0000000722c00000|100%| O|  |TAMS 0x0000000722c00000, 0x0000000722a00000| Complete 
| 272|0x0000000722c00000, 0x0000000722e00000, 0x0000000722e00000|100%| O|  |TAMS 0x0000000722e00000, 0x0000000722c00000| Complete 
| 273|0x0000000722e00000, 0x0000000723000000, 0x0000000723000000|100%| O|  |TAMS 0x0000000723000000, 0x0000000722e00000| Complete 
| 274|0x0000000723000000, 0x0000000723200000, 0x0000000723200000|100%| O|  |TAMS 0x0000000723200000, 0x0000000723000000| Complete 
| 275|0x0000000723200000, 0x0000000723400000, 0x0000000723400000|100%| O|  |TAMS 0x0000000723400000, 0x0000000723200000| Complete 
| 276|0x0000000723400000, 0x0000000723600000, 0x0000000723600000|100%| O|  |TAMS 0x0000000723600000, 0x0000000723400000| Complete 
| 277|0x0000000723600000, 0x0000000723800000, 0x0000000723800000|100%| O|  |TAMS 0x0000000723800000, 0x0000000723600000| Complete 
| 278|0x0000000723800000, 0x0000000723a00000, 0x0000000723a00000|100%| O|  |TAMS 0x0000000723a00000, 0x0000000723800000| Complete 
| 279|0x0000000723a00000, 0x0000000723c00000, 0x0000000723c00000|100%| O|  |TAMS 0x0000000723c00000, 0x0000000723a00000| Complete 
| 280|0x0000000723c00000, 0x0000000723e00000, 0x0000000723e00000|100%| O|  |TAMS 0x0000000723e00000, 0x0000000723c00000| Complete 
| 281|0x0000000723e00000, 0x0000000724000000, 0x0000000724000000|100%| O|  |TAMS 0x0000000724000000, 0x0000000723e00000| Complete 
| 282|0x0000000724000000, 0x0000000724200000, 0x0000000724200000|100%| O|  |TAMS 0x0000000724200000, 0x0000000724000000| Complete 
| 283|0x0000000724200000, 0x0000000724400000, 0x0000000724400000|100%| O|  |TAMS 0x0000000724400000, 0x0000000724200000| Complete 
| 284|0x0000000724400000, 0x0000000724600000, 0x0000000724600000|100%| O|  |TAMS 0x0000000724600000, 0x0000000724400000| Complete 
| 285|0x0000000724600000, 0x0000000724800000, 0x0000000724800000|100%| O|  |TAMS 0x0000000724800000, 0x0000000724600000| Complete 
| 286|0x0000000724800000, 0x0000000724a00000, 0x0000000724a00000|100%| O|  |TAMS 0x0000000724a00000, 0x0000000724800000| Complete 
| 287|0x0000000724a00000, 0x0000000724c00000, 0x0000000724c00000|100%| O|  |TAMS 0x0000000724c00000, 0x0000000724a00000| Complete 
| 288|0x0000000724c00000, 0x0000000724e00000, 0x0000000724e00000|100%| O|  |TAMS 0x0000000724e00000, 0x0000000724c00000| Complete 
| 289|0x0000000724e00000, 0x0000000725000000, 0x0000000725000000|100%| O|  |TAMS 0x0000000725000000, 0x0000000724e00000| Complete 
| 290|0x0000000725000000, 0x0000000725200000, 0x0000000725200000|100%| O|  |TAMS 0x0000000725200000, 0x0000000725000000| Complete 
| 291|0x0000000725200000, 0x0000000725400000, 0x0000000725400000|100%| O|  |TAMS 0x0000000725400000, 0x0000000725200000| Complete 
| 292|0x0000000725400000, 0x0000000725600000, 0x0000000725600000|100%| O|  |TAMS 0x0000000725600000, 0x0000000725400000| Complete 
| 293|0x0000000725600000, 0x0000000725800000, 0x0000000725800000|100%| O|  |TAMS 0x0000000725800000, 0x0000000725600000| Complete 
| 294|0x0000000725800000, 0x0000000725a00000, 0x0000000725a00000|100%| O|  |TAMS 0x0000000725a00000, 0x0000000725800000| Complete 
| 295|0x0000000725a00000, 0x0000000725c00000, 0x0000000725c00000|100%| O|  |TAMS 0x0000000725c00000, 0x0000000725a00000| Complete 
| 296|0x0000000725c00000, 0x0000000725e00000, 0x0000000725e00000|100%| O|  |TAMS 0x0000000725e00000, 0x0000000725c00000| Untracked 
| 297|0x0000000725e00000, 0x0000000726000000, 0x0000000726000000|100%| O|  |TAMS 0x0000000726000000, 0x0000000725e00000| Untracked 
| 298|0x0000000726000000, 0x0000000726200000, 0x0000000726200000|100%| O|  |TAMS 0x0000000726200000, 0x0000000726000000| Untracked 
| 299|0x0000000726200000, 0x0000000726400000, 0x0000000726400000|100%| O|  |TAMS 0x0000000726400000, 0x0000000726200000| Untracked 
| 300|0x0000000726400000, 0x0000000726600000, 0x0000000726600000|100%| O|  |TAMS 0x0000000726600000, 0x0000000726400000| Untracked 
| 301|0x0000000726600000, 0x0000000726800000, 0x0000000726800000|100%| O|  |TAMS 0x0000000726800000, 0x0000000726600000| Untracked 
| 302|0x0000000726800000, 0x0000000726a00000, 0x0000000726a00000|100%| O|  |TAMS 0x0000000726a00000, 0x0000000726800000| Untracked 
| 303|0x0000000726a00000, 0x0000000726c00000, 0x0000000726c00000|100%| O|  |TAMS 0x0000000726c00000, 0x0000000726a00000| Untracked 
| 304|0x0000000726c00000, 0x0000000726e00000, 0x0000000726e00000|100%| O|  |TAMS 0x0000000726e00000, 0x0000000726c00000| Untracked 
| 305|0x0000000726e00000, 0x0000000727000000, 0x0000000727000000|100%| O|  |TAMS 0x0000000727000000, 0x0000000726e00000| Untracked 
| 306|0x0000000727000000, 0x0000000727200000, 0x0000000727200000|100%| O|  |TAMS 0x0000000727200000, 0x0000000727000000| Complete 
| 307|0x0000000727200000, 0x0000000727400000, 0x0000000727400000|100%| O|  |TAMS 0x0000000727400000, 0x0000000727200000| Complete 
| 308|0x0000000727400000, 0x0000000727600000, 0x0000000727600000|100%| O|  |TAMS 0x0000000727600000, 0x0000000727400000| Untracked 
| 309|0x0000000727600000, 0x0000000727800000, 0x0000000727800000|100%| O|  |TAMS 0x0000000727800000, 0x0000000727600000| Untracked 
| 310|0x0000000727800000, 0x0000000727a00000, 0x0000000727a00000|100%| O|  |TAMS 0x0000000727a00000, 0x0000000727800000| Untracked 
| 311|0x0000000727a00000, 0x0000000727c00000, 0x0000000727c00000|100%| O|  |TAMS 0x0000000727c00000, 0x0000000727a00000| Complete 
| 312|0x0000000727c00000, 0x0000000727e00000, 0x0000000727e00000|100%| O|  |TAMS 0x0000000727e00000, 0x0000000727c00000| Untracked 
| 313|0x0000000727e00000, 0x0000000728000000, 0x0000000728000000|100%| O|  |TAMS 0x0000000728000000, 0x0000000727e00000| Complete 
| 314|0x0000000728000000, 0x0000000728200000, 0x0000000728200000|100%| O|  |TAMS 0x0000000728200000, 0x0000000728000000| Complete 
| 315|0x0000000728200000, 0x0000000728400000, 0x0000000728400000|100%| O|  |TAMS 0x0000000728400000, 0x0000000728200000| Untracked 
| 316|0x0000000728400000, 0x0000000728600000, 0x0000000728600000|100%| O|  |TAMS 0x0000000728600000, 0x0000000728400000| Complete 
| 317|0x0000000728600000, 0x0000000728800000, 0x0000000728800000|100%| O|  |TAMS 0x0000000728800000, 0x0000000728600000| Untracked 
| 318|0x0000000728800000, 0x0000000728a00000, 0x0000000728a00000|100%| O|  |TAMS 0x0000000728a00000, 0x0000000728800000| Complete 
| 319|0x0000000728a00000, 0x0000000728c00000, 0x0000000728c00000|100%| O|  |TAMS 0x0000000728c00000, 0x0000000728a00000| Complete 
| 320|0x0000000728c00000, 0x0000000728e00000, 0x0000000728e00000|100%| O|  |TAMS 0x0000000728e00000, 0x0000000728c00000| Complete 
| 321|0x0000000728e00000, 0x0000000729000000, 0x0000000729000000|100%| O|  |TAMS 0x0000000729000000, 0x0000000728e00000| Complete 
| 322|0x0000000729000000, 0x0000000729200000, 0x0000000729200000|100%| O|  |TAMS 0x0000000729200000, 0x0000000729000000| Complete 
| 323|0x0000000729200000, 0x0000000729400000, 0x0000000729400000|100%| O|  |TAMS 0x0000000729400000, 0x0000000729200000| Complete 
| 324|0x0000000729400000, 0x0000000729600000, 0x0000000729600000|100%| O|  |TAMS 0x0000000729600000, 0x0000000729400000| Complete 
| 325|0x0000000729600000, 0x0000000729800000, 0x0000000729800000|100%| O|  |TAMS 0x0000000729800000, 0x0000000729600000| Complete 
| 326|0x0000000729800000, 0x0000000729a00000, 0x0000000729a00000|100%| O|  |TAMS 0x0000000729a00000, 0x0000000729800000| Complete 
| 327|0x0000000729a00000, 0x0000000729c00000, 0x0000000729c00000|100%| O|  |TAMS 0x0000000729c00000, 0x0000000729a00000| Complete 
| 328|0x0000000729c00000, 0x0000000729e00000, 0x0000000729e00000|100%| O|  |TAMS 0x0000000729e00000, 0x0000000729c00000| Complete 
| 329|0x0000000729e00000, 0x000000072a000000, 0x000000072a000000|100%| O|  |TAMS 0x000000072a000000, 0x0000000729e00000| Complete 
| 330|0x000000072a000000, 0x000000072a200000, 0x000000072a200000|100%| O|  |TAMS 0x000000072a200000, 0x000000072a000000| Complete 
| 331|0x000000072a200000, 0x000000072a400000, 0x000000072a400000|100%| O|  |TAMS 0x000000072a400000, 0x000000072a200000| Complete 
| 332|0x000000072a400000, 0x000000072a600000, 0x000000072a600000|100%| O|  |TAMS 0x000000072a600000, 0x000000072a400000| Complete 
| 333|0x000000072a600000, 0x000000072a800000, 0x000000072a800000|100%| O|  |TAMS 0x000000072a800000, 0x000000072a600000| Complete 
| 334|0x000000072a800000, 0x000000072aa00000, 0x000000072aa00000|100%| O|  |TAMS 0x000000072aa00000, 0x000000072a800000| Complete 
| 335|0x000000072aa00000, 0x000000072ac00000, 0x000000072ac00000|100%| O|  |TAMS 0x000000072ac00000, 0x000000072aa00000| Complete 
| 336|0x000000072ac00000, 0x000000072ae00000, 0x000000072ae00000|100%| O|  |TAMS 0x000000072ae00000, 0x000000072ac00000| Complete 
| 337|0x000000072ae00000, 0x000000072b000000, 0x000000072b000000|100%| O|  |TAMS 0x000000072b000000, 0x000000072ae00000| Complete 
| 338|0x000000072b000000, 0x000000072b200000, 0x000000072b200000|100%| O|  |TAMS 0x000000072b200000, 0x000000072b000000| Complete 
| 339|0x000000072b200000, 0x000000072b400000, 0x000000072b400000|100%| O|  |TAMS 0x000000072b400000, 0x000000072b200000| Untracked 
| 340|0x000000072b400000, 0x000000072b600000, 0x000000072b600000|100%| O|  |TAMS 0x000000072b600000, 0x000000072b400000| Complete 
| 341|0x000000072b600000, 0x000000072b800000, 0x000000072b800000|100%| O|  |TAMS 0x000000072b800000, 0x000000072b600000| Complete 
| 342|0x000000072b800000, 0x000000072ba00000, 0x000000072ba00000|100%| O|  |TAMS 0x000000072ba00000, 0x000000072b800000| Complete 
| 343|0x000000072ba00000, 0x000000072bc00000, 0x000000072bc00000|100%| O|  |TAMS 0x000000072bc00000, 0x000000072ba00000| Untracked 
| 344|0x000000072bc00000, 0x000000072be00000, 0x000000072be00000|100%| O|  |TAMS 0x000000072be00000, 0x000000072bc00000| Untracked 
| 345|0x000000072be00000, 0x000000072c000000, 0x000000072c000000|100%| O|  |TAMS 0x000000072c000000, 0x000000072be00000| Complete 
| 346|0x000000072c000000, 0x000000072c200000, 0x000000072c200000|100%| O|  |TAMS 0x000000072c200000, 0x000000072c000000| Untracked 
| 347|0x000000072c200000, 0x000000072c400000, 0x000000072c400000|100%| O|  |TAMS 0x000000072c400000, 0x000000072c200000| Complete 
| 348|0x000000072c400000, 0x000000072c600000, 0x000000072c600000|100%| O|  |TAMS 0x000000072c600000, 0x000000072c400000| Untracked 
| 349|0x000000072c600000, 0x000000072c800000, 0x000000072c800000|100%| O|  |TAMS 0x000000072c800000, 0x000000072c600000| Untracked 
| 350|0x000000072c800000, 0x000000072ca00000, 0x000000072ca00000|100%| O|  |TAMS 0x000000072ca00000, 0x000000072c800000| Complete 
| 351|0x000000072ca00000, 0x000000072cc00000, 0x000000072cc00000|100%| O|  |TAMS 0x000000072cc00000, 0x000000072ca00000| Complete 
| 352|0x000000072cc00000, 0x000000072ce00000, 0x000000072ce00000|100%| O|  |TAMS 0x000000072ce00000, 0x000000072cc00000| Complete 
| 353|0x000000072ce00000, 0x000000072d000000, 0x000000072d000000|100%| O|  |TAMS 0x000000072d000000, 0x000000072ce00000| Untracked 
| 354|0x000000072d000000, 0x000000072d200000, 0x000000072d200000|100%| O|  |TAMS 0x000000072d200000, 0x000000072d000000| Untracked 
| 355|0x000000072d200000, 0x000000072d200000, 0x000000072d400000|  0%| F|  |TAMS 0x000000072d200000, 0x000000072d200000| Untracked 
| 356|0x000000072d400000, 0x000000072d600000, 0x000000072d600000|100%| O|  |TAMS 0x000000072d600000, 0x000000072d400000| Untracked 
| 357|0x000000072d600000, 0x000000072d800000, 0x000000072d800000|100%| O|  |TAMS 0x000000072d800000, 0x000000072d600000| Untracked 
| 358|0x000000072d800000, 0x000000072da00000, 0x000000072da00000|100%| O|  |TAMS 0x000000072da00000, 0x000000072d800000| Complete 
| 359|0x000000072da00000, 0x000000072dc00000, 0x000000072dc00000|100%| O|  |TAMS 0x000000072dc00000, 0x000000072da00000| Untracked 
| 360|0x000000072dc00000, 0x000000072de00000, 0x000000072de00000|100%| O|  |TAMS 0x000000072de00000, 0x000000072dc00000| Complete 
| 361|0x000000072de00000, 0x000000072e000000, 0x000000072e000000|100%| O|  |TAMS 0x000000072e000000, 0x000000072de00000| Untracked 
| 362|0x000000072e000000, 0x000000072e200000, 0x000000072e200000|100%| O|  |TAMS 0x000000072e200000, 0x000000072e000000| Complete 
| 363|0x000000072e200000, 0x000000072e400000, 0x000000072e400000|100%| O|  |TAMS 0x000000072e400000, 0x000000072e200000| Complete 
| 364|0x000000072e400000, 0x000000072e600000, 0x000000072e600000|100%| O|  |TAMS 0x000000072e600000, 0x000000072e400000| Complete 
| 365|0x000000072e600000, 0x000000072e800000, 0x000000072e800000|100%| O|  |TAMS 0x000000072e800000, 0x000000072e600000| Untracked 
| 366|0x000000072e800000, 0x000000072ea00000, 0x000000072ea00000|100%| O|  |TAMS 0x000000072ea00000, 0x000000072e800000| Complete 
| 367|0x000000072ea00000, 0x000000072ec00000, 0x000000072ec00000|100%| O|  |TAMS 0x000000072ec00000, 0x000000072ea00000| Complete 
| 368|0x000000072ec00000, 0x000000072ee00000, 0x000000072ee00000|100%| O|  |TAMS 0x000000072ee00000, 0x000000072ec00000| Complete 
| 369|0x000000072ee00000, 0x000000072f000000, 0x000000072f000000|100%| O|  |TAMS 0x000000072f000000, 0x000000072ee00000| Complete 
| 370|0x000000072f000000, 0x000000072f200000, 0x000000072f200000|100%| O|  |TAMS 0x000000072f200000, 0x000000072f000000| Complete 
| 371|0x000000072f200000, 0x000000072f400000, 0x000000072f400000|100%| O|  |TAMS 0x000000072f400000, 0x000000072f200000| Complete 
| 372|0x000000072f400000, 0x000000072f600000, 0x000000072f600000|100%| O|  |TAMS 0x000000072f600000, 0x000000072f400000| Complete 
| 373|0x000000072f600000, 0x000000072f800000, 0x000000072f800000|100%| O|  |TAMS 0x000000072f800000, 0x000000072f600000| Complete 
| 374|0x000000072f800000, 0x000000072fa00000, 0x000000072fa00000|100%| O|  |TAMS 0x000000072fa00000, 0x000000072f800000| Complete 
| 375|0x000000072fa00000, 0x000000072fc00000, 0x000000072fc00000|100%| O|  |TAMS 0x000000072fc00000, 0x000000072fa00000| Complete 
| 376|0x000000072fc00000, 0x000000072fe00000, 0x000000072fe00000|100%| O|  |TAMS 0x000000072fe00000, 0x000000072fc00000| Complete 
| 377|0x000000072fe00000, 0x0000000730000000, 0x0000000730000000|100%| O|  |TAMS 0x0000000730000000, 0x000000072fe00000| Complete 
| 378|0x0000000730000000, 0x0000000730200000, 0x0000000730200000|100%| O|  |TAMS 0x0000000730200000, 0x0000000730000000| Complete 
| 379|0x0000000730200000, 0x0000000730400000, 0x0000000730400000|100%| O|  |TAMS 0x0000000730400000, 0x0000000730200000| Complete 
| 380|0x0000000730400000, 0x0000000730600000, 0x0000000730600000|100%| O|  |TAMS 0x0000000730600000, 0x0000000730400000| Untracked 
| 381|0x0000000730600000, 0x0000000730800000, 0x0000000730800000|100%| O|  |TAMS 0x0000000730800000, 0x0000000730600000| Untracked 
| 382|0x0000000730800000, 0x0000000730a00000, 0x0000000730a00000|100%| O|  |TAMS 0x0000000730a00000, 0x0000000730800000| Untracked 
| 383|0x0000000730a00000, 0x0000000730c00000, 0x0000000730c00000|100%| O|  |TAMS 0x0000000730c00000, 0x0000000730a00000| Complete 
| 384|0x0000000730c00000, 0x0000000730e00000, 0x0000000730e00000|100%| O|  |TAMS 0x0000000730e00000, 0x0000000730c00000| Complete 
| 385|0x0000000730e00000, 0x0000000731000000, 0x0000000731000000|100%| O|  |TAMS 0x0000000731000000, 0x0000000730e00000| Complete 
| 386|0x0000000731000000, 0x0000000731200000, 0x0000000731200000|100%| O|  |TAMS 0x0000000731200000, 0x0000000731000000| Complete 
| 387|0x0000000731200000, 0x0000000731400000, 0x0000000731400000|100%| O|  |TAMS 0x0000000731400000, 0x0000000731200000| Untracked 
| 388|0x0000000731400000, 0x0000000731600000, 0x0000000731600000|100%| O|  |TAMS 0x0000000731600000, 0x0000000731400000| Untracked 
| 389|0x0000000731600000, 0x0000000731800000, 0x0000000731800000|100%| O|  |TAMS 0x0000000731800000, 0x0000000731600000| Untracked 
| 390|0x0000000731800000, 0x0000000731a00000, 0x0000000731a00000|100%| O|  |TAMS 0x0000000731a00000, 0x0000000731800000| Untracked 
| 391|0x0000000731a00000, 0x0000000731c00000, 0x0000000731c00000|100%| O|  |TAMS 0x0000000731c00000, 0x0000000731a00000| Complete 
| 392|0x0000000731c00000, 0x0000000731e00000, 0x0000000731e00000|100%| O|  |TAMS 0x0000000731e00000, 0x0000000731c00000| Complete 
| 393|0x0000000731e00000, 0x0000000732000000, 0x0000000732000000|100%| O|  |TAMS 0x0000000732000000, 0x0000000731e00000| Complete 
| 394|0x0000000732000000, 0x0000000732200000, 0x0000000732200000|100%| O|  |TAMS 0x0000000732200000, 0x0000000732000000| Complete 
| 395|0x0000000732200000, 0x0000000732400000, 0x0000000732400000|100%| O|  |TAMS 0x0000000732400000, 0x0000000732200000| Untracked 
| 396|0x0000000732400000, 0x0000000732600000, 0x0000000732600000|100%| O|  |TAMS 0x0000000732600000, 0x0000000732400000| Untracked 
| 397|0x0000000732600000, 0x0000000732800000, 0x0000000732800000|100%| O|  |TAMS 0x0000000732800000, 0x0000000732600000| Untracked 
| 398|0x0000000732800000, 0x0000000732a00000, 0x0000000732a00000|100%| O|  |TAMS 0x0000000732a00000, 0x0000000732800000| Complete 
| 399|0x0000000732a00000, 0x0000000732c00000, 0x0000000732c00000|100%| O|  |TAMS 0x0000000732c00000, 0x0000000732a00000| Untracked 
| 400|0x0000000732c00000, 0x0000000732e00000, 0x0000000732e00000|100%| O|  |TAMS 0x0000000732e00000, 0x0000000732c00000| Untracked 
| 401|0x0000000732e00000, 0x0000000733000000, 0x0000000733000000|100%| O|  |TAMS 0x0000000733000000, 0x0000000732e00000| Untracked 
| 402|0x0000000733000000, 0x0000000733200000, 0x0000000733200000|100%| O|  |TAMS 0x0000000733200000, 0x0000000733000000| Untracked 
| 403|0x0000000733200000, 0x0000000733400000, 0x0000000733400000|100%| O|  |TAMS 0x0000000733400000, 0x0000000733200000| Untracked 
| 404|0x0000000733400000, 0x0000000733600000, 0x0000000733600000|100%| O|  |TAMS 0x0000000733600000, 0x0000000733400000| Untracked 
| 405|0x0000000733600000, 0x0000000733800000, 0x0000000733800000|100%| O|  |TAMS 0x0000000733800000, 0x0000000733600000| Untracked 
| 406|0x0000000733800000, 0x0000000733a00000, 0x0000000733a00000|100%| O|  |TAMS 0x0000000733a00000, 0x0000000733800000| Untracked 
| 407|0x0000000733a00000, 0x0000000733c00000, 0x0000000733c00000|100%| O|  |TAMS 0x0000000733c00000, 0x0000000733a00000| Untracked 
| 408|0x0000000733c00000, 0x0000000733e00000, 0x0000000733e00000|100%| O|  |TAMS 0x0000000733e00000, 0x0000000733c00000| Untracked 
| 409|0x0000000733e00000, 0x0000000734000000, 0x0000000734000000|100%| O|  |TAMS 0x0000000734000000, 0x0000000733e00000| Untracked 
| 410|0x0000000734000000, 0x0000000734200000, 0x0000000734200000|100%| O|  |TAMS 0x0000000734200000, 0x0000000734000000| Untracked 
| 411|0x0000000734200000, 0x0000000734400000, 0x0000000734400000|100%| O|  |TAMS 0x0000000734400000, 0x0000000734200000| Untracked 
| 412|0x0000000734400000, 0x0000000734600000, 0x0000000734600000|100%| O|  |TAMS 0x0000000734600000, 0x0000000734400000| Untracked 
| 413|0x0000000734600000, 0x0000000734800000, 0x0000000734800000|100%| O|  |TAMS 0x0000000734800000, 0x0000000734600000| Untracked 
| 414|0x0000000734800000, 0x0000000734a00000, 0x0000000734a00000|100%| O|  |TAMS 0x0000000734a00000, 0x0000000734800000| Untracked 
| 415|0x0000000734a00000, 0x0000000734c00000, 0x0000000734c00000|100%| O|  |TAMS 0x0000000734c00000, 0x0000000734a00000| Untracked 
| 416|0x0000000734c00000, 0x0000000734e00000, 0x0000000734e00000|100%| O|  |TAMS 0x0000000734e00000, 0x0000000734c00000| Untracked 
| 417|0x0000000734e00000, 0x0000000735000000, 0x0000000735000000|100%| O|  |TAMS 0x0000000735000000, 0x0000000734e00000| Untracked 
| 418|0x0000000735000000, 0x0000000735200000, 0x0000000735200000|100%| O|  |TAMS 0x0000000735200000, 0x0000000735000000| Untracked 
| 419|0x0000000735200000, 0x0000000735400000, 0x0000000735400000|100%| O|  |TAMS 0x0000000735400000, 0x0000000735200000| Untracked 
| 420|0x0000000735400000, 0x0000000735600000, 0x0000000735600000|100%| O|  |TAMS 0x0000000735600000, 0x0000000735400000| Untracked 
| 421|0x0000000735600000, 0x0000000735800000, 0x0000000735800000|100%| O|  |TAMS 0x0000000735800000, 0x0000000735600000| Untracked 
| 422|0x0000000735800000, 0x0000000735a00000, 0x0000000735a00000|100%| O|  |TAMS 0x0000000735a00000, 0x0000000735800000| Untracked 
| 423|0x0000000735a00000, 0x0000000735c00000, 0x0000000735c00000|100%| O|  |TAMS 0x0000000735c00000, 0x0000000735a00000| Untracked 
| 424|0x0000000735c00000, 0x0000000735e00000, 0x0000000735e00000|100%| O|  |TAMS 0x0000000735e00000, 0x0000000735c00000| Untracked 
| 425|0x0000000735e00000, 0x0000000736000000, 0x0000000736000000|100%| O|  |TAMS 0x0000000736000000, 0x0000000735e00000| Untracked 
| 426|0x0000000736000000, 0x0000000736200000, 0x0000000736200000|100%| O|  |TAMS 0x0000000736200000, 0x0000000736000000| Untracked 
| 427|0x0000000736200000, 0x0000000736400000, 0x0000000736400000|100%| O|  |TAMS 0x0000000736400000, 0x0000000736200000| Untracked 
| 428|0x0000000736400000, 0x0000000736600000, 0x0000000736600000|100%| O|  |TAMS 0x0000000736600000, 0x0000000736400000| Untracked 
| 429|0x0000000736600000, 0x0000000736800000, 0x0000000736800000|100%| O|  |TAMS 0x0000000736800000, 0x0000000736600000| Untracked 
| 430|0x0000000736800000, 0x0000000736a00000, 0x0000000736a00000|100%| O|  |TAMS 0x0000000736a00000, 0x0000000736800000| Untracked 
| 431|0x0000000736a00000, 0x0000000736c00000, 0x0000000736c00000|100%| O|  |TAMS 0x0000000736c00000, 0x0000000736a00000| Untracked 
| 432|0x0000000736c00000, 0x0000000736e00000, 0x0000000736e00000|100%| O|  |TAMS 0x0000000736e00000, 0x0000000736c00000| Untracked 
| 433|0x0000000736e00000, 0x0000000737000000, 0x0000000737000000|100%| O|  |TAMS 0x0000000737000000, 0x0000000736e00000| Untracked 
| 434|0x0000000737000000, 0x0000000737200000, 0x0000000737200000|100%| O|  |TAMS 0x0000000737200000, 0x0000000737000000| Untracked 
| 435|0x0000000737200000, 0x0000000737200000, 0x0000000737400000|  0%| F|  |TAMS 0x0000000737200000, 0x0000000737200000| Untracked 
| 436|0x0000000737400000, 0x0000000737400000, 0x0000000737600000|  0%| F|  |TAMS 0x0000000737400000, 0x0000000737400000| Untracked 
| 437|0x0000000737600000, 0x0000000737600000, 0x0000000737800000|  0%| F|  |TAMS 0x0000000737600000, 0x0000000737600000| Untracked 
| 438|0x0000000737800000, 0x0000000737800000, 0x0000000737a00000|  0%| F|  |TAMS 0x0000000737800000, 0x0000000737800000| Untracked 
| 439|0x0000000737a00000, 0x0000000737a00000, 0x0000000737c00000|  0%| F|  |TAMS 0x0000000737a00000, 0x0000000737a00000| Untracked 
| 440|0x0000000737c00000, 0x0000000737c00000, 0x0000000737e00000|  0%| F|  |TAMS 0x0000000737c00000, 0x0000000737c00000| Untracked 
| 441|0x0000000737e00000, 0x0000000737e00000, 0x0000000738000000|  0%| F|  |TAMS 0x0000000737e00000, 0x0000000737e00000| Untracked 
| 442|0x0000000738000000, 0x0000000738000000, 0x0000000738200000|  0%| F|  |TAMS 0x0000000738000000, 0x0000000738000000| Untracked 
| 443|0x0000000738200000, 0x0000000738200000, 0x0000000738400000|  0%| F|  |TAMS 0x0000000738200000, 0x0000000738200000| Untracked 
| 444|0x0000000738400000, 0x0000000738400000, 0x0000000738600000|  0%| F|  |TAMS 0x0000000738400000, 0x0000000738400000| Untracked 
| 445|0x0000000738600000, 0x0000000738600000, 0x0000000738800000|  0%| F|  |TAMS 0x0000000738600000, 0x0000000738600000| Untracked 
| 446|0x0000000738800000, 0x0000000738800000, 0x0000000738a00000|  0%| F|  |TAMS 0x0000000738800000, 0x0000000738800000| Untracked 
| 447|0x0000000738a00000, 0x0000000738a00000, 0x0000000738c00000|  0%| F|  |TAMS 0x0000000738a00000, 0x0000000738a00000| Untracked 
| 448|0x0000000738c00000, 0x0000000738c00000, 0x0000000738e00000|  0%| F|  |TAMS 0x0000000738c00000, 0x0000000738c00000| Untracked 
| 449|0x0000000738e00000, 0x0000000738e00000, 0x0000000739000000|  0%| F|  |TAMS 0x0000000738e00000, 0x0000000738e00000| Untracked 
| 450|0x0000000739000000, 0x0000000739000000, 0x0000000739200000|  0%| F|  |TAMS 0x0000000739000000, 0x0000000739000000| Untracked 
| 451|0x0000000739200000, 0x0000000739200000, 0x0000000739400000|  0%| F|  |TAMS 0x0000000739200000, 0x0000000739200000| Untracked 
| 452|0x0000000739400000, 0x0000000739400000, 0x0000000739600000|  0%| F|  |TAMS 0x0000000739400000, 0x0000000739400000| Untracked 
| 453|0x0000000739600000, 0x0000000739600000, 0x0000000739800000|  0%| F|  |TAMS 0x0000000739600000, 0x0000000739600000| Untracked 
| 454|0x0000000739800000, 0x0000000739800000, 0x0000000739a00000|  0%| F|  |TAMS 0x0000000739800000, 0x0000000739800000| Untracked 
| 455|0x0000000739a00000, 0x0000000739a00000, 0x0000000739c00000|  0%| F|  |TAMS 0x0000000739a00000, 0x0000000739a00000| Untracked 
| 456|0x0000000739c00000, 0x0000000739c00000, 0x0000000739e00000|  0%| F|  |TAMS 0x0000000739c00000, 0x0000000739c00000| Untracked 
| 457|0x0000000739e00000, 0x0000000739e00000, 0x000000073a000000|  0%| F|  |TAMS 0x0000000739e00000, 0x0000000739e00000| Untracked 
| 458|0x000000073a000000, 0x000000073a000000, 0x000000073a200000|  0%| F|  |TAMS 0x000000073a000000, 0x000000073a000000| Untracked 
| 459|0x000000073a200000, 0x000000073a200000, 0x000000073a400000|  0%| F|  |TAMS 0x000000073a200000, 0x000000073a200000| Untracked 
| 460|0x000000073a400000, 0x000000073a400000, 0x000000073a600000|  0%| F|  |TAMS 0x000000073a400000, 0x000000073a400000| Untracked 
| 461|0x000000073a600000, 0x000000073a600000, 0x000000073a800000|  0%| F|  |TAMS 0x000000073a600000, 0x000000073a600000| Untracked 
| 462|0x000000073a800000, 0x000000073a800000, 0x000000073aa00000|  0%| F|  |TAMS 0x000000073a800000, 0x000000073a800000| Untracked 
| 463|0x000000073aa00000, 0x000000073aa00000, 0x000000073ac00000|  0%| F|  |TAMS 0x000000073aa00000, 0x000000073aa00000| Untracked 
| 464|0x000000073ac00000, 0x000000073ac00000, 0x000000073ae00000|  0%| F|  |TAMS 0x000000073ac00000, 0x000000073ac00000| Untracked 
| 465|0x000000073ae00000, 0x000000073ae00000, 0x000000073b000000|  0%| F|  |TAMS 0x000000073ae00000, 0x000000073ae00000| Untracked 
| 466|0x000000073b000000, 0x000000073b000000, 0x000000073b200000|  0%| F|  |TAMS 0x000000073b000000, 0x000000073b000000| Untracked 
| 467|0x000000073b200000, 0x000000073b200000, 0x000000073b400000|  0%| F|  |TAMS 0x000000073b200000, 0x000000073b200000| Untracked 
| 468|0x000000073b400000, 0x000000073b400000, 0x000000073b600000|  0%| F|  |TAMS 0x000000073b400000, 0x000000073b400000| Untracked 
| 469|0x000000073b600000, 0x000000073b600000, 0x000000073b800000|  0%| F|  |TAMS 0x000000073b600000, 0x000000073b600000| Untracked 
| 470|0x000000073b800000, 0x000000073b800000, 0x000000073ba00000|  0%| F|  |TAMS 0x000000073b800000, 0x000000073b800000| Untracked 
| 471|0x000000073ba00000, 0x000000073ba00000, 0x000000073bc00000|  0%| F|  |TAMS 0x000000073ba00000, 0x000000073ba00000| Untracked 
| 472|0x000000073bc00000, 0x000000073bc00000, 0x000000073be00000|  0%| F|  |TAMS 0x000000073bc00000, 0x000000073bc00000| Untracked 
| 473|0x000000073be00000, 0x000000073be00000, 0x000000073c000000|  0%| F|  |TAMS 0x000000073be00000, 0x000000073be00000| Untracked 
| 474|0x000000073c000000, 0x000000073c000000, 0x000000073c200000|  0%| F|  |TAMS 0x000000073c000000, 0x000000073c000000| Untracked 
| 475|0x000000073c200000, 0x000000073c200000, 0x000000073c400000|  0%| F|  |TAMS 0x000000073c200000, 0x000000073c200000| Untracked 
| 476|0x000000073c400000, 0x000000073c400000, 0x000000073c600000|  0%| F|  |TAMS 0x000000073c400000, 0x000000073c400000| Untracked 
| 477|0x000000073c600000, 0x000000073c600000, 0x000000073c800000|  0%| F|  |TAMS 0x000000073c600000, 0x000000073c600000| Untracked 
| 478|0x000000073c800000, 0x000000073c800000, 0x000000073ca00000|  0%| F|  |TAMS 0x000000073c800000, 0x000000073c800000| Untracked 
| 479|0x000000073ca00000, 0x000000073ca00000, 0x000000073cc00000|  0%| F|  |TAMS 0x000000073ca00000, 0x000000073ca00000| Untracked 
| 480|0x000000073cc00000, 0x000000073cc00000, 0x000000073ce00000|  0%| F|  |TAMS 0x000000073cc00000, 0x000000073cc00000| Untracked 
| 481|0x000000073ce00000, 0x000000073ce00000, 0x000000073d000000|  0%| F|  |TAMS 0x000000073ce00000, 0x000000073ce00000| Untracked 
| 482|0x000000073d000000, 0x000000073d000000, 0x000000073d200000|  0%| F|  |TAMS 0x000000073d000000, 0x000000073d000000| Untracked 
| 483|0x000000073d200000, 0x000000073d200000, 0x000000073d400000|  0%| F|  |TAMS 0x000000073d200000, 0x000000073d200000| Untracked 
| 484|0x000000073d400000, 0x000000073d400000, 0x000000073d600000|  0%| F|  |TAMS 0x000000073d400000, 0x000000073d400000| Untracked 
| 485|0x000000073d600000, 0x000000073d600000, 0x000000073d800000|  0%| F|  |TAMS 0x000000073d600000, 0x000000073d600000| Untracked 
| 486|0x000000073d800000, 0x000000073d800000, 0x000000073da00000|  0%| F|  |TAMS 0x000000073d800000, 0x000000073d800000| Untracked 
| 487|0x000000073da00000, 0x000000073da00000, 0x000000073dc00000|  0%| F|  |TAMS 0x000000073da00000, 0x000000073da00000| Untracked 
| 488|0x000000073dc00000, 0x000000073dc00000, 0x000000073de00000|  0%| F|  |TAMS 0x000000073dc00000, 0x000000073dc00000| Untracked 
| 489|0x000000073de00000, 0x000000073de00000, 0x000000073e000000|  0%| F|  |TAMS 0x000000073de00000, 0x000000073de00000| Untracked 
| 490|0x000000073e000000, 0x000000073e000000, 0x000000073e200000|  0%| F|  |TAMS 0x000000073e000000, 0x000000073e000000| Untracked 
| 491|0x000000073e200000, 0x000000073e200000, 0x000000073e400000|  0%| F|  |TAMS 0x000000073e200000, 0x000000073e200000| Untracked 
| 492|0x000000073e400000, 0x000000073e400000, 0x000000073e600000|  0%| F|  |TAMS 0x000000073e400000, 0x000000073e400000| Untracked 
| 493|0x000000073e600000, 0x000000073e600000, 0x000000073e800000|  0%| F|  |TAMS 0x000000073e600000, 0x000000073e600000| Untracked 
| 494|0x000000073e800000, 0x000000073e800000, 0x000000073ea00000|  0%| F|  |TAMS 0x000000073e800000, 0x000000073e800000| Untracked 
| 495|0x000000073ea00000, 0x000000073ea00000, 0x000000073ec00000|  0%| F|  |TAMS 0x000000073ea00000, 0x000000073ea00000| Untracked 
| 496|0x000000073ec00000, 0x000000073ec00000, 0x000000073ee00000|  0%| F|  |TAMS 0x000000073ec00000, 0x000000073ec00000| Untracked 
| 497|0x000000073ee00000, 0x000000073ee00000, 0x000000073f000000|  0%| F|  |TAMS 0x000000073ee00000, 0x000000073ee00000| Untracked 
| 498|0x000000073f000000, 0x000000073f000000, 0x000000073f200000|  0%| F|  |TAMS 0x000000073f000000, 0x000000073f000000| Untracked 
| 499|0x000000073f200000, 0x000000073f200000, 0x000000073f400000|  0%| F|  |TAMS 0x000000073f200000, 0x000000073f200000| Untracked 
| 500|0x000000073f400000, 0x000000073f400000, 0x000000073f600000|  0%| F|  |TAMS 0x000000073f400000, 0x000000073f400000| Untracked 
| 501|0x000000073f600000, 0x000000073f600000, 0x000000073f800000|  0%| F|  |TAMS 0x000000073f600000, 0x000000073f600000| Untracked 
| 502|0x000000073f800000, 0x000000073f800000, 0x000000073fa00000|  0%| F|  |TAMS 0x000000073f800000, 0x000000073f800000| Untracked 
| 503|0x000000073fa00000, 0x000000073fa00000, 0x000000073fc00000|  0%| F|  |TAMS 0x000000073fa00000, 0x000000073fa00000| Untracked 
| 504|0x000000073fc00000, 0x000000073fc00000, 0x000000073fe00000|  0%| F|  |TAMS 0x000000073fc00000, 0x000000073fc00000| Untracked 
| 505|0x000000073fe00000, 0x000000073fe00000, 0x0000000740000000|  0%| F|  |TAMS 0x000000073fe00000, 0x000000073fe00000| Untracked 
| 506|0x0000000740000000, 0x0000000740000000, 0x0000000740200000|  0%| F|  |TAMS 0x0000000740000000, 0x0000000740000000| Untracked 
| 507|0x0000000740200000, 0x0000000740200000, 0x0000000740400000|  0%| F|  |TAMS 0x0000000740200000, 0x0000000740200000| Untracked 
| 508|0x0000000740400000, 0x0000000740400000, 0x0000000740600000|  0%| F|  |TAMS 0x0000000740400000, 0x0000000740400000| Untracked 
| 509|0x0000000740600000, 0x0000000740600000, 0x0000000740800000|  0%| F|  |TAMS 0x0000000740600000, 0x0000000740600000| Untracked 
| 510|0x0000000740800000, 0x0000000740800000, 0x0000000740a00000|  0%| F|  |TAMS 0x0000000740800000, 0x0000000740800000| Untracked 
| 511|0x0000000740a00000, 0x0000000740a00000, 0x0000000740c00000|  0%| F|  |TAMS 0x0000000740a00000, 0x0000000740a00000| Untracked 
| 512|0x0000000740c00000, 0x0000000740c00000, 0x0000000740e00000|  0%| F|  |TAMS 0x0000000740c00000, 0x0000000740c00000| Untracked 
| 513|0x0000000740e00000, 0x0000000740e00000, 0x0000000741000000|  0%| F|  |TAMS 0x0000000740e00000, 0x0000000740e00000| Untracked 
| 514|0x0000000741000000, 0x0000000741000000, 0x0000000741200000|  0%| F|  |TAMS 0x0000000741000000, 0x0000000741000000| Untracked 
| 515|0x0000000741200000, 0x0000000741200000, 0x0000000741400000|  0%| F|  |TAMS 0x0000000741200000, 0x0000000741200000| Untracked 
| 516|0x0000000741400000, 0x0000000741400000, 0x0000000741600000|  0%| F|  |TAMS 0x0000000741400000, 0x0000000741400000| Untracked 
| 517|0x0000000741600000, 0x0000000741600000, 0x0000000741800000|  0%| F|  |TAMS 0x0000000741600000, 0x0000000741600000| Untracked 
| 518|0x0000000741800000, 0x0000000741800000, 0x0000000741a00000|  0%| F|  |TAMS 0x0000000741800000, 0x0000000741800000| Untracked 
| 519|0x0000000741a00000, 0x0000000741a00000, 0x0000000741c00000|  0%| F|  |TAMS 0x0000000741a00000, 0x0000000741a00000| Untracked 
| 520|0x0000000741c00000, 0x0000000741c00000, 0x0000000741e00000|  0%| F|  |TAMS 0x0000000741c00000, 0x0000000741c00000| Untracked 
| 521|0x0000000741e00000, 0x0000000741e00000, 0x0000000742000000|  0%| F|  |TAMS 0x0000000741e00000, 0x0000000741e00000| Untracked 
| 522|0x0000000742000000, 0x0000000742000000, 0x0000000742200000|  0%| F|  |TAMS 0x0000000742000000, 0x0000000742000000| Untracked 
| 523|0x0000000742200000, 0x0000000742200000, 0x0000000742400000|  0%| F|  |TAMS 0x0000000742200000, 0x0000000742200000| Untracked 
| 524|0x0000000742400000, 0x0000000742400000, 0x0000000742600000|  0%| F|  |TAMS 0x0000000742400000, 0x0000000742400000| Untracked 
| 525|0x0000000742600000, 0x0000000742600000, 0x0000000742800000|  0%| F|  |TAMS 0x0000000742600000, 0x0000000742600000| Untracked 
| 526|0x0000000742800000, 0x0000000742800000, 0x0000000742a00000|  0%| F|  |TAMS 0x0000000742800000, 0x0000000742800000| Untracked 
| 527|0x0000000742a00000, 0x0000000742a00000, 0x0000000742c00000|  0%| F|  |TAMS 0x0000000742a00000, 0x0000000742a00000| Untracked 
| 528|0x0000000742c00000, 0x0000000742c00000, 0x0000000742e00000|  0%| F|  |TAMS 0x0000000742c00000, 0x0000000742c00000| Untracked 
| 529|0x0000000742e00000, 0x0000000742e00000, 0x0000000743000000|  0%| F|  |TAMS 0x0000000742e00000, 0x0000000742e00000| Untracked 
| 530|0x0000000743000000, 0x0000000743000000, 0x0000000743200000|  0%| F|  |TAMS 0x0000000743000000, 0x0000000743000000| Untracked 
| 531|0x0000000743200000, 0x0000000743200000, 0x0000000743400000|  0%| F|  |TAMS 0x0000000743200000, 0x0000000743200000| Untracked 
| 532|0x0000000743400000, 0x0000000743400000, 0x0000000743600000|  0%| F|  |TAMS 0x0000000743400000, 0x0000000743400000| Untracked 
| 533|0x0000000743600000, 0x0000000743600000, 0x0000000743800000|  0%| F|  |TAMS 0x0000000743600000, 0x0000000743600000| Untracked 
| 534|0x0000000743800000, 0x0000000743800000, 0x0000000743a00000|  0%| F|  |TAMS 0x0000000743800000, 0x0000000743800000| Untracked 
| 535|0x0000000743a00000, 0x0000000743a00000, 0x0000000743c00000|  0%| F|  |TAMS 0x0000000743a00000, 0x0000000743a00000| Untracked 
| 536|0x0000000743c00000, 0x0000000743c00000, 0x0000000743e00000|  0%| F|  |TAMS 0x0000000743c00000, 0x0000000743c00000| Untracked 
| 537|0x0000000743e00000, 0x0000000743e00000, 0x0000000744000000|  0%| F|  |TAMS 0x0000000743e00000, 0x0000000743e00000| Untracked 
| 538|0x0000000744000000, 0x0000000744000000, 0x0000000744200000|  0%| F|  |TAMS 0x0000000744000000, 0x0000000744000000| Untracked 
| 539|0x0000000744200000, 0x0000000744200000, 0x0000000744400000|  0%| F|  |TAMS 0x0000000744200000, 0x0000000744200000| Untracked 
| 540|0x0000000744400000, 0x0000000744400000, 0x0000000744600000|  0%| F|  |TAMS 0x0000000744400000, 0x0000000744400000| Untracked 
| 541|0x0000000744600000, 0x0000000744600000, 0x0000000744800000|  0%| F|  |TAMS 0x0000000744600000, 0x0000000744600000| Untracked 
| 542|0x0000000744800000, 0x0000000744800000, 0x0000000744a00000|  0%| F|  |TAMS 0x0000000744800000, 0x0000000744800000| Untracked 
| 543|0x0000000744a00000, 0x0000000744a00000, 0x0000000744c00000|  0%| F|  |TAMS 0x0000000744a00000, 0x0000000744a00000| Untracked 
| 544|0x0000000744c00000, 0x0000000744c00000, 0x0000000744e00000|  0%| F|  |TAMS 0x0000000744c00000, 0x0000000744c00000| Untracked 
| 545|0x0000000744e00000, 0x0000000744e00000, 0x0000000745000000|  0%| F|  |TAMS 0x0000000744e00000, 0x0000000744e00000| Untracked 
| 546|0x0000000745000000, 0x0000000745000000, 0x0000000745200000|  0%| F|  |TAMS 0x0000000745000000, 0x0000000745000000| Untracked 
| 547|0x0000000745200000, 0x0000000745200000, 0x0000000745400000|  0%| F|  |TAMS 0x0000000745200000, 0x0000000745200000| Untracked 
| 548|0x0000000745400000, 0x0000000745400000, 0x0000000745600000|  0%| F|  |TAMS 0x0000000745400000, 0x0000000745400000| Untracked 
| 549|0x0000000745600000, 0x0000000745600000, 0x0000000745800000|  0%| F|  |TAMS 0x0000000745600000, 0x0000000745600000| Untracked 
| 550|0x0000000745800000, 0x0000000745800000, 0x0000000745a00000|  0%| F|  |TAMS 0x0000000745800000, 0x0000000745800000| Untracked 
| 551|0x0000000745a00000, 0x0000000745a00000, 0x0000000745c00000|  0%| F|  |TAMS 0x0000000745a00000, 0x0000000745a00000| Untracked 
| 552|0x0000000745c00000, 0x0000000745c00000, 0x0000000745e00000|  0%| F|  |TAMS 0x0000000745c00000, 0x0000000745c00000| Untracked 
| 553|0x0000000745e00000, 0x0000000745e00000, 0x0000000746000000|  0%| F|  |TAMS 0x0000000745e00000, 0x0000000745e00000| Untracked 
| 554|0x0000000746000000, 0x0000000746000000, 0x0000000746200000|  0%| F|  |TAMS 0x0000000746000000, 0x0000000746000000| Untracked 
| 555|0x0000000746200000, 0x0000000746200000, 0x0000000746400000|  0%| F|  |TAMS 0x0000000746200000, 0x0000000746200000| Untracked 
| 556|0x0000000746400000, 0x0000000746400000, 0x0000000746600000|  0%| F|  |TAMS 0x0000000746400000, 0x0000000746400000| Untracked 
| 557|0x0000000746600000, 0x0000000746600000, 0x0000000746800000|  0%| F|  |TAMS 0x0000000746600000, 0x0000000746600000| Untracked 
| 558|0x0000000746800000, 0x0000000746800000, 0x0000000746a00000|  0%| F|  |TAMS 0x0000000746800000, 0x0000000746800000| Untracked 
| 559|0x0000000746a00000, 0x0000000746a00000, 0x0000000746c00000|  0%| F|  |TAMS 0x0000000746a00000, 0x0000000746a00000| Untracked 
| 560|0x0000000746c00000, 0x0000000746c00000, 0x0000000746e00000|  0%| F|  |TAMS 0x0000000746c00000, 0x0000000746c00000| Untracked 
| 561|0x0000000746e00000, 0x0000000746e00000, 0x0000000747000000|  0%| F|  |TAMS 0x0000000746e00000, 0x0000000746e00000| Untracked 
| 562|0x0000000747000000, 0x0000000747000000, 0x0000000747200000|  0%| F|  |TAMS 0x0000000747000000, 0x0000000747000000| Untracked 
| 563|0x0000000747200000, 0x0000000747200000, 0x0000000747400000|  0%| F|  |TAMS 0x0000000747200000, 0x0000000747200000| Untracked 
| 564|0x0000000747400000, 0x0000000747400000, 0x0000000747600000|  0%| F|  |TAMS 0x0000000747400000, 0x0000000747400000| Untracked 
| 565|0x0000000747600000, 0x0000000747600000, 0x0000000747800000|  0%| F|  |TAMS 0x0000000747600000, 0x0000000747600000| Untracked 
| 566|0x0000000747800000, 0x0000000747800000, 0x0000000747a00000|  0%| F|  |TAMS 0x0000000747800000, 0x0000000747800000| Untracked 
| 567|0x0000000747a00000, 0x0000000747a00000, 0x0000000747c00000|  0%| F|  |TAMS 0x0000000747a00000, 0x0000000747a00000| Untracked 
| 568|0x0000000747c00000, 0x0000000747c00000, 0x0000000747e00000|  0%| F|  |TAMS 0x0000000747c00000, 0x0000000747c00000| Untracked 
| 569|0x0000000747e00000, 0x0000000747e00000, 0x0000000748000000|  0%| F|  |TAMS 0x0000000747e00000, 0x0000000747e00000| Untracked 
| 570|0x0000000748000000, 0x0000000748000000, 0x0000000748200000|  0%| F|  |TAMS 0x0000000748000000, 0x0000000748000000| Untracked 
| 571|0x0000000748200000, 0x0000000748200000, 0x0000000748400000|  0%| F|  |TAMS 0x0000000748200000, 0x0000000748200000| Untracked 
| 572|0x0000000748400000, 0x0000000748400000, 0x0000000748600000|  0%| F|  |TAMS 0x0000000748400000, 0x0000000748400000| Untracked 
| 573|0x0000000748600000, 0x0000000748600000, 0x0000000748800000|  0%| F|  |TAMS 0x0000000748600000, 0x0000000748600000| Untracked 
| 574|0x0000000748800000, 0x0000000748800000, 0x0000000748a00000|  0%| F|  |TAMS 0x0000000748800000, 0x0000000748800000| Untracked 
| 575|0x0000000748a00000, 0x0000000748a00000, 0x0000000748c00000|  0%| F|  |TAMS 0x0000000748a00000, 0x0000000748a00000| Untracked 
| 576|0x0000000748c00000, 0x0000000748c00000, 0x0000000748e00000|  0%| F|  |TAMS 0x0000000748c00000, 0x0000000748c00000| Untracked 
| 577|0x0000000748e00000, 0x0000000748e00000, 0x0000000749000000|  0%| F|  |TAMS 0x0000000748e00000, 0x0000000748e00000| Untracked 
| 578|0x0000000749000000, 0x0000000749000000, 0x0000000749200000|  0%| F|  |TAMS 0x0000000749000000, 0x0000000749000000| Untracked 
| 579|0x0000000749200000, 0x0000000749200000, 0x0000000749400000|  0%| F|  |TAMS 0x0000000749200000, 0x0000000749200000| Untracked 
| 580|0x0000000749400000, 0x0000000749400000, 0x0000000749600000|  0%| F|  |TAMS 0x0000000749400000, 0x0000000749400000| Untracked 
| 581|0x0000000749600000, 0x0000000749600000, 0x0000000749800000|  0%| F|  |TAMS 0x0000000749600000, 0x0000000749600000| Untracked 
| 582|0x0000000749800000, 0x0000000749800000, 0x0000000749a00000|  0%| F|  |TAMS 0x0000000749800000, 0x0000000749800000| Untracked 
| 583|0x0000000749a00000, 0x0000000749a00000, 0x0000000749c00000|  0%| F|  |TAMS 0x0000000749a00000, 0x0000000749a00000| Untracked 
| 584|0x0000000749c00000, 0x0000000749c00000, 0x0000000749e00000|  0%| F|  |TAMS 0x0000000749c00000, 0x0000000749c00000| Untracked 
| 585|0x0000000749e00000, 0x0000000749e00000, 0x000000074a000000|  0%| F|  |TAMS 0x0000000749e00000, 0x0000000749e00000| Untracked 
| 586|0x000000074a000000, 0x000000074a000000, 0x000000074a200000|  0%| F|  |TAMS 0x000000074a000000, 0x000000074a000000| Untracked 
| 587|0x000000074a200000, 0x000000074a200000, 0x000000074a400000|  0%| F|  |TAMS 0x000000074a200000, 0x000000074a200000| Untracked 
| 588|0x000000074a400000, 0x000000074a400000, 0x000000074a600000|  0%| F|  |TAMS 0x000000074a400000, 0x000000074a400000| Untracked 
| 589|0x000000074a600000, 0x000000074a600000, 0x000000074a800000|  0%| F|  |TAMS 0x000000074a600000, 0x000000074a600000| Untracked 
| 590|0x000000074a800000, 0x000000074a800000, 0x000000074aa00000|  0%| F|  |TAMS 0x000000074a800000, 0x000000074a800000| Untracked 
| 591|0x000000074aa00000, 0x000000074aa45dd0, 0x000000074ac00000| 13%| S|CS|TAMS 0x000000074aa00000, 0x000000074aa00000| Complete 
| 592|0x000000074ac00000, 0x000000074ae00000, 0x000000074ae00000|100%| S|CS|TAMS 0x000000074ac00000, 0x000000074ac00000| Complete 
| 593|0x000000074ae00000, 0x000000074b000000, 0x000000074b000000|100%| S|CS|TAMS 0x000000074ae00000, 0x000000074ae00000| Complete 
| 594|0x000000074b000000, 0x000000074b200000, 0x000000074b200000|100%| S|CS|TAMS 0x000000074b000000, 0x000000074b000000| Complete 
| 595|0x000000074b200000, 0x000000074b400000, 0x000000074b400000|100%| S|CS|TAMS 0x000000074b200000, 0x000000074b200000| Complete 
| 596|0x000000074b400000, 0x000000074b600000, 0x000000074b600000|100%| S|CS|TAMS 0x000000074b400000, 0x000000074b400000| Complete 
| 597|0x000000074b600000, 0x000000074b800000, 0x000000074b800000|100%| S|CS|TAMS 0x000000074b600000, 0x000000074b600000| Complete 
| 598|0x000000074b800000, 0x000000074ba00000, 0x000000074ba00000|100%| S|CS|TAMS 0x000000074b800000, 0x000000074b800000| Complete 
| 599|0x000000074ba00000, 0x000000074bc00000, 0x000000074bc00000|100%| S|CS|TAMS 0x000000074ba00000, 0x000000074ba00000| Complete 
| 600|0x000000074bc00000, 0x000000074be00000, 0x000000074be00000|100%| S|CS|TAMS 0x000000074bc00000, 0x000000074bc00000| Complete 
| 601|0x000000074be00000, 0x000000074c000000, 0x000000074c000000|100%| S|CS|TAMS 0x000000074be00000, 0x000000074be00000| Complete 
| 602|0x000000074c000000, 0x000000074c200000, 0x000000074c200000|100%| S|CS|TAMS 0x000000074c000000, 0x000000074c000000| Complete 
| 603|0x000000074c200000, 0x000000074c400000, 0x000000074c400000|100%| S|CS|TAMS 0x000000074c200000, 0x000000074c200000| Complete 
| 604|0x000000074c400000, 0x000000074c600000, 0x000000074c600000|100%| S|CS|TAMS 0x000000074c400000, 0x000000074c400000| Complete 
| 605|0x000000074c600000, 0x000000074c800000, 0x000000074c800000|100%| S|CS|TAMS 0x000000074c600000, 0x000000074c600000| Complete 
| 606|0x000000074c800000, 0x000000074ca00000, 0x000000074ca00000|100%| S|CS|TAMS 0x000000074c800000, 0x000000074c800000| Complete 
| 607|0x000000074ca00000, 0x000000074cc00000, 0x000000074cc00000|100%| S|CS|TAMS 0x000000074ca00000, 0x000000074ca00000| Complete 
| 608|0x000000074cc00000, 0x000000074ce00000, 0x000000074ce00000|100%| S|CS|TAMS 0x000000074cc00000, 0x000000074cc00000| Complete 
| 609|0x000000074ce00000, 0x000000074d000000, 0x000000074d000000|100%| S|CS|TAMS 0x000000074ce00000, 0x000000074ce00000| Complete 
| 610|0x000000074d000000, 0x000000074d200000, 0x000000074d200000|100%| S|CS|TAMS 0x000000074d000000, 0x000000074d000000| Complete 
| 611|0x000000074d200000, 0x000000074d400000, 0x000000074d400000|100%| S|CS|TAMS 0x000000074d200000, 0x000000074d200000| Complete 
| 612|0x000000074d400000, 0x000000074d400000, 0x000000074d600000|  0%| F|  |TAMS 0x000000074d400000, 0x000000074d400000| Untracked 
| 613|0x000000074d600000, 0x000000074d600000, 0x000000074d800000|  0%| F|  |TAMS 0x000000074d600000, 0x000000074d600000| Untracked 
| 614|0x000000074d800000, 0x000000074d800000, 0x000000074da00000|  0%| F|  |TAMS 0x000000074d800000, 0x000000074d800000| Untracked 
| 615|0x000000074da00000, 0x000000074da00000, 0x000000074dc00000|  0%| F|  |TAMS 0x000000074da00000, 0x000000074da00000| Untracked 
| 616|0x000000074dc00000, 0x000000074dc00000, 0x000000074de00000|  0%| F|  |TAMS 0x000000074dc00000, 0x000000074dc00000| Untracked 
| 617|0x000000074de00000, 0x000000074de00000, 0x000000074e000000|  0%| F|  |TAMS 0x000000074de00000, 0x000000074de00000| Untracked 
| 618|0x000000074e000000, 0x000000074e000000, 0x000000074e200000|  0%| F|  |TAMS 0x000000074e000000, 0x000000074e000000| Untracked 
| 619|0x000000074e200000, 0x000000074e200000, 0x000000074e400000|  0%| F|  |TAMS 0x000000074e200000, 0x000000074e200000| Untracked 
| 620|0x000000074e400000, 0x000000074e400000, 0x000000074e600000|  0%| F|  |TAMS 0x000000074e400000, 0x000000074e400000| Untracked 
| 621|0x000000074e600000, 0x000000074e600000, 0x000000074e800000|  0%| F|  |TAMS 0x000000074e600000, 0x000000074e600000| Untracked 
| 622|0x000000074e800000, 0x000000074e800000, 0x000000074ea00000|  0%| F|  |TAMS 0x000000074e800000, 0x000000074e800000| Untracked 
| 623|0x000000074ea00000, 0x000000074ea00000, 0x000000074ec00000|  0%| F|  |TAMS 0x000000074ea00000, 0x000000074ea00000| Untracked 
| 624|0x000000074ec00000, 0x000000074ec00000, 0x000000074ee00000|  0%| F|  |TAMS 0x000000074ec00000, 0x000000074ec00000| Untracked 
| 625|0x000000074ee00000, 0x000000074ee00000, 0x000000074f000000|  0%| F|  |TAMS 0x000000074ee00000, 0x000000074ee00000| Untracked 
| 626|0x000000074f000000, 0x000000074f000000, 0x000000074f200000|  0%| F|  |TAMS 0x000000074f000000, 0x000000074f000000| Untracked 
| 627|0x000000074f200000, 0x000000074f200000, 0x000000074f400000|  0%| F|  |TAMS 0x000000074f200000, 0x000000074f200000| Untracked 
| 628|0x000000074f400000, 0x000000074f400000, 0x000000074f600000|  0%| F|  |TAMS 0x000000074f400000, 0x000000074f400000| Untracked 
| 629|0x000000074f600000, 0x000000074f600000, 0x000000074f800000|  0%| F|  |TAMS 0x000000074f600000, 0x000000074f600000| Untracked 
| 630|0x000000074f800000, 0x000000074f800000, 0x000000074fa00000|  0%| F|  |TAMS 0x000000074f800000, 0x000000074f800000| Untracked 
| 631|0x000000074fa00000, 0x000000074fa00000, 0x000000074fc00000|  0%| F|  |TAMS 0x000000074fa00000, 0x000000074fa00000| Untracked 
| 632|0x000000074fc00000, 0x000000074fc00000, 0x000000074fe00000|  0%| F|  |TAMS 0x000000074fc00000, 0x000000074fc00000| Untracked 
| 633|0x000000074fe00000, 0x000000074fe00000, 0x0000000750000000|  0%| F|  |TAMS 0x000000074fe00000, 0x000000074fe00000| Untracked 
| 634|0x0000000750000000, 0x0000000750000000, 0x0000000750200000|  0%| F|  |TAMS 0x0000000750000000, 0x0000000750000000| Untracked 
| 635|0x0000000750200000, 0x0000000750200000, 0x0000000750400000|  0%| F|  |TAMS 0x0000000750200000, 0x0000000750200000| Untracked 
| 636|0x0000000750400000, 0x0000000750400000, 0x0000000750600000|  0%| F|  |TAMS 0x0000000750400000, 0x0000000750400000| Untracked 
| 637|0x0000000750600000, 0x0000000750600000, 0x0000000750800000|  0%| F|  |TAMS 0x0000000750600000, 0x0000000750600000| Untracked 
| 638|0x0000000750800000, 0x0000000750800000, 0x0000000750a00000|  0%| F|  |TAMS 0x0000000750800000, 0x0000000750800000| Untracked 
| 639|0x0000000750a00000, 0x0000000750a00000, 0x0000000750c00000|  0%| F|  |TAMS 0x0000000750a00000, 0x0000000750a00000| Untracked 
| 640|0x0000000750c00000, 0x0000000750c00000, 0x0000000750e00000|  0%| F|  |TAMS 0x0000000750c00000, 0x0000000750c00000| Untracked 
| 641|0x0000000750e00000, 0x0000000750e00000, 0x0000000751000000|  0%| F|  |TAMS 0x0000000750e00000, 0x0000000750e00000| Untracked 
| 642|0x0000000751000000, 0x0000000751000000, 0x0000000751200000|  0%| F|  |TAMS 0x0000000751000000, 0x0000000751000000| Untracked 
| 643|0x0000000751200000, 0x0000000751200000, 0x0000000751400000|  0%| F|  |TAMS 0x0000000751200000, 0x0000000751200000| Untracked 
| 644|0x0000000751400000, 0x0000000751400000, 0x0000000751600000|  0%| F|  |TAMS 0x0000000751400000, 0x0000000751400000| Untracked 
| 645|0x0000000751600000, 0x0000000751600000, 0x0000000751800000|  0%| F|  |TAMS 0x0000000751600000, 0x0000000751600000| Untracked 
| 646|0x0000000751800000, 0x0000000751800000, 0x0000000751a00000|  0%| F|  |TAMS 0x0000000751800000, 0x0000000751800000| Untracked 
| 647|0x0000000751a00000, 0x0000000751a00000, 0x0000000751c00000|  0%| F|  |TAMS 0x0000000751a00000, 0x0000000751a00000| Untracked 
| 648|0x0000000751c00000, 0x0000000751c00000, 0x0000000751e00000|  0%| F|  |TAMS 0x0000000751c00000, 0x0000000751c00000| Untracked 
| 649|0x0000000751e00000, 0x0000000751e00000, 0x0000000752000000|  0%| F|  |TAMS 0x0000000751e00000, 0x0000000751e00000| Untracked 
| 650|0x0000000752000000, 0x0000000752000000, 0x0000000752200000|  0%| F|  |TAMS 0x0000000752000000, 0x0000000752000000| Untracked 
| 651|0x0000000752200000, 0x0000000752200000, 0x0000000752400000|  0%| F|  |TAMS 0x0000000752200000, 0x0000000752200000| Untracked 
| 652|0x0000000752400000, 0x0000000752400000, 0x0000000752600000|  0%| F|  |TAMS 0x0000000752400000, 0x0000000752400000| Untracked 
| 653|0x0000000752600000, 0x0000000752600000, 0x0000000752800000|  0%| F|  |TAMS 0x0000000752600000, 0x0000000752600000| Untracked 
| 654|0x0000000752800000, 0x0000000752800000, 0x0000000752a00000|  0%| F|  |TAMS 0x0000000752800000, 0x0000000752800000| Untracked 
| 655|0x0000000752a00000, 0x0000000752a00000, 0x0000000752c00000|  0%| F|  |TAMS 0x0000000752a00000, 0x0000000752a00000| Untracked 
| 656|0x0000000752c00000, 0x0000000752c00000, 0x0000000752e00000|  0%| F|  |TAMS 0x0000000752c00000, 0x0000000752c00000| Untracked 
| 657|0x0000000752e00000, 0x0000000752e00000, 0x0000000753000000|  0%| F|  |TAMS 0x0000000752e00000, 0x0000000752e00000| Untracked 
| 658|0x0000000753000000, 0x0000000753000000, 0x0000000753200000|  0%| F|  |TAMS 0x0000000753000000, 0x0000000753000000| Untracked 
| 659|0x0000000753200000, 0x0000000753200000, 0x0000000753400000|  0%| F|  |TAMS 0x0000000753200000, 0x0000000753200000| Untracked 
| 660|0x0000000753400000, 0x0000000753400000, 0x0000000753600000|  0%| F|  |TAMS 0x0000000753400000, 0x0000000753400000| Untracked 
| 661|0x0000000753600000, 0x0000000753600000, 0x0000000753800000|  0%| F|  |TAMS 0x0000000753600000, 0x0000000753600000| Untracked 
| 662|0x0000000753800000, 0x0000000753800000, 0x0000000753a00000|  0%| F|  |TAMS 0x0000000753800000, 0x0000000753800000| Untracked 
| 663|0x0000000753a00000, 0x0000000753a00000, 0x0000000753c00000|  0%| F|  |TAMS 0x0000000753a00000, 0x0000000753a00000| Untracked 
| 664|0x0000000753c00000, 0x0000000753c00000, 0x0000000753e00000|  0%| F|  |TAMS 0x0000000753c00000, 0x0000000753c00000| Untracked 
| 665|0x0000000753e00000, 0x0000000753e00000, 0x0000000754000000|  0%| F|  |TAMS 0x0000000753e00000, 0x0000000753e00000| Untracked 
| 666|0x0000000754000000, 0x0000000754000000, 0x0000000754200000|  0%| F|  |TAMS 0x0000000754000000, 0x0000000754000000| Untracked 
| 667|0x0000000754200000, 0x0000000754200000, 0x0000000754400000|  0%| F|  |TAMS 0x0000000754200000, 0x0000000754200000| Untracked 
| 668|0x0000000754400000, 0x0000000754400000, 0x0000000754600000|  0%| F|  |TAMS 0x0000000754400000, 0x0000000754400000| Untracked 
| 669|0x0000000754600000, 0x0000000754600000, 0x0000000754800000|  0%| F|  |TAMS 0x0000000754600000, 0x0000000754600000| Untracked 
| 670|0x0000000754800000, 0x0000000754800000, 0x0000000754a00000|  0%| F|  |TAMS 0x0000000754800000, 0x0000000754800000| Untracked 
| 671|0x0000000754a00000, 0x0000000754a00000, 0x0000000754c00000|  0%| F|  |TAMS 0x0000000754a00000, 0x0000000754a00000| Untracked 
| 672|0x0000000754c00000, 0x0000000754c00000, 0x0000000754e00000|  0%| F|  |TAMS 0x0000000754c00000, 0x0000000754c00000| Untracked 
| 673|0x0000000754e00000, 0x0000000754e00000, 0x0000000755000000|  0%| F|  |TAMS 0x0000000754e00000, 0x0000000754e00000| Untracked 
| 674|0x0000000755000000, 0x0000000755000000, 0x0000000755200000|  0%| F|  |TAMS 0x0000000755000000, 0x0000000755000000| Untracked 
| 675|0x0000000755200000, 0x0000000755200000, 0x0000000755400000|  0%| F|  |TAMS 0x0000000755200000, 0x0000000755200000| Untracked 
| 676|0x0000000755400000, 0x0000000755400000, 0x0000000755600000|  0%| F|  |TAMS 0x0000000755400000, 0x0000000755400000| Untracked 
| 677|0x0000000755600000, 0x0000000755600000, 0x0000000755800000|  0%| F|  |TAMS 0x0000000755600000, 0x0000000755600000| Untracked 
| 678|0x0000000755800000, 0x0000000755800000, 0x0000000755a00000|  0%| F|  |TAMS 0x0000000755800000, 0x0000000755800000| Untracked 
| 679|0x0000000755a00000, 0x0000000755a00000, 0x0000000755c00000|  0%| F|  |TAMS 0x0000000755a00000, 0x0000000755a00000| Untracked 
| 680|0x0000000755c00000, 0x0000000755c00000, 0x0000000755e00000|  0%| F|  |TAMS 0x0000000755c00000, 0x0000000755c00000| Untracked 
| 681|0x0000000755e00000, 0x0000000755e00000, 0x0000000756000000|  0%| F|  |TAMS 0x0000000755e00000, 0x0000000755e00000| Untracked 
| 682|0x0000000756000000, 0x0000000756000000, 0x0000000756200000|  0%| F|  |TAMS 0x0000000756000000, 0x0000000756000000| Untracked 
| 683|0x0000000756200000, 0x0000000756200000, 0x0000000756400000|  0%| F|  |TAMS 0x0000000756200000, 0x0000000756200000| Untracked 
| 684|0x0000000756400000, 0x0000000756400000, 0x0000000756600000|  0%| F|  |TAMS 0x0000000756400000, 0x0000000756400000| Untracked 
| 685|0x0000000756600000, 0x0000000756600000, 0x0000000756800000|  0%| F|  |TAMS 0x0000000756600000, 0x0000000756600000| Untracked 
| 686|0x0000000756800000, 0x0000000756800000, 0x0000000756a00000|  0%| F|  |TAMS 0x0000000756800000, 0x0000000756800000| Untracked 
| 687|0x0000000756a00000, 0x0000000756a00000, 0x0000000756c00000|  0%| F|  |TAMS 0x0000000756a00000, 0x0000000756a00000| Untracked 
| 688|0x0000000756c00000, 0x0000000756c00000, 0x0000000756e00000|  0%| F|  |TAMS 0x0000000756c00000, 0x0000000756c00000| Untracked 
| 689|0x0000000756e00000, 0x0000000756e00000, 0x0000000757000000|  0%| F|  |TAMS 0x0000000756e00000, 0x0000000756e00000| Untracked 
| 690|0x0000000757000000, 0x0000000757000000, 0x0000000757200000|  0%| F|  |TAMS 0x0000000757000000, 0x0000000757000000| Untracked 
| 691|0x0000000757200000, 0x0000000757200000, 0x0000000757400000|  0%| F|  |TAMS 0x0000000757200000, 0x0000000757200000| Untracked 
| 692|0x0000000757400000, 0x0000000757400000, 0x0000000757600000|  0%| F|  |TAMS 0x0000000757400000, 0x0000000757400000| Untracked 
| 693|0x0000000757600000, 0x0000000757600000, 0x0000000757800000|  0%| F|  |TAMS 0x0000000757600000, 0x0000000757600000| Untracked 
| 694|0x0000000757800000, 0x0000000757800000, 0x0000000757a00000|  0%| F|  |TAMS 0x0000000757800000, 0x0000000757800000| Untracked 
| 695|0x0000000757a00000, 0x0000000757a00000, 0x0000000757c00000|  0%| F|  |TAMS 0x0000000757a00000, 0x0000000757a00000| Untracked 
| 696|0x0000000757c00000, 0x0000000757c00000, 0x0000000757e00000|  0%| F|  |TAMS 0x0000000757c00000, 0x0000000757c00000| Untracked 
| 697|0x0000000757e00000, 0x0000000757e00000, 0x0000000758000000|  0%| F|  |TAMS 0x0000000757e00000, 0x0000000757e00000| Untracked 
| 698|0x0000000758000000, 0x0000000758000000, 0x0000000758200000|  0%| F|  |TAMS 0x0000000758000000, 0x0000000758000000| Untracked 
| 699|0x0000000758200000, 0x0000000758200000, 0x0000000758400000|  0%| F|  |TAMS 0x0000000758200000, 0x0000000758200000| Untracked 
| 700|0x0000000758400000, 0x0000000758400000, 0x0000000758600000|  0%| F|  |TAMS 0x0000000758400000, 0x0000000758400000| Untracked 
| 701|0x0000000758600000, 0x0000000758600000, 0x0000000758800000|  0%| F|  |TAMS 0x0000000758600000, 0x0000000758600000| Untracked 
| 702|0x0000000758800000, 0x0000000758800000, 0x0000000758a00000|  0%| F|  |TAMS 0x0000000758800000, 0x0000000758800000| Untracked 
| 703|0x0000000758a00000, 0x0000000758a00000, 0x0000000758c00000|  0%| F|  |TAMS 0x0000000758a00000, 0x0000000758a00000| Untracked 
| 704|0x0000000758c00000, 0x0000000758c00000, 0x0000000758e00000|  0%| F|  |TAMS 0x0000000758c00000, 0x0000000758c00000| Untracked 
| 705|0x0000000758e00000, 0x0000000758e00000, 0x0000000759000000|  0%| F|  |TAMS 0x0000000758e00000, 0x0000000758e00000| Untracked 
| 706|0x0000000759000000, 0x0000000759000000, 0x0000000759200000|  0%| F|  |TAMS 0x0000000759000000, 0x0000000759000000| Untracked 
| 707|0x0000000759200000, 0x0000000759200000, 0x0000000759400000|  0%| F|  |TAMS 0x0000000759200000, 0x0000000759200000| Untracked 
| 708|0x0000000759400000, 0x0000000759400000, 0x0000000759600000|  0%| F|  |TAMS 0x0000000759400000, 0x0000000759400000| Untracked 
| 709|0x0000000759600000, 0x0000000759600000, 0x0000000759800000|  0%| F|  |TAMS 0x0000000759600000, 0x0000000759600000| Untracked 
| 710|0x0000000759800000, 0x0000000759800000, 0x0000000759a00000|  0%| F|  |TAMS 0x0000000759800000, 0x0000000759800000| Untracked 
| 711|0x0000000759a00000, 0x0000000759a00000, 0x0000000759c00000|  0%| F|  |TAMS 0x0000000759a00000, 0x0000000759a00000| Untracked 
| 712|0x0000000759c00000, 0x0000000759c00000, 0x0000000759e00000|  0%| F|  |TAMS 0x0000000759c00000, 0x0000000759c00000| Untracked 
| 713|0x0000000759e00000, 0x0000000759e00000, 0x000000075a000000|  0%| F|  |TAMS 0x0000000759e00000, 0x0000000759e00000| Untracked 
| 714|0x000000075a000000, 0x000000075a000000, 0x000000075a200000|  0%| F|  |TAMS 0x000000075a000000, 0x000000075a000000| Untracked 
| 715|0x000000075a200000, 0x000000075a200000, 0x000000075a400000|  0%| F|  |TAMS 0x000000075a200000, 0x000000075a200000| Untracked 
| 716|0x000000075a400000, 0x000000075a400000, 0x000000075a600000|  0%| F|  |TAMS 0x000000075a400000, 0x000000075a400000| Untracked 
| 717|0x000000075a600000, 0x000000075a600000, 0x000000075a800000|  0%| F|  |TAMS 0x000000075a600000, 0x000000075a600000| Untracked 
| 718|0x000000075a800000, 0x000000075a800000, 0x000000075aa00000|  0%| F|  |TAMS 0x000000075a800000, 0x000000075a800000| Untracked 
| 719|0x000000075aa00000, 0x000000075aa00000, 0x000000075ac00000|  0%| F|  |TAMS 0x000000075aa00000, 0x000000075aa00000| Untracked 
| 720|0x000000075ac00000, 0x000000075ac00000, 0x000000075ae00000|  0%| F|  |TAMS 0x000000075ac00000, 0x000000075ac00000| Untracked 
| 721|0x000000075ae00000, 0x000000075ae00000, 0x000000075b000000|  0%| F|  |TAMS 0x000000075ae00000, 0x000000075ae00000| Untracked 
| 722|0x000000075b000000, 0x000000075b000000, 0x000000075b200000|  0%| F|  |TAMS 0x000000075b000000, 0x000000075b000000| Untracked 
| 723|0x000000075b200000, 0x000000075b200000, 0x000000075b400000|  0%| F|  |TAMS 0x000000075b200000, 0x000000075b200000| Untracked 
| 724|0x000000075b400000, 0x000000075b400000, 0x000000075b600000|  0%| F|  |TAMS 0x000000075b400000, 0x000000075b400000| Untracked 
| 725|0x000000075b600000, 0x000000075b600000, 0x000000075b800000|  0%| F|  |TAMS 0x000000075b600000, 0x000000075b600000| Untracked 
| 726|0x000000075b800000, 0x000000075b800000, 0x000000075ba00000|  0%| F|  |TAMS 0x000000075b800000, 0x000000075b800000| Untracked 
| 727|0x000000075ba00000, 0x000000075ba00000, 0x000000075bc00000|  0%| F|  |TAMS 0x000000075ba00000, 0x000000075ba00000| Untracked 
| 728|0x000000075bc00000, 0x000000075bc00000, 0x000000075be00000|  0%| F|  |TAMS 0x000000075bc00000, 0x000000075bc00000| Untracked 
| 729|0x000000075be00000, 0x000000075be00000, 0x000000075c000000|  0%| F|  |TAMS 0x000000075be00000, 0x000000075be00000| Untracked 
| 730|0x000000075c000000, 0x000000075c000000, 0x000000075c200000|  0%| F|  |TAMS 0x000000075c000000, 0x000000075c000000| Untracked 
| 731|0x000000075c200000, 0x000000075c200000, 0x000000075c400000|  0%| F|  |TAMS 0x000000075c200000, 0x000000075c200000| Untracked 
| 732|0x000000075c400000, 0x000000075c400000, 0x000000075c600000|  0%| F|  |TAMS 0x000000075c400000, 0x000000075c400000| Untracked 
| 733|0x000000075c600000, 0x000000075c600000, 0x000000075c800000|  0%| F|  |TAMS 0x000000075c600000, 0x000000075c600000| Untracked 
| 734|0x000000075c800000, 0x000000075c800000, 0x000000075ca00000|  0%| F|  |TAMS 0x000000075c800000, 0x000000075c800000| Untracked 
| 735|0x000000075ca00000, 0x000000075ca00000, 0x000000075cc00000|  0%| F|  |TAMS 0x000000075ca00000, 0x000000075ca00000| Untracked 
| 736|0x000000075cc00000, 0x000000075cc00000, 0x000000075ce00000|  0%| F|  |TAMS 0x000000075cc00000, 0x000000075cc00000| Untracked 
| 737|0x000000075ce00000, 0x000000075ce00000, 0x000000075d000000|  0%| F|  |TAMS 0x000000075ce00000, 0x000000075ce00000| Untracked 
| 738|0x000000075d000000, 0x000000075d000000, 0x000000075d200000|  0%| F|  |TAMS 0x000000075d000000, 0x000000075d000000| Untracked 
| 739|0x000000075d200000, 0x000000075d200000, 0x000000075d400000|  0%| F|  |TAMS 0x000000075d200000, 0x000000075d200000| Untracked 
| 740|0x000000075d400000, 0x000000075d400000, 0x000000075d600000|  0%| F|  |TAMS 0x000000075d400000, 0x000000075d400000| Untracked 
| 741|0x000000075d600000, 0x000000075d600000, 0x000000075d800000|  0%| F|  |TAMS 0x000000075d600000, 0x000000075d600000| Untracked 
| 742|0x000000075d800000, 0x000000075d800000, 0x000000075da00000|  0%| F|  |TAMS 0x000000075d800000, 0x000000075d800000| Untracked 
| 743|0x000000075da00000, 0x000000075da00000, 0x000000075dc00000|  0%| F|  |TAMS 0x000000075da00000, 0x000000075da00000| Untracked 
| 744|0x000000075dc00000, 0x000000075dc00000, 0x000000075de00000|  0%| F|  |TAMS 0x000000075dc00000, 0x000000075dc00000| Untracked 
| 745|0x000000075de00000, 0x000000075de00000, 0x000000075e000000|  0%| F|  |TAMS 0x000000075de00000, 0x000000075de00000| Untracked 
| 746|0x000000075e000000, 0x000000075e000000, 0x000000075e200000|  0%| F|  |TAMS 0x000000075e000000, 0x000000075e000000| Untracked 
| 747|0x000000075e200000, 0x000000075e200000, 0x000000075e400000|  0%| F|  |TAMS 0x000000075e200000, 0x000000075e200000| Untracked 
| 748|0x000000075e400000, 0x000000075e400000, 0x000000075e600000|  0%| F|  |TAMS 0x000000075e400000, 0x000000075e400000| Untracked 
| 749|0x000000075e600000, 0x000000075e600000, 0x000000075e800000|  0%| F|  |TAMS 0x000000075e600000, 0x000000075e600000| Untracked 
| 750|0x000000075e800000, 0x000000075e800000, 0x000000075ea00000|  0%| F|  |TAMS 0x000000075e800000, 0x000000075e800000| Untracked 
| 751|0x000000075ea00000, 0x000000075ea00000, 0x000000075ec00000|  0%| F|  |TAMS 0x000000075ea00000, 0x000000075ea00000| Untracked 
| 752|0x000000075ec00000, 0x000000075ec00000, 0x000000075ee00000|  0%| F|  |TAMS 0x000000075ec00000, 0x000000075ec00000| Untracked 
| 753|0x000000075ee00000, 0x000000075ee00000, 0x000000075f000000|  0%| F|  |TAMS 0x000000075ee00000, 0x000000075ee00000| Untracked 
| 754|0x000000075f000000, 0x000000075f000000, 0x000000075f200000|  0%| F|  |TAMS 0x000000075f000000, 0x000000075f000000| Untracked 
| 755|0x000000075f200000, 0x000000075f200000, 0x000000075f400000|  0%| F|  |TAMS 0x000000075f200000, 0x000000075f200000| Untracked 
| 756|0x000000075f400000, 0x000000075f400000, 0x000000075f600000|  0%| F|  |TAMS 0x000000075f400000, 0x000000075f400000| Untracked 
| 757|0x000000075f600000, 0x000000075f600000, 0x000000075f800000|  0%| F|  |TAMS 0x000000075f600000, 0x000000075f600000| Untracked 
| 758|0x000000075f800000, 0x000000075f800000, 0x000000075fa00000|  0%| F|  |TAMS 0x000000075f800000, 0x000000075f800000| Untracked 
| 759|0x000000075fa00000, 0x000000075fa00000, 0x000000075fc00000|  0%| F|  |TAMS 0x000000075fa00000, 0x000000075fa00000| Untracked 
| 760|0x000000075fc00000, 0x000000075fc00000, 0x000000075fe00000|  0%| F|  |TAMS 0x000000075fc00000, 0x000000075fc00000| Untracked 
| 761|0x000000075fe00000, 0x000000075fe00000, 0x0000000760000000|  0%| F|  |TAMS 0x000000075fe00000, 0x000000075fe00000| Untracked 
| 762|0x0000000760000000, 0x0000000760000000, 0x0000000760200000|  0%| F|  |TAMS 0x0000000760000000, 0x0000000760000000| Untracked 
| 763|0x0000000760200000, 0x0000000760200000, 0x0000000760400000|  0%| F|  |TAMS 0x0000000760200000, 0x0000000760200000| Untracked 
| 764|0x0000000760400000, 0x0000000760400000, 0x0000000760600000|  0%| F|  |TAMS 0x0000000760400000, 0x0000000760400000| Untracked 
| 765|0x0000000760600000, 0x0000000760600000, 0x0000000760800000|  0%| F|  |TAMS 0x0000000760600000, 0x0000000760600000| Untracked 
| 766|0x0000000760800000, 0x0000000760800000, 0x0000000760a00000|  0%| F|  |TAMS 0x0000000760800000, 0x0000000760800000| Untracked 
| 767|0x0000000760a00000, 0x0000000760a00000, 0x0000000760c00000|  0%| F|  |TAMS 0x0000000760a00000, 0x0000000760a00000| Untracked 
| 768|0x0000000760c00000, 0x0000000760c00000, 0x0000000760e00000|  0%| F|  |TAMS 0x0000000760c00000, 0x0000000760c00000| Untracked 
| 769|0x0000000760e00000, 0x0000000760e00000, 0x0000000761000000|  0%| F|  |TAMS 0x0000000760e00000, 0x0000000760e00000| Untracked 
| 770|0x0000000761000000, 0x0000000761000000, 0x0000000761200000|  0%| F|  |TAMS 0x0000000761000000, 0x0000000761000000| Untracked 
| 771|0x0000000761200000, 0x0000000761200000, 0x0000000761400000|  0%| F|  |TAMS 0x0000000761200000, 0x0000000761200000| Untracked 
| 772|0x0000000761400000, 0x0000000761400000, 0x0000000761600000|  0%| F|  |TAMS 0x0000000761400000, 0x0000000761400000| Untracked 
| 773|0x0000000761600000, 0x0000000761600000, 0x0000000761800000|  0%| F|  |TAMS 0x0000000761600000, 0x0000000761600000| Untracked 
| 774|0x0000000761800000, 0x0000000761800000, 0x0000000761a00000|  0%| F|  |TAMS 0x0000000761800000, 0x0000000761800000| Untracked 
| 775|0x0000000761a00000, 0x0000000761a00000, 0x0000000761c00000|  0%| F|  |TAMS 0x0000000761a00000, 0x0000000761a00000| Untracked 
| 776|0x0000000761c00000, 0x0000000761c00000, 0x0000000761e00000|  0%| F|  |TAMS 0x0000000761c00000, 0x0000000761c00000| Untracked 
| 777|0x0000000761e00000, 0x0000000761e00000, 0x0000000762000000|  0%| F|  |TAMS 0x0000000761e00000, 0x0000000761e00000| Untracked 
| 778|0x0000000762000000, 0x0000000762000000, 0x0000000762200000|  0%| F|  |TAMS 0x0000000762000000, 0x0000000762000000| Untracked 
| 779|0x0000000762200000, 0x0000000762200000, 0x0000000762400000|  0%| F|  |TAMS 0x0000000762200000, 0x0000000762200000| Untracked 
| 780|0x0000000762400000, 0x0000000762400000, 0x0000000762600000|  0%| F|  |TAMS 0x0000000762400000, 0x0000000762400000| Untracked 
| 781|0x0000000762600000, 0x0000000762600000, 0x0000000762800000|  0%| F|  |TAMS 0x0000000762600000, 0x0000000762600000| Untracked 
| 782|0x0000000762800000, 0x0000000762800000, 0x0000000762a00000|  0%| F|  |TAMS 0x0000000762800000, 0x0000000762800000| Untracked 
| 783|0x0000000762a00000, 0x0000000762a00000, 0x0000000762c00000|  0%| F|  |TAMS 0x0000000762a00000, 0x0000000762a00000| Untracked 
| 784|0x0000000762c00000, 0x0000000762c00000, 0x0000000762e00000|  0%| F|  |TAMS 0x0000000762c00000, 0x0000000762c00000| Untracked 
| 785|0x0000000762e00000, 0x0000000762e00000, 0x0000000763000000|  0%| F|  |TAMS 0x0000000762e00000, 0x0000000762e00000| Untracked 
| 786|0x0000000763000000, 0x0000000763000000, 0x0000000763200000|  0%| F|  |TAMS 0x0000000763000000, 0x0000000763000000| Untracked 
| 787|0x0000000763200000, 0x0000000763200000, 0x0000000763400000|  0%| F|  |TAMS 0x0000000763200000, 0x0000000763200000| Untracked 
| 788|0x0000000763400000, 0x0000000763400000, 0x0000000763600000|  0%| F|  |TAMS 0x0000000763400000, 0x0000000763400000| Untracked 
| 789|0x0000000763600000, 0x0000000763600000, 0x0000000763800000|  0%| F|  |TAMS 0x0000000763600000, 0x0000000763600000| Untracked 
| 790|0x0000000763800000, 0x0000000763800000, 0x0000000763a00000|  0%| F|  |TAMS 0x0000000763800000, 0x0000000763800000| Untracked 
| 791|0x0000000763a00000, 0x0000000763a00000, 0x0000000763c00000|  0%| F|  |TAMS 0x0000000763a00000, 0x0000000763a00000| Untracked 
| 792|0x0000000763c00000, 0x0000000763c00000, 0x0000000763e00000|  0%| F|  |TAMS 0x0000000763c00000, 0x0000000763c00000| Untracked 
| 793|0x0000000763e00000, 0x0000000763e00000, 0x0000000764000000|  0%| F|  |TAMS 0x0000000763e00000, 0x0000000763e00000| Untracked 
| 794|0x0000000764000000, 0x0000000764000000, 0x0000000764200000|  0%| F|  |TAMS 0x0000000764000000, 0x0000000764000000| Untracked 
| 795|0x0000000764200000, 0x0000000764200000, 0x0000000764400000|  0%| F|  |TAMS 0x0000000764200000, 0x0000000764200000| Untracked 
| 796|0x0000000764400000, 0x0000000764400000, 0x0000000764600000|  0%| F|  |TAMS 0x0000000764400000, 0x0000000764400000| Untracked 
| 797|0x0000000764600000, 0x0000000764600000, 0x0000000764800000|  0%| F|  |TAMS 0x0000000764600000, 0x0000000764600000| Untracked 
| 798|0x0000000764800000, 0x0000000764800000, 0x0000000764a00000|  0%| F|  |TAMS 0x0000000764800000, 0x0000000764800000| Untracked 
| 799|0x0000000764a00000, 0x0000000764a00000, 0x0000000764c00000|  0%| F|  |TAMS 0x0000000764a00000, 0x0000000764a00000| Untracked 
| 800|0x0000000764c00000, 0x0000000764c00000, 0x0000000764e00000|  0%| F|  |TAMS 0x0000000764c00000, 0x0000000764c00000| Untracked 
| 801|0x0000000764e00000, 0x0000000764e00000, 0x0000000765000000|  0%| F|  |TAMS 0x0000000764e00000, 0x0000000764e00000| Untracked 
| 802|0x0000000765000000, 0x0000000765000000, 0x0000000765200000|  0%| F|  |TAMS 0x0000000765000000, 0x0000000765000000| Untracked 
| 803|0x0000000765200000, 0x0000000765200000, 0x0000000765400000|  0%| F|  |TAMS 0x0000000765200000, 0x0000000765200000| Untracked 
| 804|0x0000000765400000, 0x0000000765400000, 0x0000000765600000|  0%| F|  |TAMS 0x0000000765400000, 0x0000000765400000| Untracked 
| 805|0x0000000765600000, 0x0000000765600000, 0x0000000765800000|  0%| F|  |TAMS 0x0000000765600000, 0x0000000765600000| Untracked 
| 806|0x0000000765800000, 0x0000000765800000, 0x0000000765a00000|  0%| F|  |TAMS 0x0000000765800000, 0x0000000765800000| Untracked 
| 807|0x0000000765a00000, 0x0000000765a00000, 0x0000000765c00000|  0%| F|  |TAMS 0x0000000765a00000, 0x0000000765a00000| Untracked 
| 808|0x0000000765c00000, 0x0000000765c00000, 0x0000000765e00000|  0%| F|  |TAMS 0x0000000765c00000, 0x0000000765c00000| Untracked 
| 809|0x0000000765e00000, 0x0000000765e00000, 0x0000000766000000|  0%| F|  |TAMS 0x0000000765e00000, 0x0000000765e00000| Untracked 
| 810|0x0000000766000000, 0x0000000766000000, 0x0000000766200000|  0%| F|  |TAMS 0x0000000766000000, 0x0000000766000000| Untracked 
| 811|0x0000000766200000, 0x0000000766200000, 0x0000000766400000|  0%| F|  |TAMS 0x0000000766200000, 0x0000000766200000| Untracked 
| 812|0x0000000766400000, 0x0000000766400000, 0x0000000766600000|  0%| F|  |TAMS 0x0000000766400000, 0x0000000766400000| Untracked 
| 813|0x0000000766600000, 0x0000000766600000, 0x0000000766800000|  0%| F|  |TAMS 0x0000000766600000, 0x0000000766600000| Untracked 
| 814|0x0000000766800000, 0x0000000766800000, 0x0000000766a00000|  0%| F|  |TAMS 0x0000000766800000, 0x0000000766800000| Untracked 
| 815|0x0000000766a00000, 0x0000000766a00000, 0x0000000766c00000|  0%| F|  |TAMS 0x0000000766a00000, 0x0000000766a00000| Untracked 
| 816|0x0000000766c00000, 0x0000000766c00000, 0x0000000766e00000|  0%| F|  |TAMS 0x0000000766c00000, 0x0000000766c00000| Untracked 
| 817|0x0000000766e00000, 0x0000000766e00000, 0x0000000767000000|  0%| F|  |TAMS 0x0000000766e00000, 0x0000000766e00000| Untracked 
| 818|0x0000000767000000, 0x0000000767000000, 0x0000000767200000|  0%| F|  |TAMS 0x0000000767000000, 0x0000000767000000| Untracked 
| 819|0x0000000767200000, 0x0000000767200000, 0x0000000767400000|  0%| F|  |TAMS 0x0000000767200000, 0x0000000767200000| Untracked 
| 820|0x0000000767400000, 0x0000000767400000, 0x0000000767600000|  0%| F|  |TAMS 0x0000000767400000, 0x0000000767400000| Untracked 
| 821|0x0000000767600000, 0x0000000767600000, 0x0000000767800000|  0%| F|  |TAMS 0x0000000767600000, 0x0000000767600000| Untracked 
| 822|0x0000000767800000, 0x0000000767800000, 0x0000000767a00000|  0%| F|  |TAMS 0x0000000767800000, 0x0000000767800000| Untracked 
| 823|0x0000000767a00000, 0x0000000767a00000, 0x0000000767c00000|  0%| F|  |TAMS 0x0000000767a00000, 0x0000000767a00000| Untracked 
| 824|0x0000000767c00000, 0x0000000767c00000, 0x0000000767e00000|  0%| F|  |TAMS 0x0000000767c00000, 0x0000000767c00000| Untracked 
| 825|0x0000000767e00000, 0x0000000767e00000, 0x0000000768000000|  0%| F|  |TAMS 0x0000000767e00000, 0x0000000767e00000| Untracked 
| 826|0x0000000768000000, 0x0000000768000000, 0x0000000768200000|  0%| F|  |TAMS 0x0000000768000000, 0x0000000768000000| Untracked 
| 827|0x0000000768200000, 0x0000000768200000, 0x0000000768400000|  0%| F|  |TAMS 0x0000000768200000, 0x0000000768200000| Untracked 
| 828|0x0000000768400000, 0x0000000768400000, 0x0000000768600000|  0%| F|  |TAMS 0x0000000768400000, 0x0000000768400000| Untracked 
| 829|0x0000000768600000, 0x0000000768600000, 0x0000000768800000|  0%| F|  |TAMS 0x0000000768600000, 0x0000000768600000| Untracked 
| 830|0x0000000768800000, 0x0000000768800000, 0x0000000768a00000|  0%| F|  |TAMS 0x0000000768800000, 0x0000000768800000| Untracked 
| 831|0x0000000768a00000, 0x0000000768a00000, 0x0000000768c00000|  0%| F|  |TAMS 0x0000000768a00000, 0x0000000768a00000| Untracked 
| 832|0x0000000768c00000, 0x0000000768c00000, 0x0000000768e00000|  0%| F|  |TAMS 0x0000000768c00000, 0x0000000768c00000| Untracked 
| 833|0x0000000768e00000, 0x0000000768e00000, 0x0000000769000000|  0%| F|  |TAMS 0x0000000768e00000, 0x0000000768e00000| Untracked 
| 834|0x0000000769000000, 0x0000000769000000, 0x0000000769200000|  0%| F|  |TAMS 0x0000000769000000, 0x0000000769000000| Untracked 
| 835|0x0000000769200000, 0x0000000769200000, 0x0000000769400000|  0%| F|  |TAMS 0x0000000769200000, 0x0000000769200000| Untracked 
| 836|0x0000000769400000, 0x0000000769400000, 0x0000000769600000|  0%| F|  |TAMS 0x0000000769400000, 0x0000000769400000| Untracked 
| 837|0x0000000769600000, 0x0000000769600000, 0x0000000769800000|  0%| F|  |TAMS 0x0000000769600000, 0x0000000769600000| Untracked 
| 838|0x0000000769800000, 0x0000000769800000, 0x0000000769a00000|  0%| F|  |TAMS 0x0000000769800000, 0x0000000769800000| Untracked 
| 839|0x0000000769a00000, 0x0000000769a00000, 0x0000000769c00000|  0%| F|  |TAMS 0x0000000769a00000, 0x0000000769a00000| Untracked 
| 840|0x0000000769c00000, 0x0000000769c00000, 0x0000000769e00000|  0%| F|  |TAMS 0x0000000769c00000, 0x0000000769c00000| Untracked 
| 841|0x0000000769e00000, 0x0000000769e00000, 0x000000076a000000|  0%| F|  |TAMS 0x0000000769e00000, 0x0000000769e00000| Untracked 
| 842|0x000000076a000000, 0x000000076a000000, 0x000000076a200000|  0%| F|  |TAMS 0x000000076a000000, 0x000000076a000000| Untracked 
| 843|0x000000076a200000, 0x000000076a200000, 0x000000076a400000|  0%| F|  |TAMS 0x000000076a200000, 0x000000076a200000| Untracked 
| 844|0x000000076a400000, 0x000000076a400000, 0x000000076a600000|  0%| F|  |TAMS 0x000000076a400000, 0x000000076a400000| Untracked 
| 845|0x000000076a600000, 0x000000076a600000, 0x000000076a800000|  0%| F|  |TAMS 0x000000076a600000, 0x000000076a600000| Untracked 
| 846|0x000000076a800000, 0x000000076a800000, 0x000000076aa00000|  0%| F|  |TAMS 0x000000076a800000, 0x000000076a800000| Untracked 
| 847|0x000000076aa00000, 0x000000076aa00000, 0x000000076ac00000|  0%| F|  |TAMS 0x000000076aa00000, 0x000000076aa00000| Untracked 
| 848|0x000000076ac00000, 0x000000076ac00000, 0x000000076ae00000|  0%| F|  |TAMS 0x000000076ac00000, 0x000000076ac00000| Untracked 
| 849|0x000000076ae00000, 0x000000076ae00000, 0x000000076b000000|  0%| F|  |TAMS 0x000000076ae00000, 0x000000076ae00000| Untracked 
| 850|0x000000076b000000, 0x000000076b000000, 0x000000076b200000|  0%| F|  |TAMS 0x000000076b000000, 0x000000076b000000| Untracked 
| 851|0x000000076b200000, 0x000000076b200000, 0x000000076b400000|  0%| F|  |TAMS 0x000000076b200000, 0x000000076b200000| Untracked 
| 852|0x000000076b400000, 0x000000076b400000, 0x000000076b600000|  0%| F|  |TAMS 0x000000076b400000, 0x000000076b400000| Untracked 
| 853|0x000000076b600000, 0x000000076b600000, 0x000000076b800000|  0%| F|  |TAMS 0x000000076b600000, 0x000000076b600000| Untracked 
| 854|0x000000076b800000, 0x000000076b800000, 0x000000076ba00000|  0%| F|  |TAMS 0x000000076b800000, 0x000000076b800000| Untracked 
| 855|0x000000076ba00000, 0x000000076ba00000, 0x000000076bc00000|  0%| F|  |TAMS 0x000000076ba00000, 0x000000076ba00000| Untracked 
| 856|0x000000076bc00000, 0x000000076bc00000, 0x000000076be00000|  0%| F|  |TAMS 0x000000076bc00000, 0x000000076bc00000| Untracked 
| 857|0x000000076be00000, 0x000000076be00000, 0x000000076c000000|  0%| F|  |TAMS 0x000000076be00000, 0x000000076be00000| Untracked 
| 858|0x000000076c000000, 0x000000076c000000, 0x000000076c200000|  0%| F|  |TAMS 0x000000076c000000, 0x000000076c000000| Untracked 
| 859|0x000000076c200000, 0x000000076c200000, 0x000000076c400000|  0%| F|  |TAMS 0x000000076c200000, 0x000000076c200000| Untracked 
| 860|0x000000076c400000, 0x000000076c400000, 0x000000076c600000|  0%| F|  |TAMS 0x000000076c400000, 0x000000076c400000| Untracked 
| 861|0x000000076c600000, 0x000000076c600000, 0x000000076c800000|  0%| F|  |TAMS 0x000000076c600000, 0x000000076c600000| Untracked 
| 862|0x000000076c800000, 0x000000076c800000, 0x000000076ca00000|  0%| F|  |TAMS 0x000000076c800000, 0x000000076c800000| Untracked 
| 863|0x000000076ca00000, 0x000000076ca00000, 0x000000076cc00000|  0%| F|  |TAMS 0x000000076ca00000, 0x000000076ca00000| Untracked 
| 864|0x000000076cc00000, 0x000000076cc00000, 0x000000076ce00000|  0%| F|  |TAMS 0x000000076cc00000, 0x000000076cc00000| Untracked 
| 865|0x000000076ce00000, 0x000000076ce00000, 0x000000076d000000|  0%| F|  |TAMS 0x000000076ce00000, 0x000000076ce00000| Untracked 
| 866|0x000000076d000000, 0x000000076d000000, 0x000000076d200000|  0%| F|  |TAMS 0x000000076d000000, 0x000000076d000000| Untracked 
| 867|0x000000076d200000, 0x000000076d200000, 0x000000076d400000|  0%| F|  |TAMS 0x000000076d200000, 0x000000076d200000| Untracked 
| 868|0x000000076d400000, 0x000000076d400000, 0x000000076d600000|  0%| F|  |TAMS 0x000000076d400000, 0x000000076d400000| Untracked 
| 869|0x000000076d600000, 0x000000076d600000, 0x000000076d800000|  0%| F|  |TAMS 0x000000076d600000, 0x000000076d600000| Untracked 
| 870|0x000000076d800000, 0x000000076d800000, 0x000000076da00000|  0%| F|  |TAMS 0x000000076d800000, 0x000000076d800000| Untracked 
| 871|0x000000076da00000, 0x000000076da00000, 0x000000076dc00000|  0%| F|  |TAMS 0x000000076da00000, 0x000000076da00000| Untracked 
| 872|0x000000076dc00000, 0x000000076dc00000, 0x000000076de00000|  0%| F|  |TAMS 0x000000076dc00000, 0x000000076dc00000| Untracked 
| 873|0x000000076de00000, 0x000000076de00000, 0x000000076e000000|  0%| F|  |TAMS 0x000000076de00000, 0x000000076de00000| Untracked 
| 874|0x000000076e000000, 0x000000076e000000, 0x000000076e200000|  0%| F|  |TAMS 0x000000076e000000, 0x000000076e000000| Untracked 
| 875|0x000000076e200000, 0x000000076e200000, 0x000000076e400000|  0%| F|  |TAMS 0x000000076e200000, 0x000000076e200000| Untracked 
| 876|0x000000076e400000, 0x000000076e400000, 0x000000076e600000|  0%| F|  |TAMS 0x000000076e400000, 0x000000076e400000| Untracked 
| 877|0x000000076e600000, 0x000000076e600000, 0x000000076e800000|  0%| F|  |TAMS 0x000000076e600000, 0x000000076e600000| Untracked 
| 878|0x000000076e800000, 0x000000076e800000, 0x000000076ea00000|  0%| F|  |TAMS 0x000000076e800000, 0x000000076e800000| Untracked 
| 879|0x000000076ea00000, 0x000000076ea00000, 0x000000076ec00000|  0%| F|  |TAMS 0x000000076ea00000, 0x000000076ea00000| Untracked 
| 880|0x000000076ec00000, 0x000000076ec00000, 0x000000076ee00000|  0%| F|  |TAMS 0x000000076ec00000, 0x000000076ec00000| Untracked 
| 881|0x000000076ee00000, 0x000000076ee00000, 0x000000076f000000|  0%| F|  |TAMS 0x000000076ee00000, 0x000000076ee00000| Untracked 
| 882|0x000000076f000000, 0x000000076f000000, 0x000000076f200000|  0%| F|  |TAMS 0x000000076f000000, 0x000000076f000000| Untracked 
| 883|0x000000076f200000, 0x000000076f200000, 0x000000076f400000|  0%| F|  |TAMS 0x000000076f200000, 0x000000076f200000| Untracked 
| 884|0x000000076f400000, 0x000000076f400000, 0x000000076f600000|  0%| F|  |TAMS 0x000000076f400000, 0x000000076f400000| Untracked 
| 885|0x000000076f600000, 0x000000076f600000, 0x000000076f800000|  0%| F|  |TAMS 0x000000076f600000, 0x000000076f600000| Untracked 
| 886|0x000000076f800000, 0x000000076f800000, 0x000000076fa00000|  0%| F|  |TAMS 0x000000076f800000, 0x000000076f800000| Untracked 
| 887|0x000000076fa00000, 0x000000076fa00000, 0x000000076fc00000|  0%| F|  |TAMS 0x000000076fa00000, 0x000000076fa00000| Untracked 
| 888|0x000000076fc00000, 0x000000076fc00000, 0x000000076fe00000|  0%| F|  |TAMS 0x000000076fc00000, 0x000000076fc00000| Untracked 
| 889|0x000000076fe00000, 0x000000076fe00000, 0x0000000770000000|  0%| F|  |TAMS 0x000000076fe00000, 0x000000076fe00000| Untracked 
| 890|0x0000000770000000, 0x0000000770000000, 0x0000000770200000|  0%| F|  |TAMS 0x0000000770000000, 0x0000000770000000| Untracked 
| 891|0x0000000770200000, 0x0000000770200000, 0x0000000770400000|  0%| F|  |TAMS 0x0000000770200000, 0x0000000770200000| Untracked 
| 892|0x0000000770400000, 0x0000000770400000, 0x0000000770600000|  0%| F|  |TAMS 0x0000000770400000, 0x0000000770400000| Untracked 
| 893|0x0000000770600000, 0x0000000770600000, 0x0000000770800000|  0%| F|  |TAMS 0x0000000770600000, 0x0000000770600000| Untracked 
| 894|0x0000000770800000, 0x0000000770800000, 0x0000000770a00000|  0%| F|  |TAMS 0x0000000770800000, 0x0000000770800000| Untracked 
| 895|0x0000000770a00000, 0x0000000770a00000, 0x0000000770c00000|  0%| F|  |TAMS 0x0000000770a00000, 0x0000000770a00000| Untracked 
| 896|0x0000000770c00000, 0x0000000770c00000, 0x0000000770e00000|  0%| F|  |TAMS 0x0000000770c00000, 0x0000000770c00000| Untracked 
| 897|0x0000000770e00000, 0x0000000770e00000, 0x0000000771000000|  0%| F|  |TAMS 0x0000000770e00000, 0x0000000770e00000| Untracked 
| 898|0x0000000771000000, 0x0000000771000000, 0x0000000771200000|  0%| F|  |TAMS 0x0000000771000000, 0x0000000771000000| Untracked 
| 899|0x0000000771200000, 0x0000000771400000, 0x0000000771400000|100%| E|  |TAMS 0x0000000771200000, 0x0000000771200000| Complete 
| 900|0x0000000771400000, 0x0000000771600000, 0x0000000771600000|100%| E|CS|TAMS 0x0000000771400000, 0x0000000771400000| Complete 
| 901|0x0000000771600000, 0x0000000771800000, 0x0000000771800000|100%| E|CS|TAMS 0x0000000771600000, 0x0000000771600000| Complete 
| 902|0x0000000771800000, 0x0000000771a00000, 0x0000000771a00000|100%| E|CS|TAMS 0x0000000771800000, 0x0000000771800000| Complete 
| 903|0x0000000771a00000, 0x0000000771c00000, 0x0000000771c00000|100%| E|CS|TAMS 0x0000000771a00000, 0x0000000771a00000| Complete 
| 904|0x0000000771c00000, 0x0000000771e00000, 0x0000000771e00000|100%| E|CS|TAMS 0x0000000771c00000, 0x0000000771c00000| Complete 
| 905|0x0000000771e00000, 0x0000000772000000, 0x0000000772000000|100%| E|CS|TAMS 0x0000000771e00000, 0x0000000771e00000| Complete 
| 906|0x0000000772000000, 0x0000000772200000, 0x0000000772200000|100%| E|CS|TAMS 0x0000000772000000, 0x0000000772000000| Complete 
| 907|0x0000000772200000, 0x0000000772400000, 0x0000000772400000|100%| E|CS|TAMS 0x0000000772200000, 0x0000000772200000| Complete 
| 908|0x0000000772400000, 0x0000000772600000, 0x0000000772600000|100%| E|  |TAMS 0x0000000772400000, 0x0000000772400000| Complete 
| 909|0x0000000772600000, 0x0000000772800000, 0x0000000772800000|100%| E|CS|TAMS 0x0000000772600000, 0x0000000772600000| Complete 
| 910|0x0000000772800000, 0x0000000772a00000, 0x0000000772a00000|100%| E|CS|TAMS 0x0000000772800000, 0x0000000772800000| Complete 
| 911|0x0000000772a00000, 0x0000000772c00000, 0x0000000772c00000|100%| E|CS|TAMS 0x0000000772a00000, 0x0000000772a00000| Complete 
| 912|0x0000000772c00000, 0x0000000772e00000, 0x0000000772e00000|100%| E|CS|TAMS 0x0000000772c00000, 0x0000000772c00000| Complete 
| 913|0x0000000772e00000, 0x0000000773000000, 0x0000000773000000|100%| E|CS|TAMS 0x0000000772e00000, 0x0000000772e00000| Complete 
| 914|0x0000000773000000, 0x0000000773200000, 0x0000000773200000|100%| E|CS|TAMS 0x0000000773000000, 0x0000000773000000| Complete 
| 915|0x0000000773200000, 0x0000000773400000, 0x0000000773400000|100%| E|CS|TAMS 0x0000000773200000, 0x0000000773200000| Complete 
| 916|0x0000000773400000, 0x0000000773600000, 0x0000000773600000|100%| E|CS|TAMS 0x0000000773400000, 0x0000000773400000| Complete 
| 917|0x0000000773600000, 0x0000000773800000, 0x0000000773800000|100%| E|CS|TAMS 0x0000000773600000, 0x0000000773600000| Complete 
| 918|0x0000000773800000, 0x0000000773a00000, 0x0000000773a00000|100%| E|CS|TAMS 0x0000000773800000, 0x0000000773800000| Complete 
| 919|0x0000000773a00000, 0x0000000773c00000, 0x0000000773c00000|100%| E|CS|TAMS 0x0000000773a00000, 0x0000000773a00000| Complete 
| 920|0x0000000773c00000, 0x0000000773e00000, 0x0000000773e00000|100%| E|CS|TAMS 0x0000000773c00000, 0x0000000773c00000| Complete 
| 921|0x0000000773e00000, 0x0000000774000000, 0x0000000774000000|100%| E|CS|TAMS 0x0000000773e00000, 0x0000000773e00000| Complete 
| 922|0x0000000774000000, 0x0000000774200000, 0x0000000774200000|100%| E|CS|TAMS 0x0000000774000000, 0x0000000774000000| Complete 
| 923|0x0000000774200000, 0x0000000774400000, 0x0000000774400000|100%| E|CS|TAMS 0x0000000774200000, 0x0000000774200000| Complete 
| 924|0x0000000774400000, 0x0000000774600000, 0x0000000774600000|100%| E|CS|TAMS 0x0000000774400000, 0x0000000774400000| Complete 
| 925|0x0000000774600000, 0x0000000774800000, 0x0000000774800000|100%| E|CS|TAMS 0x0000000774600000, 0x0000000774600000| Complete 
| 926|0x0000000774800000, 0x0000000774a00000, 0x0000000774a00000|100%| E|CS|TAMS 0x0000000774800000, 0x0000000774800000| Complete 
| 927|0x0000000774a00000, 0x0000000774c00000, 0x0000000774c00000|100%| E|CS|TAMS 0x0000000774a00000, 0x0000000774a00000| Complete 
| 928|0x0000000774c00000, 0x0000000774e00000, 0x0000000774e00000|100%| E|CS|TAMS 0x0000000774c00000, 0x0000000774c00000| Complete 
| 929|0x0000000774e00000, 0x0000000775000000, 0x0000000775000000|100%| E|CS|TAMS 0x0000000774e00000, 0x0000000774e00000| Complete 
| 930|0x0000000775000000, 0x0000000775200000, 0x0000000775200000|100%| E|CS|TAMS 0x0000000775000000, 0x0000000775000000| Complete 
| 931|0x0000000775200000, 0x0000000775400000, 0x0000000775400000|100%| E|CS|TAMS 0x0000000775200000, 0x0000000775200000| Complete 
| 932|0x0000000775400000, 0x0000000775600000, 0x0000000775600000|100%| E|CS|TAMS 0x0000000775400000, 0x0000000775400000| Complete 
| 933|0x0000000775600000, 0x0000000775800000, 0x0000000775800000|100%| E|CS|TAMS 0x0000000775600000, 0x0000000775600000| Complete 
| 934|0x0000000775800000, 0x0000000775a00000, 0x0000000775a00000|100%| E|CS|TAMS 0x0000000775800000, 0x0000000775800000| Complete 
| 935|0x0000000775a00000, 0x0000000775c00000, 0x0000000775c00000|100%| E|CS|TAMS 0x0000000775a00000, 0x0000000775a00000| Complete 
| 936|0x0000000775c00000, 0x0000000775e00000, 0x0000000775e00000|100%| E|CS|TAMS 0x0000000775c00000, 0x0000000775c00000| Complete 
| 937|0x0000000775e00000, 0x0000000776000000, 0x0000000776000000|100%| E|CS|TAMS 0x0000000775e00000, 0x0000000775e00000| Complete 
| 938|0x0000000776000000, 0x0000000776200000, 0x0000000776200000|100%| E|CS|TAMS 0x0000000776000000, 0x0000000776000000| Complete 
| 939|0x0000000776200000, 0x0000000776400000, 0x0000000776400000|100%| E|CS|TAMS 0x0000000776200000, 0x0000000776200000| Complete 
| 940|0x0000000776400000, 0x0000000776600000, 0x0000000776600000|100%| E|CS|TAMS 0x0000000776400000, 0x0000000776400000| Complete 
| 941|0x0000000776600000, 0x0000000776800000, 0x0000000776800000|100%| E|CS|TAMS 0x0000000776600000, 0x0000000776600000| Complete 
| 942|0x0000000776800000, 0x0000000776a00000, 0x0000000776a00000|100%| E|CS|TAMS 0x0000000776800000, 0x0000000776800000| Complete 
| 943|0x0000000776a00000, 0x0000000776c00000, 0x0000000776c00000|100%| E|CS|TAMS 0x0000000776a00000, 0x0000000776a00000| Complete 
| 944|0x0000000776c00000, 0x0000000776e00000, 0x0000000776e00000|100%| E|CS|TAMS 0x0000000776c00000, 0x0000000776c00000| Complete 
| 945|0x0000000776e00000, 0x0000000777000000, 0x0000000777000000|100%| E|CS|TAMS 0x0000000776e00000, 0x0000000776e00000| Complete 
| 946|0x0000000777000000, 0x0000000777200000, 0x0000000777200000|100%| E|CS|TAMS 0x0000000777000000, 0x0000000777000000| Complete 
| 947|0x0000000777200000, 0x0000000777400000, 0x0000000777400000|100%| E|CS|TAMS 0x0000000777200000, 0x0000000777200000| Complete 
| 948|0x0000000777400000, 0x0000000777600000, 0x0000000777600000|100%| E|CS|TAMS 0x0000000777400000, 0x0000000777400000| Complete 
| 949|0x0000000777600000, 0x0000000777800000, 0x0000000777800000|100%| E|CS|TAMS 0x0000000777600000, 0x0000000777600000| Complete 
| 950|0x0000000777800000, 0x0000000777a00000, 0x0000000777a00000|100%| E|CS|TAMS 0x0000000777800000, 0x0000000777800000| Complete 
| 951|0x0000000777a00000, 0x0000000777c00000, 0x0000000777c00000|100%| E|CS|TAMS 0x0000000777a00000, 0x0000000777a00000| Complete 
| 952|0x0000000777c00000, 0x0000000777e00000, 0x0000000777e00000|100%| E|CS|TAMS 0x0000000777c00000, 0x0000000777c00000| Complete 
| 953|0x0000000777e00000, 0x0000000778000000, 0x0000000778000000|100%| E|CS|TAMS 0x0000000777e00000, 0x0000000777e00000| Complete 
| 954|0x0000000778000000, 0x0000000778200000, 0x0000000778200000|100%| E|CS|TAMS 0x0000000778000000, 0x0000000778000000| Complete 
| 955|0x0000000778200000, 0x0000000778400000, 0x0000000778400000|100%| E|CS|TAMS 0x0000000778200000, 0x0000000778200000| Complete 
| 956|0x0000000778400000, 0x0000000778600000, 0x0000000778600000|100%| E|CS|TAMS 0x0000000778400000, 0x0000000778400000| Complete 
| 957|0x0000000778600000, 0x0000000778800000, 0x0000000778800000|100%| E|CS|TAMS 0x0000000778600000, 0x0000000778600000| Complete 
| 958|0x0000000778800000, 0x0000000778a00000, 0x0000000778a00000|100%| E|CS|TAMS 0x0000000778800000, 0x0000000778800000| Complete 
| 959|0x0000000778a00000, 0x0000000778c00000, 0x0000000778c00000|100%| E|CS|TAMS 0x0000000778a00000, 0x0000000778a00000| Complete 
| 960|0x0000000778c00000, 0x0000000778e00000, 0x0000000778e00000|100%| E|CS|TAMS 0x0000000778c00000, 0x0000000778c00000| Complete 
| 961|0x0000000778e00000, 0x0000000779000000, 0x0000000779000000|100%| E|CS|TAMS 0x0000000778e00000, 0x0000000778e00000| Complete 
| 962|0x0000000779000000, 0x0000000779200000, 0x0000000779200000|100%| E|CS|TAMS 0x0000000779000000, 0x0000000779000000| Complete 
| 963|0x0000000779200000, 0x0000000779400000, 0x0000000779400000|100%| E|CS|TAMS 0x0000000779200000, 0x0000000779200000| Complete 
| 964|0x0000000779400000, 0x0000000779600000, 0x0000000779600000|100%| E|CS|TAMS 0x0000000779400000, 0x0000000779400000| Complete 
| 965|0x0000000779600000, 0x0000000779800000, 0x0000000779800000|100%| E|CS|TAMS 0x0000000779600000, 0x0000000779600000| Complete 
| 966|0x0000000779800000, 0x0000000779a00000, 0x0000000779a00000|100%| E|CS|TAMS 0x0000000779800000, 0x0000000779800000| Complete 
| 967|0x0000000779a00000, 0x0000000779c00000, 0x0000000779c00000|100%| E|CS|TAMS 0x0000000779a00000, 0x0000000779a00000| Complete 
| 968|0x0000000779c00000, 0x0000000779e00000, 0x0000000779e00000|100%| E|CS|TAMS 0x0000000779c00000, 0x0000000779c00000| Complete 
| 969|0x0000000779e00000, 0x000000077a000000, 0x000000077a000000|100%| E|CS|TAMS 0x0000000779e00000, 0x0000000779e00000| Complete 
| 970|0x000000077a000000, 0x000000077a200000, 0x000000077a200000|100%| E|CS|TAMS 0x000000077a000000, 0x000000077a000000| Complete 
| 971|0x000000077a200000, 0x000000077a400000, 0x000000077a400000|100%| E|CS|TAMS 0x000000077a200000, 0x000000077a200000| Complete 
| 972|0x000000077a400000, 0x000000077a600000, 0x000000077a600000|100%| E|CS|TAMS 0x000000077a400000, 0x000000077a400000| Complete 
| 973|0x000000077a600000, 0x000000077a800000, 0x000000077a800000|100%| E|CS|TAMS 0x000000077a600000, 0x000000077a600000| Complete 
| 974|0x000000077a800000, 0x000000077aa00000, 0x000000077aa00000|100%| E|CS|TAMS 0x000000077a800000, 0x000000077a800000| Complete 
| 975|0x000000077aa00000, 0x000000077ac00000, 0x000000077ac00000|100%| E|CS|TAMS 0x000000077aa00000, 0x000000077aa00000| Complete 
| 976|0x000000077ac00000, 0x000000077ae00000, 0x000000077ae00000|100%| E|CS|TAMS 0x000000077ac00000, 0x000000077ac00000| Complete 
| 977|0x000000077ae00000, 0x000000077b000000, 0x000000077b000000|100%| E|CS|TAMS 0x000000077ae00000, 0x000000077ae00000| Complete 
| 978|0x000000077b000000, 0x000000077b200000, 0x000000077b200000|100%| E|CS|TAMS 0x000000077b000000, 0x000000077b000000| Complete 
| 979|0x000000077b200000, 0x000000077b400000, 0x000000077b400000|100%| E|CS|TAMS 0x000000077b200000, 0x000000077b200000| Complete 
| 980|0x000000077b400000, 0x000000077b600000, 0x000000077b600000|100%| E|CS|TAMS 0x000000077b400000, 0x000000077b400000| Complete 
| 981|0x000000077b600000, 0x000000077b800000, 0x000000077b800000|100%| E|CS|TAMS 0x000000077b600000, 0x000000077b600000| Complete 
| 982|0x000000077b800000, 0x000000077ba00000, 0x000000077ba00000|100%| E|CS|TAMS 0x000000077b800000, 0x000000077b800000| Complete 
| 983|0x000000077ba00000, 0x000000077bc00000, 0x000000077bc00000|100%| E|CS|TAMS 0x000000077ba00000, 0x000000077ba00000| Complete 
| 984|0x000000077bc00000, 0x000000077be00000, 0x000000077be00000|100%| E|CS|TAMS 0x000000077bc00000, 0x000000077bc00000| Complete 
| 985|0x000000077be00000, 0x000000077c000000, 0x000000077c000000|100%| E|CS|TAMS 0x000000077be00000, 0x000000077be00000| Complete 
| 986|0x000000077c000000, 0x000000077c200000, 0x000000077c200000|100%| E|CS|TAMS 0x000000077c000000, 0x000000077c000000| Complete 
| 987|0x000000077c200000, 0x000000077c400000, 0x000000077c400000|100%| E|CS|TAMS 0x000000077c200000, 0x000000077c200000| Complete 
| 988|0x000000077c400000, 0x000000077c600000, 0x000000077c600000|100%| E|CS|TAMS 0x000000077c400000, 0x000000077c400000| Complete 
| 989|0x000000077c600000, 0x000000077c800000, 0x000000077c800000|100%| E|CS|TAMS 0x000000077c600000, 0x000000077c600000| Complete 
| 990|0x000000077c800000, 0x000000077ca00000, 0x000000077ca00000|100%| E|CS|TAMS 0x000000077c800000, 0x000000077c800000| Complete 
| 991|0x000000077ca00000, 0x000000077cc00000, 0x000000077cc00000|100%| E|CS|TAMS 0x000000077ca00000, 0x000000077ca00000| Complete 
| 992|0x000000077cc00000, 0x000000077ce00000, 0x000000077ce00000|100%| E|CS|TAMS 0x000000077cc00000, 0x000000077cc00000| Complete 
| 993|0x000000077ce00000, 0x000000077d000000, 0x000000077d000000|100%| E|CS|TAMS 0x000000077ce00000, 0x000000077ce00000| Complete 
| 994|0x000000077d000000, 0x000000077d200000, 0x000000077d200000|100%| E|CS|TAMS 0x000000077d000000, 0x000000077d000000| Complete 
| 995|0x000000077d200000, 0x000000077d400000, 0x000000077d400000|100%| E|CS|TAMS 0x000000077d200000, 0x000000077d200000| Complete 
| 996|0x000000077d400000, 0x000000077d600000, 0x000000077d600000|100%| E|CS|TAMS 0x000000077d400000, 0x000000077d400000| Complete 
| 997|0x000000077d600000, 0x000000077d800000, 0x000000077d800000|100%| E|CS|TAMS 0x000000077d600000, 0x000000077d600000| Complete 
| 998|0x000000077d800000, 0x000000077da00000, 0x000000077da00000|100%| E|CS|TAMS 0x000000077d800000, 0x000000077d800000| Complete 
| 999|0x000000077da00000, 0x000000077dc00000, 0x000000077dc00000|100%| E|CS|TAMS 0x000000077da00000, 0x000000077da00000| Complete 
|1000|0x000000077dc00000, 0x000000077de00000, 0x000000077de00000|100%| E|CS|TAMS 0x000000077dc00000, 0x000000077dc00000| Complete 
|1001|0x000000077de00000, 0x000000077e000000, 0x000000077e000000|100%| E|CS|TAMS 0x000000077de00000, 0x000000077de00000| Complete 
|1002|0x000000077e000000, 0x000000077e200000, 0x000000077e200000|100%| E|CS|TAMS 0x000000077e000000, 0x000000077e000000| Complete 
|1003|0x000000077e200000, 0x000000077e400000, 0x000000077e400000|100%| E|CS|TAMS 0x000000077e200000, 0x000000077e200000| Complete 
|1004|0x000000077e400000, 0x000000077e600000, 0x000000077e600000|100%| E|CS|TAMS 0x000000077e400000, 0x000000077e400000| Complete 
|1005|0x000000077e600000, 0x000000077e800000, 0x000000077e800000|100%| E|CS|TAMS 0x000000077e600000, 0x000000077e600000| Complete 
|1006|0x000000077e800000, 0x000000077ea00000, 0x000000077ea00000|100%| E|CS|TAMS 0x000000077e800000, 0x000000077e800000| Complete 
|1007|0x000000077ea00000, 0x000000077ec00000, 0x000000077ec00000|100%| E|CS|TAMS 0x000000077ea00000, 0x000000077ea00000| Complete 
|1008|0x000000077ec00000, 0x000000077ee00000, 0x000000077ee00000|100%| E|CS|TAMS 0x000000077ec00000, 0x000000077ec00000| Complete 
|1009|0x000000077ee00000, 0x000000077f000000, 0x000000077f000000|100%| E|CS|TAMS 0x000000077ee00000, 0x000000077ee00000| Complete 
|1010|0x000000077f000000, 0x000000077f200000, 0x000000077f200000|100%| E|CS|TAMS 0x000000077f000000, 0x000000077f000000| Complete 
|1011|0x000000077f200000, 0x000000077f400000, 0x000000077f400000|100%| E|CS|TAMS 0x000000077f200000, 0x000000077f200000| Complete 
|1012|0x000000077f400000, 0x000000077f600000, 0x000000077f600000|100%| E|CS|TAMS 0x000000077f400000, 0x000000077f400000| Complete 
|1013|0x000000077f600000, 0x000000077f800000, 0x000000077f800000|100%| E|CS|TAMS 0x000000077f600000, 0x000000077f600000| Complete 
|1014|0x000000077f800000, 0x000000077fa00000, 0x000000077fa00000|100%| E|CS|TAMS 0x000000077f800000, 0x000000077f800000| Complete 
|1015|0x000000077fa00000, 0x000000077fc00000, 0x000000077fc00000|100%| E|CS|TAMS 0x000000077fa00000, 0x000000077fa00000| Complete 
|1016|0x000000077fc00000, 0x000000077fe00000, 0x000000077fe00000|100%| E|CS|TAMS 0x000000077fc00000, 0x000000077fc00000| Complete 
|1017|0x000000077fe00000, 0x0000000780000000, 0x0000000780000000|100%| E|CS|TAMS 0x000000077fe00000, 0x000000077fe00000| Complete 
|1018|0x0000000780000000, 0x0000000780200000, 0x0000000780200000|100%| E|CS|TAMS 0x0000000780000000, 0x0000000780000000| Complete 
|1019|0x0000000780200000, 0x0000000780400000, 0x0000000780400000|100%| E|CS|TAMS 0x0000000780200000, 0x0000000780200000| Complete 
|1020|0x0000000780400000, 0x0000000780600000, 0x0000000780600000|100%| E|CS|TAMS 0x0000000780400000, 0x0000000780400000| Complete 
|1021|0x0000000780600000, 0x0000000780800000, 0x0000000780800000|100%| E|CS|TAMS 0x0000000780600000, 0x0000000780600000| Complete 
|1022|0x0000000780800000, 0x0000000780a00000, 0x0000000780a00000|100%| E|CS|TAMS 0x0000000780800000, 0x0000000780800000| Complete 
|1023|0x0000000780a00000, 0x0000000780c00000, 0x0000000780c00000|100%| E|CS|TAMS 0x0000000780a00000, 0x0000000780a00000| Complete 
|1024|0x0000000780c00000, 0x0000000780e00000, 0x0000000780e00000|100%| E|CS|TAMS 0x0000000780c00000, 0x0000000780c00000| Complete 
|1025|0x0000000780e00000, 0x0000000781000000, 0x0000000781000000|100%| E|CS|TAMS 0x0000000780e00000, 0x0000000780e00000| Complete 
|1026|0x0000000781000000, 0x0000000781200000, 0x0000000781200000|100%| E|CS|TAMS 0x0000000781000000, 0x0000000781000000| Complete 
|1027|0x0000000781200000, 0x0000000781400000, 0x0000000781400000|100%| E|CS|TAMS 0x0000000781200000, 0x0000000781200000| Complete 
|1028|0x0000000781400000, 0x0000000781600000, 0x0000000781600000|100%| E|CS|TAMS 0x0000000781400000, 0x0000000781400000| Complete 

Card table byte_map: [0x00000291be5c0000,0x00000291bedc0000] _byte_map_base: 0x00000291badba000

Marking Bits (Prev, Next): (CMBitMap*) 0x00000291a6f7b6c0, (CMBitMap*) 0x00000291a6f7b700
 Prev Bits: [0x00000291bf5c0000, 0x00000291c3590000)
 Next Bits: [0x00000291c3590000, 0x00000291c7560000)

Polling page: 0x00000291a5080000

Metaspace:

Usage:
  Non-class:    102.14 MB used.
      Class:     17.46 MB used.
       Both:    119.61 MB used.

Virtual space:
  Non-class space:      128.00 MB reserved,     103.12 MB ( 81%) committed,  2 nodes.
      Class space:        1.00 GB reserved,      18.31 MB (  2%) committed,  1 nodes.
             Both:        1.12 GB reserved,     121.44 MB ( 11%) committed. 

Chunk freelists:
   Non-Class:  8.61 MB
       Class:  13.75 MB
        Both:  22.36 MB

MaxMetaspaceSize: unlimited
CompressedClassSpaceSize: 1.00 GB
Initial GC threshold: 21.00 MB
Current GC threshold: 200.94 MB
CDS: on
MetaspaceReclaimPolicy: balanced
 - commit_granule_bytes: 65536.
 - commit_granule_words: 8192.
 - virtual_space_node_default_size: 8388608.
 - enlarge_chunks_in_place: 1.
 - new_chunks_are_fully_committed: 0.
 - uncommit_free_chunks: 1.
 - use_allocation_guard: 0.
 - handle_deallocations: 1.


Internal statistics:

num_allocs_failed_limit: 9.
num_arena_births: 2878.
num_arena_deaths: 34.
num_vsnodes_births: 3.
num_vsnodes_deaths: 0.
num_space_committed: 1938.
num_space_uncommitted: 0.
num_chunks_returned_to_freelist: 58.
num_chunks_taken_from_freelist: 8174.
num_chunk_merges: 21.
num_chunk_splits: 5165.
num_chunks_enlarged: 3292.
num_inconsistent_stats: 0.

CodeHeap 'non-profiled nmethods': size=120000Kb used=15521Kb max_used=15521Kb free=104479Kb
 bounds [0x00000291b6550000, 0x00000291b7490000, 0x00000291bda80000]
CodeHeap 'profiled nmethods': size=120000Kb used=29400Kb max_used=29400Kb free=90599Kb
 bounds [0x00000291aea80000, 0x00000291b0740000, 0x00000291b5fb0000]
CodeHeap 'non-nmethods': size=5760Kb used=2457Kb max_used=2574Kb free=3302Kb
 bounds [0x00000291b5fb0000, 0x00000291b6240000, 0x00000291b6550000]
 total_blobs=20118 nmethods=18002 adapters=2027
 compilation: enabled
              stopped_count=0, restarted_count=0
 full_count=0

Compilation events (20 events):
Event: 41.597 Thread 0x000002920b0375e0 25475       2       net.minecraft.server.level.ChunkMap$$Lambda$8567/0x00000291cc0bb3a8::apply (16 bytes)
Event: 41.597 Thread 0x000002920b0375e0 nmethod 25475 0x00000291b0719d90 code [0x00000291b0719f40, 0x00000291b071a108]
Event: 41.597 Thread 0x000002920b0375e0 25476       2       net.minecraft.server.level.ChunkMap::lambda$prepareTickingChunk$43 (10 bytes)
Event: 41.597 Thread 0x000002920b0375e0 nmethod 25476 0x00000291b071a290 code [0x00000291b071a440, 0x00000291b071a588]
Event: 41.597 Thread 0x000002920b0375e0 25482       1       net.minecraft.network.protocol.game.ClientboundLevelChunkPacketData::getHeightmaps (5 bytes)
Event: 41.597 Thread 0x000002920b0375e0 nmethod 25482 0x00000291b735db10 code [0x00000291b735dca0, 0x00000291b735dd78]
Event: 41.597 Thread 0x000002920b0375e0 25483       2       net.minecraft.world.entity.ai.behavior.declarative.BehaviorBuilder$PureMemory::<init> (13 bytes)
Event: 41.598 Thread 0x000002920b0375e0 nmethod 25483 0x00000291b071a690 code [0x00000291b071a840, 0x00000291b071aa78]
Event: 41.598 Thread 0x000002920b0375e0 25484       2       net.minecraft.world.entity.ai.behavior.declarative.BehaviorBuilder$PureMemory$1::<init> (10 bytes)
Event: 41.598 Thread 0x000002920b0375e0 nmethod 25484 0x00000291b071ab10 code [0x00000291b071aca0, 0x00000291b071adf8]
Event: 41.598 Thread 0x000002920b0375e0 25485       1       net.minecraft.network.syncher.SynchedEntityData$DataItem::setValue (6 bytes)
Event: 41.598 Thread 0x000002920b0375e0 nmethod 25485 0x00000291b735d810 code [0x00000291b735d9a0, 0x00000291b735dab8]
Event: 41.598 Thread 0x000002920b0375e0 25486       2       java.lang.Long::fastUUID (224 bytes)
Event: 41.599 Thread 0x000002920b0375e0 nmethod 25486 0x00000291b071ae90 code [0x00000291b071b060, 0x00000291b071b3e8]
Event: 41.599 Thread 0x000002920b0375e0 25487       1       net.minecraft.network.protocol.game.ClientboundAddEntityPacket::getId (5 bytes)
Event: 41.599 Thread 0x000002920b0375e0 nmethod 25487 0x00000291b735d510 code [0x00000291b735d6a0, 0x00000291b735d778]
Event: 41.600 Thread 0x000002920b0375e0 25488       3       net.minecraft.world.level.chunk.LinearPalette::read (44 bytes)
Event: 41.600 Thread 0x000002920b0375e0 nmethod 25488 0x00000291b071b590 code [0x00000291b071b780, 0x00000291b071bc88]
Event: 41.601 Thread 0x000002920b0375e0 25490       2       net.minecraft.world.level.entity.EntitySectionStorage::getExistingSectionsInChunk (35 bytes)
Event: 41.601 Thread 0x000002920b0375e0 nmethod 25490 0x00000291b071be90 code [0x00000291b071c0a0, 0x00000291b071c4f8]

GC Heap History (20 events):
Event: 22.891 GC heap before
{Heap before GC invocations=33 (full 0):
 garbage-first heap   total 1349632K, used 1044218K [0x0000000700c00000, 0x0000000800000000)
  region size 2048K, 395 young (808960K), 2 survivors (4096K)
 Metaspace       used 99112K, committed 100736K, reserved 1179648K
  class space    used 14498K, committed 15232K, reserved 1048576K
}
Event: 22.931 GC heap after
{Heap after GC invocations=34 (full 0):
 garbage-first heap   total 1349632K, used 299594K [0x0000000700c00000, 0x0000000800000000)
  region size 2048K, 38 young (77824K), 38 survivors (77824K)
 Metaspace       used 99112K, committed 100736K, reserved 1179648K
  class space    used 14498K, committed 15232K, reserved 1048576K
}
Event: 33.372 GC heap before
{Heap before GC invocations=34 (full 0):
 garbage-first heap   total 1349632K, used 944714K [0x0000000700c00000, 0x0000000800000000)
  region size 2048K, 353 young (722944K), 38 survivors (77824K)
 Metaspace       used 105145K, committed 106816K, reserved 1179648K
  class space    used 15558K, committed 16320K, reserved 1048576K
}
Event: 33.406 GC heap after
{Heap after GC invocations=35 (full 0):
 garbage-first heap   total 1349632K, used 323063K [0x0000000700c00000, 0x0000000800000000)
  region size 2048K, 16 young (32768K), 16 survivors (32768K)
 Metaspace       used 105145K, committed 106816K, reserved 1179648K
  class space    used 15558K, committed 16320K, reserved 1048576K
}
Event: 36.173 GC heap before
{Heap before GC invocations=35 (full 0):
 garbage-first heap   total 1349632K, used 1011191K [0x0000000700c00000, 0x0000000800000000)
  region size 2048K, 353 young (722944K), 16 survivors (32768K)
 Metaspace       used 110218K, committed 111872K, reserved 1179648K
  class space    used 16240K, committed 16960K, reserved 1048576K
}
Event: 36.262 GC heap after
{Heap after GC invocations=36 (full 0):
 garbage-first heap   total 1349632K, used 490496K [0x0000000700c00000, 0x0000000800000000)
  region size 2048K, 45 young (92160K), 45 survivors (92160K)
 Metaspace       used 110218K, committed 111872K, reserved 1179648K
  class space    used 16240K, committed 16960K, reserved 1048576K
}
Event: 36.528 GC heap before
{Heap before GC invocations=36 (full 0):
 garbage-first heap   total 1349632K, used 934912K [0x0000000700c00000, 0x0000000800000000)
  region size 2048K, 262 young (536576K), 45 survivors (92160K)
 Metaspace       used 110393K, committed 112128K, reserved 1179648K
  class space    used 16257K, committed 17024K, reserved 1048576K
}
Event: 36.690 GC heap after
{Heap after GC invocations=37 (full 0):
 garbage-first heap   total 1349632K, used 784384K [0x0000000700c00000, 0x0000000800000000)
  region size 2048K, 33 young (67584K), 33 survivors (67584K)
 Metaspace       used 110393K, committed 112128K, reserved 1179648K
  class space    used 16257K, committed 17024K, reserved 1048576K
}
Event: 37.575 GC heap before
{Heap before GC invocations=37 (full 0):
 garbage-first heap   total 1349632K, used 985088K [0x0000000700c00000, 0x0000000800000000)
  region size 2048K, 131 young (268288K), 33 survivors (67584K)
 Metaspace       used 111507K, committed 113216K, reserved 1179648K
  class space    used 16386K, committed 17152K, reserved 1048576K
}
Event: 37.625 GC heap after
{Heap after GC invocations=38 (full 0):
 garbage-first heap   total 1349632K, used 816128K [0x0000000700c00000, 0x0000000800000000)
  region size 2048K, 13 young (26624K), 13 survivors (26624K)
 Metaspace       used 111507K, committed 113216K, reserved 1179648K
  class space    used 16386K, committed 17152K, reserved 1048576K
}
Event: 37.984 GC heap before
{Heap before GC invocations=38 (full 0):
 garbage-first heap   total 1349632K, used 1018880K [0x0000000700c00000, 0x0000000800000000)
  region size 2048K, 112 young (229376K), 13 survivors (26624K)
 Metaspace       used 111525K, committed 113216K, reserved 1179648K
  class space    used 16386K, committed 17152K, reserved 1048576K
}
Event: 37.996 GC heap after
{Heap after GC invocations=39 (full 0):
 garbage-first heap   total 1349632K, used 841385K [0x0000000700c00000, 0x0000000800000000)
  region size 2048K, 12 young (24576K), 12 survivors (24576K)
 Metaspace       used 111525K, committed 113216K, reserved 1179648K
  class space    used 16386K, committed 17152K, reserved 1048576K
}
Event: 38.377 GC heap before
{Heap before GC invocations=39 (full 0):
 garbage-first heap   total 1587200K, used 1048233K [0x0000000700c00000, 0x0000000800000000)
  region size 2048K, 113 young (231424K), 12 survivors (24576K)
 Metaspace       used 111535K, committed 113216K, reserved 1179648K
  class space    used 16390K, committed 17152K, reserved 1048576K
}
Event: 38.392 GC heap after
{Heap after GC invocations=40 (full 0):
 garbage-first heap   total 1587200K, used 862394K [0x0000000700c00000, 0x0000000800000000)
  region size 2048K, 11 young (22528K), 11 survivors (22528K)
 Metaspace       used 111535K, committed 113216K, reserved 1179648K
  class space    used 16390K, committed 17152K, reserved 1048576K
}
Event: 38.847 GC heap before
{Heap before GC invocations=41 (full 0):
 garbage-first heap   total 1587200K, used 1177786K [0x0000000700c00000, 0x0000000800000000)
  region size 2048K, 165 young (337920K), 11 survivors (22528K)
 Metaspace       used 111565K, committed 113216K, reserved 1179648K
  class space    used 16399K, committed 17152K, reserved 1048576K
}
Event: 38.861 GC heap after
{Heap after GC invocations=42 (full 0):
 garbage-first heap   total 1587200K, used 888783K [0x0000000700c00000, 0x0000000800000000)
  region size 2048K, 21 young (43008K), 21 survivors (43008K)
 Metaspace       used 111565K, committed 113216K, reserved 1179648K
  class space    used 16399K, committed 17152K, reserved 1048576K
}
Event: 39.035 GC heap before
{Heap before GC invocations=42 (full 0):
 garbage-first heap   total 1587200K, used 923599K [0x0000000700c00000, 0x0000000800000000)
  region size 2048K, 38 young (77824K), 21 survivors (43008K)
 Metaspace       used 111726K, committed 113344K, reserved 1179648K
  class space    used 16436K, committed 17152K, reserved 1048576K
}
Event: 39.048 GC heap after
{Heap after GC invocations=43 (full 0):
 garbage-first heap   total 1587200K, used 886776K [0x0000000700c00000, 0x0000000800000000)
  region size 2048K, 4 young (8192K), 4 survivors (8192K)
 Metaspace       used 111726K, committed 113344K, reserved 1179648K
  class space    used 16436K, committed 17152K, reserved 1048576K
}
Event: 40.572 GC heap before
{Heap before GC invocations=43 (full 0):
 garbage-first heap   total 1587200K, used 1210360K [0x0000000700c00000, 0x0000000800000000)
  region size 2048K, 163 young (333824K), 4 survivors (8192K)
 Metaspace       used 121268K, committed 123072K, reserved 1179648K
  class space    used 17782K, committed 18624K, reserved 1048576K
}
Event: 40.590 GC heap after
{Heap after GC invocations=44 (full 0):
 garbage-first heap   total 2107392K, used 920037K [0x0000000700c00000, 0x0000000800000000)
  region size 2048K, 21 young (43008K), 21 survivors (43008K)
 Metaspace       used 121268K, committed 123072K, reserved 1179648K
  class space    used 17782K, committed 18624K, reserved 1048576K
}

Dll operation events (16 events):
Event: 0.005 Loaded shared library C:\Users\poe09\.jdks\temurin-17.0.20.1\bin\java.dll
Event: 0.017 Loaded shared library C:\Users\poe09\.jdks\temurin-17.0.20.1\bin\jsvml.dll
Event: 0.120 Loaded shared library C:\Users\poe09\.jdks\temurin-17.0.20.1\bin\net.dll
Event: 0.121 Loaded shared library C:\Users\poe09\.jdks\temurin-17.0.20.1\bin\nio.dll
Event: 0.124 Loaded shared library C:\Users\poe09\.jdks\temurin-17.0.20.1\bin\zip.dll
Event: 0.177 Loaded shared library C:\Users\poe09\.jdks\temurin-17.0.20.1\bin\jimage.dll
Event: 0.468 Loaded shared library C:\Users\poe09\.jdks\temurin-17.0.20.1\bin\verify.dll
Event: 2.026 Loaded shared library C:\Users\poe09\.jdks\temurin-17.0.20.1\bin\management.dll
Event: 2.028 Loaded shared library C:\Users\poe09\.jdks\temurin-17.0.20.1\bin\management_ext.dll
Event: 2.592 Loaded shared library C:\Users\poe09\AppData\Local\Temp\lwjglwhite0hat1\3.3.1-build-7\lwjgl.dll
Event: 2.845 Loaded shared library C:\Users\poe09\AppData\Local\Temp\lwjglwhite0hat1\3.3.1-build-7\lwjgl_stb.dll
Event: 2.917 Loaded shared library C:\Users\poe09\AppData\Local\Temp\lwjglwhite0hat1\3.3.1-build-7\lwjgl_opengl.dll
Event: 5.666 Loaded shared library C:\Users\poe09\AppData\Local\Temp\jna-214797981\jna10662061860158688669.dll
Event: 10.977 Loaded shared library C:\Users\poe09\.jdks\temurin-17.0.20.1\bin\sunmscapi.dll
Event: 11.120 Loaded shared library C:\Users\poe09\.jdks\temurin-17.0.20.1\bin\extnet.dll
Event: 39.587 Loaded shared library C:\Users\poe09\.jdks\temurin-17.0.20.1\bin\awt.dll

Deoptimization events (20 events):
Event: 41.568 Thread 0x00000291a6f0ecd0 Uncommon trap: trap_request=0xffffff66 fr.pc=0x00000291b74690c4 relative=0x00000000000037e4
Event: 41.568 Thread 0x00000291a6f0ecd0 Uncommon trap: reason=speculate_class_check action=maybe_recompile pc=0x00000291b74690c4 method=net.minecraft.world.level.Level.getChunk(IILnet/minecraft/world/level/chunk/ChunkStatus;Z)Lnet/minecraft/world/level/chunk/ChunkAccess; @ 1 c2
Event: 41.568 Thread 0x00000291a6f0ecd0 DEOPT PACKING pc=0x00000291b74690c4 sp=0x000000dd62efd4d0
Event: 41.568 Thread 0x00000291a6f0ecd0 DEOPT UNPACKING pc=0x00000291b60069a3 sp=0x000000dd62efd3d8 mode 2
Event: 41.579 Thread 0x00000291a6f0ecd0 Uncommon trap: trap_request=0xffffff66 fr.pc=0x00000291b74690c4 relative=0x00000000000037e4
Event: 41.579 Thread 0x00000291a6f0ecd0 Uncommon trap: reason=speculate_class_check action=maybe_recompile pc=0x00000291b74690c4 method=net.minecraft.world.level.Level.getChunk(IILnet/minecraft/world/level/chunk/ChunkStatus;Z)Lnet/minecraft/world/level/chunk/ChunkAccess; @ 1 c2
Event: 41.579 Thread 0x00000291a6f0ecd0 DEOPT PACKING pc=0x00000291b74690c4 sp=0x000000dd62efd490
Event: 41.579 Thread 0x00000291a6f0ecd0 DEOPT UNPACKING pc=0x00000291b60069a3 sp=0x000000dd62efd398 mode 2
Event: 41.591 Thread 0x00000291a6f0ecd0 Uncommon trap: trap_request=0xffffff66 fr.pc=0x00000291b74690c4 relative=0x00000000000037e4
Event: 41.591 Thread 0x00000291a6f0ecd0 Uncommon trap: reason=speculate_class_check action=maybe_recompile pc=0x00000291b74690c4 method=net.minecraft.world.level.Level.getChunk(IILnet/minecraft/world/level/chunk/ChunkStatus;Z)Lnet/minecraft/world/level/chunk/ChunkAccess; @ 1 c2
Event: 41.591 Thread 0x00000291a6f0ecd0 DEOPT PACKING pc=0x00000291b74690c4 sp=0x000000dd62efd3b0
Event: 41.591 Thread 0x00000291a6f0ecd0 DEOPT UNPACKING pc=0x00000291b60069a3 sp=0x000000dd62efd2b8 mode 2
Event: 41.593 Thread 0x00000291a6f0ecd0 Uncommon trap: trap_request=0xffffffc6 fr.pc=0x00000291b6c42aec relative=0x000000000000012c
Event: 41.593 Thread 0x00000291a6f0ecd0 Uncommon trap: reason=bimorphic_or_optimized_type_check action=maybe_recompile pc=0x00000291b6c42aec method=net.minecraft.world.level.LevelHeightAccessor.isOutsideBuildHeight(Lnet/minecraft/core/BlockPos;)Z @ 5 c2
Event: 41.593 Thread 0x00000291a6f0ecd0 DEOPT PACKING pc=0x00000291b6c42aec sp=0x000000dd62efd410
Event: 41.593 Thread 0x00000291a6f0ecd0 DEOPT UNPACKING pc=0x00000291b60069a3 sp=0x000000dd62efd3b8 mode 2
Event: 41.593 Thread 0x00000291a6f0ecd0 Uncommon trap: trap_request=0xffffffde fr.pc=0x00000291b72b4f10 relative=0x0000000000000070
Event: 41.593 Thread 0x00000291a6f0ecd0 Uncommon trap: reason=class_check action=maybe_recompile pc=0x00000291b72b4f10 method=net.minecraft.world.level.Level.getChunk(II)Lnet/minecraft/world/level/chunk/LevelChunk; @ 9 c2
Event: 41.593 Thread 0x00000291a6f0ecd0 DEOPT PACKING pc=0x00000291b72b4f10 sp=0x000000dd62efd430
Event: 41.593 Thread 0x00000291a6f0ecd0 DEOPT UNPACKING pc=0x00000291b60069a3 sp=0x000000dd62efd3c0 mode 2

Classes loaded (20 events):
Event: 39.960 Loading class java/util/concurrent/atomic/AtomicLongFieldUpdater
Event: 39.960 Loading class java/util/concurrent/atomic/AtomicLongFieldUpdater done
Event: 39.960 Loading class java/util/concurrent/atomic/AtomicLongFieldUpdater$CASUpdater
Event: 39.961 Loading class java/util/concurrent/atomic/AtomicLongFieldUpdater$CASUpdater done
Event: 39.961 Loading class java/util/concurrent/atomic/AtomicLongFieldUpdater$CASUpdater$1
Event: 39.961 Loading class java/util/concurrent/atomic/AtomicLongFieldUpdater$CASUpdater$1 done
Event: 40.015 Loading class java/nio/channels/AlreadyConnectedException
Event: 40.015 Loading class java/nio/channels/AlreadyConnectedException done
Event: 40.015 Loading class java/nio/channels/ConnectionPendingException
Event: 40.015 Loading class java/nio/channels/ConnectionPendingException done
Event: 40.024 Loading class java/nio/channels/UnsupportedAddressTypeException
Event: 40.024 Loading class java/nio/channels/UnsupportedAddressTypeException done
Event: 40.298 Loading class java/util/IdentityHashMap$EntrySpliterator
Event: 40.298 Loading class java/util/IdentityHashMap$EntrySpliterator done
Event: 40.327 Loading class java/util/concurrent/PriorityBlockingQueue
Event: 40.327 Loading class java/util/concurrent/PriorityBlockingQueue done
Event: 41.331 Loading class java/util/Spliterators$LongIteratorSpliterator
Event: 41.331 Loading class java/util/Spliterators$LongIteratorSpliterator done
Event: 41.439 Loading class java/text/DigitList$1
Event: 41.439 Loading class java/text/DigitList$1 done

Classes unloaded (17 events):
Event: 38.194 Thread 0x000002920b002090 Unloading class 0x00000291cc0a3c00 'java/lang/invoke/LambdaForm$DMH+0x00000291cc0a3c00'
Event: 38.194 Thread 0x000002920b002090 Unloading class 0x00000291cc0a3800 'java/lang/invoke/LambdaForm$DMH+0x00000291cc0a3800'
Event: 38.194 Thread 0x000002920b002090 Unloading class 0x00000291cc0a3000 'java/lang/invoke/LambdaForm$MH+0x00000291cc0a3000'
Event: 38.194 Thread 0x000002920b002090 Unloading class 0x00000291cc0a2800 'java/lang/invoke/LambdaForm$MH+0x00000291cc0a2800'
Event: 38.194 Thread 0x000002920b002090 Unloading class 0x00000291cc0a2400 'java/lang/invoke/LambdaForm$MH+0x00000291cc0a2400'
Event: 38.194 Thread 0x000002920b002090 Unloading class 0x00000291cc0a2000 'java/lang/invoke/LambdaForm$DMH+0x00000291cc0a2000'
Event: 38.194 Thread 0x000002920b002090 Unloading class 0x00000291cc0a1c00 'java/lang/invoke/LambdaForm$DMH+0x00000291cc0a1c00'
Event: 38.194 Thread 0x000002920b002090 Unloading class 0x00000291cc0a1400 'java/lang/invoke/LambdaForm$DMH+0x00000291cc0a1400'
Event: 38.194 Thread 0x000002920b002090 Unloading class 0x00000291cc0a1000 'java/lang/invoke/LambdaForm$DMH+0x00000291cc0a1000'
Event: 38.194 Thread 0x000002920b002090 Unloading class 0x00000291cc0a0c00 'java/lang/invoke/LambdaForm$DMH+0x00000291cc0a0c00'
Event: 38.194 Thread 0x000002920b002090 Unloading class 0x00000291cc0a0800 'java/lang/invoke/LambdaForm$DMH+0x00000291cc0a0800'
Event: 38.194 Thread 0x000002920b002090 Unloading class 0x00000291cbee8800 'java/lang/invoke/LambdaForm$DMH+0x00000291cbee8800'
Event: 38.194 Thread 0x000002920b002090 Unloading class 0x00000291cbee8000 'java/lang/invoke/LambdaForm$DMH+0x00000291cbee8000'
Event: 38.194 Thread 0x000002920b002090 Unloading class 0x00000291cbe38400 'java/lang/invoke/LambdaForm$DMH+0x00000291cbe38400'
Event: 38.194 Thread 0x000002920b002090 Unloading class 0x00000291cbe38000 'java/lang/invoke/LambdaForm$DMH+0x00000291cbe38000'
Event: 38.194 Thread 0x000002920b002090 Unloading class 0x00000291cbe10800 'java/lang/invoke/LambdaForm$DMH+0x00000291cbe10800'
Event: 38.194 Thread 0x000002920b002090 Unloading class 0x00000291cbe10400 'java/lang/invoke/LambdaForm$DMH+0x00000291cbe10400'

Classes redefined (0 events):
No events

Internal exceptions (20 events):
Event: 41.369 Thread 0x000002921095a750 Exception <a 'sun/nio/fs/WindowsException'{0x000000077a58e4e0}> (0x000000077a58e4e0) 
thrown [s\src\hotspot\share\prims\jni.cpp, line 516]
Event: 41.376 Thread 0x0000029210fa2d00 Exception <a 'sun/nio/fs/WindowsException'{0x0000000779ae1118}> (0x0000000779ae1118) 
thrown [s\src\hotspot\share\prims\jni.cpp, line 516]
Event: 41.379 Thread 0x000002921095a750 Exception <a 'sun/nio/fs/WindowsException'{0x000000077a59bb30}> (0x000000077a59bb30) 
thrown [s\src\hotspot\share\prims\jni.cpp, line 516]
Event: 41.387 Thread 0x0000029210fa2d00 Exception <a 'sun/nio/fs/WindowsException'{0x0000000779ae6fd8}> (0x0000000779ae6fd8) 
thrown [s\src\hotspot\share\prims\jni.cpp, line 516]
Event: 41.390 Thread 0x0000029210f9c7c0 Exception <a 'sun/nio/fs/WindowsException'{0x00000007799cab00}> (0x00000007799cab00) 
thrown [s\src\hotspot\share\prims\jni.cpp, line 516]
Event: 41.408 Thread 0x0000029210fa2d00 Exception <a 'sun/nio/fs/WindowsException'{0x0000000779aece28}> (0x0000000779aece28) 
thrown [s\src\hotspot\share\prims\jni.cpp, line 516]
Event: 41.410 Thread 0x0000029210f9c7c0 Exception <a 'sun/nio/fs/WindowsException'{0x00000007791d1a60}> (0x00000007791d1a60) 
thrown [s\src\hotspot\share\prims\jni.cpp, line 516]
Event: 41.412 Thread 0x000002921095a750 Exception <a 'sun/nio/fs/WindowsException'{0x0000000779208720}> (0x0000000779208720) 
thrown [s\src\hotspot\share\prims\jni.cpp, line 516]
Event: 41.414 Thread 0x0000029210f9c7c0 Exception <a 'sun/nio/fs/WindowsException'{0x00000007791d7c58}> (0x00000007791d7c58) 
thrown [s\src\hotspot\share\prims\jni.cpp, line 516]
Event: 41.416 Thread 0x000002921095a750 Exception <a 'sun/nio/fs/WindowsException'{0x000000077920e878}> (0x000000077920e878) 
thrown [s\src\hotspot\share\prims\jni.cpp, line 516]
Event: 41.418 Thread 0x0000029210fa2d00 Exception <a 'sun/nio/fs/WindowsException'{0x0000000779af2fc0}> (0x0000000779af2fc0) 
thrown [s\src\hotspot\share\prims\jni.cpp, line 516]
Event: 41.420 Thread 0x000002921095a750 Exception <a 'sun/nio/fs/WindowsException'{0x0000000779214680}> (0x0000000779214680) 
thrown [s\src\hotspot\share\prims\jni.cpp, line 516]
Event: 41.423 Thread 0x0000029210fa2d00 Exception <a 'sun/nio/fs/WindowsException'{0x0000000779af9058}> (0x0000000779af9058) 
thrown [s\src\hotspot\share\prims\jni.cpp, line 516]
Event: 41.425 Thread 0x000002921095a750 Exception <a 'sun/nio/fs/WindowsException'{0x000000077921a5d0}> (0x000000077921a5d0) 
thrown [s\src\hotspot\share\prims\jni.cpp, line 516]
Event: 41.428 Thread 0x0000029210fa2d00 Exception <a 'sun/nio/fs/WindowsException'{0x0000000779afef78}> (0x0000000779afef78) 
thrown [s\src\hotspot\share\prims\jni.cpp, line 516]
Event: 41.430 Thread 0x0000029210f9c7c0 Exception <a 'sun/nio/fs/WindowsException'{0x0000000778eb6f20}> (0x0000000778eb6f20) 
thrown [s\src\hotspot\share\prims\jni.cpp, line 516]
Event: 41.432 Thread 0x0000029210fa2d00 Exception <a 'sun/nio/fs/WindowsException'{0x0000000779b05058}> (0x0000000779b05058) 
thrown [s\src\hotspot\share\prims\jni.cpp, line 516]
Event: 41.434 Thread 0x000002921095a750 Exception <a 'sun/nio/fs/WindowsException'{0x0000000779220d48}> (0x0000000779220d48) 
thrown [s\src\hotspot\share\prims\jni.cpp, line 516]
Event: 41.437 Thread 0x0000029210fa2d00 Exception <a 'sun/nio/fs/WindowsException'{0x0000000779b0b350}> (0x0000000779b0b350) 
thrown [s\src\hotspot\share\prims\jni.cpp, line 516]
Event: 41.561 Thread 0x00000291a6f0ecd0 Implicit null exception at 0x00000291b7165d67 to 0x00000291b71660d4

VM Operations (20 events):
Event: 40.734 Executing VM operation: ICBufferFull
Event: 40.735 Executing VM operation: ICBufferFull done
Event: 40.934 Executing VM operation: G1PauseRemark
Event: 40.943 Executing VM operation: G1PauseRemark done
Event: 41.083 Executing VM operation: ICBufferFull
Event: 41.084 Executing VM operation: ICBufferFull done
Event: 41.111 Executing VM operation: G1PauseCleanup
Event: 41.111 Executing VM operation: G1PauseCleanup done
Event: 41.203 Executing VM operation: HandshakeAllThreads
Event: 41.203 Executing VM operation: HandshakeAllThreads done
Event: 41.230 Executing VM operation: ICBufferFull
Event: 41.231 Executing VM operation: ICBufferFull done
Event: 41.306 Executing VM operation: HandshakeAllThreads
Event: 41.306 Executing VM operation: HandshakeAllThreads done
Event: 41.330 Executing VM operation: ICBufferFull
Event: 41.330 Executing VM operation: ICBufferFull done
Event: 41.557 Executing VM operation: HandshakeAllThreads
Event: 41.557 Executing VM operation: HandshakeAllThreads done
Event: 41.562 Executing VM operation: ICBufferFull
Event: 41.563 Executing VM operation: ICBufferFull done

Memory protections (0 events):
No events

Nmethod flushes (20 events):
Event: 41.229 Thread 0x000002920b021690 flushing  nmethod 0x00000291b04c8710
Event: 41.229 Thread 0x000002920b021690 flushing  nmethod 0x00000291b04c8c10
Event: 41.229 Thread 0x000002920b021690 flushing  nmethod 0x00000291b04c9110
Event: 41.229 Thread 0x000002920b021690 flushing  nmethod 0x00000291b04c9690
Event: 41.229 Thread 0x000002920b021690 flushing  nmethod 0x00000291b04c9c10
Event: 41.229 Thread 0x000002920b021690 flushing  nmethod 0x00000291b04ca490
Event: 41.229 Thread 0x000002920b021690 flushing  nmethod 0x00000291b04ca890
Event: 41.230 Thread 0x000002920b021690 flushing  nmethod 0x00000291b04cb290
Event: 41.230 Thread 0x000002920b021690 flushing  nmethod 0x00000291b0510b10
Event: 41.230 Thread 0x000002920b021690 flushing  nmethod 0x00000291b0511390
Event: 41.230 Thread 0x000002920b021690 flushing  nmethod 0x00000291b0511790
Event: 41.230 Thread 0x000002920b021690 flushing  nmethod 0x00000291b0517e10
Event: 41.230 Thread 0x000002920b021690 flushing  nmethod 0x00000291b0518210
Event: 41.230 Thread 0x000002920b021690 flushing  nmethod 0x00000291b051de10
Event: 41.230 Thread 0x000002920b021690 flushing  nmethod 0x00000291b051e690
Event: 41.230 Thread 0x000002920b021690 flushing  nmethod 0x00000291b051ea10
Event: 41.230 Thread 0x000002920b021690 flushing  nmethod 0x00000291b051f510
Event: 41.230 Thread 0x000002920b021690 flushing  nmethod 0x00000291b051f890
Event: 41.230 Thread 0x000002920b021690 flushing  nmethod 0x00000291b0520010
Event: 41.230 Thread 0x000002920b021690 flushing  nmethod 0x00000291b0522990

Events (20 events):
Event: 34.216 Thread 0x000002920b0375e0 Thread added: 0x000002921f1a7a20
Event: 34.294 Thread 0x000002921095a240 Thread added: 0x000002921095f850
Event: 35.010 Thread 0x000002921f1a7a20 Thread exited: 0x000002921f1a7a20
Event: 35.706 Thread 0x000002921f1a94b0 Thread exited: 0x000002921f1a94b0
Event: 35.907 Thread 0x000002920b0375e0 Thread added: 0x000002921f1a8a10
Event: 35.910 Thread 0x000002920b0375e0 Thread added: 0x000002921f1a94b0
Event: 35.924 Thread 0x0000029210f9c7c0 Thread added: 0x0000029210959d30
Event: 36.030 Thread 0x0000029210f9c7c0 Thread added: 0x000002921095a750
Event: 36.727 Thread 0x0000029210f9c7c0 Thread added: 0x0000029210fa2d00
Event: 36.878 Thread 0x000002921f1a94b0 Thread exited: 0x000002921f1a94b0
Event: 36.912 Thread 0x000002920b0375e0 Thread added: 0x000002921f1a8f60
Event: 38.209 Thread 0x0000029210f9ccd0 Thread exited: 0x0000029210f9ccd0
Event: 38.213 Thread 0x0000029210f76ab0 Thread exited: 0x0000029210f76ab0
Event: 38.213 Thread 0x0000029210f774d0 Thread exited: 0x0000029210f774d0
Event: 39.605 Thread 0x000002921095a240 Thread added: 0x0000029210f9ccd0
Event: 39.997 Thread 0x00000291a6f0ecd0 Thread added: 0x0000029210f9fa60
Event: 40.018 Thread 0x00000291a6f0ecd0 Thread added: 0x0000029210f73810
Event: 40.028 Thread 0x0000029210f9fa60 Thread added: 0x0000029210f74c50
Event: 40.322 Thread 0x0000029210959820 Thread exited: 0x0000029210959820
Event: 40.322 Thread 0x00000291a6f0ecd0 Thread added: 0x0000029210f774d0


Dynamic libraries:
0x00007ff7041a0000 - 0x00007ff7041ae000 	C:\Users\poe09\.jdks\temurin-17.0.20.1\bin\java.exe
0x00007fffef910000 - 0x00007fffefb08000 	C:\Windows\SYSTEM32\ntdll.dll
0x00007fffef050000 - 0x00007fffef111000 	C:\Windows\System32\KERNEL32.DLL
0x00007fffed420000 - 0x00007fffed71d000 	C:\Windows\System32\KERNELBASE.dll
0x00007fffed320000 - 0x00007fffed420000 	C:\Windows\System32\ucrtbase.dll
0x00007fffb3660000 - 0x00007fffb3678000 	C:\Users\poe09\.jdks\temurin-17.0.20.1\bin\jli.dll
0x00007fffb35d0000 - 0x00007fffb35ee000 	C:\Users\poe09\.jdks\temurin-17.0.20.1\bin\VCRUNTIME140.dll
0x00007fffef120000 - 0x00007fffef2bd000 	C:\Windows\System32\USER32.dll
0x00007fffed840000 - 0x00007fffed862000 	C:\Windows\System32\win32u.dll
0x00007fffcf080000 - 0x00007fffcf31a000 	C:\Windows\WinSxS\amd64_microsoft.windows.common-controls_6595b64144ccf1df_6.0.19041.4355_none_60b8b9eb71f62e16\COMCTL32.dll
0x00007fffef020000 - 0x00007fffef04b000 	C:\Windows\System32\GDI32.dll
0x00007fffef490000 - 0x00007fffef52e000 	C:\Windows\System32\msvcrt.dll
0x00007fffecf90000 - 0x00007fffed0a7000 	C:\Windows\System32\gdi32full.dll
0x00007fffed870000 - 0x00007fffed90d000 	C:\Windows\System32\msvcp_win.dll
0x00007fffee110000 - 0x00007fffee13f000 	C:\Windows\System32\IMM32.DLL
0x00007fffe9580000 - 0x00007fffe958c000 	C:\Users\poe09\.jdks\temurin-17.0.20.1\bin\vcruntime140_1.dll
0x00007fff9e130000 - 0x00007fff9e1bd000 	C:\Users\poe09\.jdks\temurin-17.0.20.1\bin\msvcp140.dll
0x00007fff01930000 - 0x00007fff0259c000 	C:\Users\poe09\.jdks\temurin-17.0.20.1\bin\server\jvm.dll
0x00007fffeef70000 - 0x00007fffef020000 	C:\Windows\System32\ADVAPI32.dll
0x00007fffef2c0000 - 0x00007fffef360000 	C:\Windows\System32\sechost.dll
0x00007fffee140000 - 0x00007fffee263000 	C:\Windows\System32\RPCRT4.dll
0x00007fffed0b0000 - 0x00007fffed0d7000 	C:\Windows\System32\bcrypt.dll
0x00007fffeef00000 - 0x00007fffeef6b000 	C:\Windows\System32\WS2_32.dll
0x00007fffec520000 - 0x00007fffec56b000 	C:\Windows\SYSTEM32\POWRPROF.dll
0x00007fffe31d0000 - 0x00007fffe31f7000 	C:\Windows\SYSTEM32\WINMM.dll
0x00007fffe6870000 - 0x00007fffe687a000 	C:\Windows\SYSTEM32\VERSION.dll
0x00007fffec390000 - 0x00007fffec3a2000 	C:\Windows\SYSTEM32\UMPDC.dll
0x00007fffead50000 - 0x00007fffead62000 	C:\Windows\SYSTEM32\kernel.appcore.dll
0x00007fffe9540000 - 0x00007fffe954a000 	C:\Users\poe09\.jdks\temurin-17.0.20.1\bin\jimage.dll
0x00007fffe2890000 - 0x00007fffe2a74000 	C:\Windows\SYSTEM32\DBGHELP.DLL
0x00007fffe1780000 - 0x00007fffe17b4000 	C:\Windows\SYSTEM32\dbgcore.DLL
0x00007fffed0e0000 - 0x00007fffed162000 	C:\Windows\System32\bcryptPrimitives.dll
0x00007fffaf4a0000 - 0x00007fffaf4c5000 	C:\Users\poe09\.jdks\temurin-17.0.20.1\bin\java.dll
0x00007fff9d380000 - 0x00007fff9d457000 	C:\Users\poe09\.jdks\temurin-17.0.20.1\bin\jsvml.dll
0x00007fffee270000 - 0x00007fffee9df000 	C:\Windows\System32\SHELL32.dll
0x00007fffeb030000 - 0x00007fffeb7d3000 	C:\Windows\SYSTEM32\windows.storage.dll
0x00007fffee9e0000 - 0x00007fffeed33000 	C:\Windows\System32\combase.dll
0x00007fffec9c0000 - 0x00007fffec9ee000 	C:\Windows\SYSTEM32\Wldp.dll
0x00007fffedbd0000 - 0x00007fffedc9d000 	C:\Windows\System32\OLEAUT32.dll
0x00007fffef640000 - 0x00007fffef6ed000 	C:\Windows\System32\SHCORE.dll
0x00007fffef560000 - 0x00007fffef5b5000 	C:\Windows\System32\shlwapi.dll
0x00007fffecec0000 - 0x00007fffecee4000 	C:\Windows\SYSTEM32\profapi.dll
0x00007fffb0500000 - 0x00007fffb051a000 	C:\Users\poe09\.jdks\temurin-17.0.20.1\bin\net.dll
0x00007fffe7ea0000 - 0x00007fffe7fad000 	C:\Windows\SYSTEM32\WINHTTP.dll
0x00007fffec720000 - 0x00007fffec78a000 	C:\Windows\system32\mswsock.dll
0x00007fffaee90000 - 0x00007fffaeea6000 	C:\Users\poe09\.jdks\temurin-17.0.20.1\bin\nio.dll
0x00007fffb2df0000 - 0x00007fffb2e08000 	C:\Users\poe09\.jdks\temurin-17.0.20.1\bin\zip.dll
0x00007fffc5780000 - 0x00007fffc5790000 	C:\Users\poe09\.jdks\temurin-17.0.20.1\bin\verify.dll
0x00007fffc4a70000 - 0x00007fffc4a7a000 	C:\Users\poe09\.jdks\temurin-17.0.20.1\bin\management.dll
0x00007fffb3270000 - 0x00007fffb327c000 	C:\Users\poe09\.jdks\temurin-17.0.20.1\bin\management_ext.dll
0x00007fffef480000 - 0x00007fffef488000 	C:\Windows\System32\PSAPI.DLL
0x00007fffc8ac0000 - 0x00007fffc8ad7000 	C:\Windows\system32\napinsp.dll
0x00007fffc8a70000 - 0x00007fffc8a8b000 	C:\Windows\system32\pnrpnsp.dll
0x00007fffc8a50000 - 0x00007fffc8a65000 	C:\Windows\system32\wshbth.dll
0x00007fffe92d0000 - 0x00007fffe92ed000 	C:\Windows\system32\NLAapi.dll
0x00007fffec3b0000 - 0x00007fffec3eb000 	C:\Windows\SYSTEM32\IPHLPAPI.DLL
0x00007fffec400000 - 0x00007fffec4ca000 	C:\Windows\SYSTEM32\DNSAPI.dll
0x00007fffef530000 - 0x00007fffef538000 	C:\Windows\System32\NSI.dll
0x00007fffc8a30000 - 0x00007fffc8a42000 	C:\Windows\System32\winrnr.dll
0x00007fffd65a0000 - 0x00007fffd65aa000 	C:\Windows\System32\rasadhlp.dll
0x00007fffd66c0000 - 0x00007fffd6740000 	C:\Windows\System32\fwpuclnt.dll
0x00007fffa31e0000 - 0x00007fffa3255000 	C:\Users\poe09\AppData\Local\Temp\lwjglwhite0hat1\3.3.1-build-7\lwjgl.dll
0x00007fff9f700000 - 0x00007fff9f761000 	C:\Users\poe09\AppData\Local\Temp\lwjglwhite0hat1\3.3.1-build-7\glfw.dll
0x00007fffa9680000 - 0x00007fffa96c5000 	C:\Windows\SYSTEM32\dinput8.dll
0x00007fffe69d0000 - 0x00007fffe69e1000 	C:\Windows\SYSTEM32\xinput1_4.dll
0x00007fffed170000 - 0x00007fffed1be000 	C:\Windows\System32\cfgmgr32.dll
0x00007fffecd20000 - 0x00007fffecd53000 	C:\Windows\SYSTEM32\DEVOBJ.dll
0x00007fffead20000 - 0x00007fffead4f000 	C:\Windows\SYSTEM32\dwmapi.dll
0x00007fffd6310000 - 0x00007fffd6462000 	C:\Windows\SYSTEM32\inputhost.dll
0x00007fffe9330000 - 0x00007fffe9487000 	C:\Windows\SYSTEM32\wintypes.dll
0x00007fffea000000 - 0x00007fffea0f2000 	C:\Windows\SYSTEM32\CoreMessaging.dll
0x00007fffe9ca0000 - 0x00007fffe9ffb000 	C:\Windows\SYSTEM32\CoreUIComponents.dll
0x00007fffe7b30000 - 0x00007fffe7c26000 	C:\Windows\SYSTEM32\PROPSYS.dll
0x00007fffec220000 - 0x00007fffec253000 	C:\Windows\SYSTEM32\ntmarta.dll
0x00007fffea940000 - 0x00007fffea9de000 	C:\Windows\system32\uxtheme.dll
0x00007fffef360000 - 0x00007fffef475000 	C:\Windows\System32\MSCTF.dll
0x00007fff9d460000 - 0x00007fff9d588000 	C:\Windows\SYSTEM32\opengl32.dll
0x00007fffb3680000 - 0x00007fffb36ac000 	C:\Windows\SYSTEM32\GLU32.dll
0x00007fffedb20000 - 0x00007fffedbc9000 	C:\Windows\System32\clbcatq.dll
0x00007ffe9c9f0000 - 0x00007ffe9f315000 	C:\Windows\System32\DriverStore\FileRepository\nv_dispi.inf_amd64_adc55ecfca814224\nvoglv64.dll
0x00007fffedca0000 - 0x00007fffee10e000 	C:\Windows\System32\SETUPAPI.dll
0x00007fffed910000 - 0x00007fffeda3b000 	C:\Windows\System32\ole32.dll
0x00007fffe8030000 - 0x00007fffe8044000 	C:\Windows\SYSTEM32\WTSAPI32.dll
0x00007fffecb50000 - 0x00007fffecb62000 	C:\Windows\SYSTEM32\msasn1.dll
0x00007fffe6300000 - 0x00007fffe6331000 	C:\Windows\SYSTEM32\cryptnet.dll
0x00007fffed1c0000 - 0x00007fffed31c000 	C:\Windows\System32\CRYPT32.dll
0x00007fffec910000 - 0x00007fffec91c000 	C:\Windows\SYSTEM32\cryptbase.dll
0x00007fffe60a0000 - 0x00007fffe61e7000 	C:\Windows\SYSTEM32\drvstore.dll
0x00007fffed720000 - 0x00007fffed789000 	C:\Windows\System32\WINTRUST.dll
0x00007fffef540000 - 0x00007fffef55d000 	C:\Windows\System32\imagehlp.dll
0x00007fffec920000 - 0x00007fffec938000 	C:\Windows\SYSTEM32\CRYPTSP.dll
0x00007fffebfd0000 - 0x00007fffec004000 	C:\Windows\system32\rsaenh.dll
0x00007fffd7b50000 - 0x00007fffdc84f000 	C:\Windows\System32\DriverStore\FileRepository\nv_dispi.inf_amd64_adc55ecfca814224\nvgpucomp64.dll
0x00007fffe5790000 - 0x00007fffe57cb000 	C:\Windows\SYSTEM32\dxcore.dll
0x00007fffb46f0000 - 0x00007fffb485d000 	C:\Windows\system32\nvspcap64.dll
0x00007fffebc50000 - 0x00007fffebcab000 	C:\Windows\SYSTEM32\WINSTA.dll
0x00007fff980b0000 - 0x00007fff98309000 	C:\Users\poe09\AppData\Local\Temp\lwjglwhite0hat1\3.3.1-build-7\jemalloc.dll
0x00007fff9c730000 - 0x00007fff9c7b1000 	C:\Users\poe09\AppData\Local\Temp\lwjglwhite0hat1\3.3.1-build-7\lwjgl_stb.dll
0x00007fffdebe0000 - 0x00007fffdecd9000 	C:\Windows\SYSTEM32\textinputframework.dll
0x00007fff9c6d0000 - 0x00007fff9c72d000 	C:\Users\poe09\AppData\Local\Temp\lwjglwhite0hat1\3.3.1-build-7\lwjgl_opengl.dll
0x00007fffece40000 - 0x00007fffece6e000 	C:\Windows\SYSTEM32\USERENV.dll
0x00007fffe79d0000 - 0x00007fffe79e7000 	C:\Windows\SYSTEM32\dhcpcsvc6.DLL
0x00007fffe7740000 - 0x00007fffe775d000 	C:\Windows\SYSTEM32\dhcpcsvc.DLL
0x00007fff9f620000 - 0x00007fff9f660000 	C:\Users\poe09\AppData\Local\Temp\jna-214797981\jna10662061860158688669.dll
0x00007fffcbfe0000 - 0x00007fffcbfff000 	C:\Windows\SYSTEM32\amsi.dll
0x00007fffcbdb0000 - 0x00007fffcbfdd000 	C:\Program Files (x86)\Kaspersky Lab\Kaspersky 21.26\x64\com_antivirus.dll
0x00007fffcdeb0000 - 0x00007fffcdebc000 	C:\Windows\SYSTEM32\Secur32.dll
0x00007fffecd60000 - 0x00007fffecd6a000 	C:\Windows\SYSTEM32\DPAPI.DLL
0x00007fffece70000 - 0x00007fffecea2000 	C:\Windows\SYSTEM32\SSPICLI.DLL
0x00007fffcbd50000 - 0x00007fffcbda4000 	C:\Program Files (x86)\Kaspersky Lab\Kaspersky 21.26\x64\product_info.dll
0x00007fffde470000 - 0x00007fffde4c3000 	C:\Windows\SYSTEM32\Pdh.dll
0x00007fffcb050000 - 0x00007fffcb05f000 	C:\Windows\System32\perfos.dll
0x00007fffb30f0000 - 0x00007fffb30fe000 	C:\Users\poe09\.jdks\temurin-17.0.20.1\bin\sunmscapi.dll
0x00007fffeca30000 - 0x00007fffeca59000 	C:\Windows\SYSTEM32\ncrypt.dll
0x00007fffec9f0000 - 0x00007fffeca2b000 	C:\Windows\SYSTEM32\NTASN1.dll
0x00007fffb3210000 - 0x00007fffb3219000 	C:\Users\poe09\.jdks\temurin-17.0.20.1\bin\extnet.dll
0x00007fffe5e10000 - 0x00007fffe5ebe000 	C:\Windows\SYSTEM32\mscms.dll
0x00007fffe5df0000 - 0x00007fffe5e01000 	C:\Windows\SYSTEM32\ColorAdapterClient.dll
0x00007fff9c680000 - 0x00007fff9c6c6000 	C:\Windows\SYSTEM32\icm32.dll
0x00007fff08790000 - 0x00007fff08927000 	C:\Users\poe09\AppData\Local\Temp\lwjglwhite0hat1\3.3.1-build-7\OpenAL.dll
0x00007fffe76b0000 - 0x00007fffe7735000 	C:\Windows\System32\MMDevApi.dll
0x00007fffa12f0000 - 0x00007fffa147e000 	C:\Windows\System32\Speech\Common\sapi.dll
0x00007fffb04e0000 - 0x00007fffb04fe000 	C:\Windows\SYSTEM32\MSACM32.dll
0x00007fffc5b30000 - 0x00007fffc5b3b000 	C:\Windows\SYSTEM32\msdmo.dll
0x00007fffde7a0000 - 0x00007fffde7c6000 	C:\Windows\SYSTEM32\winmmbase.dll
0x00007fffd0910000 - 0x00007fffd0917000 	C:\Windows\system32\wshunix.dll
0x00007fffb5330000 - 0x00007fffb53dc000 	C:\Windows\SYSTEM32\TextShaping.dll
0x00007fffe77d0000 - 0x00007fffe7951000 	C:\Windows\SYSTEM32\AUDIOSES.DLL

dbghelp: loaded successfully - version: 4.0.5 - missing functions: none
symbol engine: initialized successfully - sym options: 0x614 - pdb path: .;C:\Users\poe09\.jdks\temurin-17.0.20.1\bin;C:\Windows\SYSTEM32;C:\Windows\WinSxS\amd64_microsoft.windows.common-controls_6595b64144ccf1df_6.0.19041.4355_none_60b8b9eb71f62e16;C:\Users\poe09\.jdks\temurin-17.0.20.1\bin\server;C:\Users\poe09\AppData\Local\Temp\lwjglwhite0hat1\3.3.1-build-7;C:\Windows\System32\DriverStore\FileRepository\nv_dispi.inf_amd64_adc55ecfca814224;C:\Users\poe09\AppData\Local\Temp\jna-214797981;C:\Program Files (x86)\Kaspersky Lab\Kaspersky 21.26\x64;C:\Windows\System32\Speech\Common

VM Arguments:
jvm_args: -Dforge.enableGameTest=true -Dforge.logging.console.level=debug -Dforge.logging.markers=REGISTRIES -DignoreList=bootstraplauncher,securejarhandler,asm-commons,asm-util,asm-analysis,asm-tree,asm,JarJarFileSystems,client-extra,fmlcore,javafmllanguage,lowcodelanguage,mclanguage,forge- -Djava.net.preferIPv6Addresses=system -DlegacyClassPath.file=D:\Minecraft MODS\CultOfTheCryptids\cult_cryptids\build\classpath\runClient_minecraftClasspath.txt -DmergeModules=jna-5.10.0.jar,jna-platform-5.10.0.jar -Dmixin.env.refMapRemappingFile=D:\Minecraft MODS\CultOfTheCryptids\cult_cryptids/build/createSrgToMcp/output.srg -Dmixin.env.remapRefMap=true --module-path=C:\Users\poe09\.gradle\caches\modules-2\files-2.1\cpw.mods\bootstraplauncher\1.1.2\c546e00443d8432cda6baa1c860346980742628\bootstraplauncher-1.1.2.jar;C:\Users\poe09\.gradle\caches\modules-2\files-2.1\cpw.mods\securejarhandler\2.1.10\51e6a22c6c716beb11e244bf5b8be480f51dd6b5\securejarhandler-2.1.10.jar;C:\Users\poe09\.gradle\caches\modules-2\files-2.1\org.ow2.asm\asm-commons\9.7\e86dda4696d3c185fcc95d8d311904e7ce38a53f\asm-commons-9.7.jar;C:\Users\poe09\.gradle\caches\modules-2\files-2.1\org.ow2.asm\asm-util\9.7\c0655519f24d92af2202cb681cd7c1569df6ead6\asm-util-9.7.jar;C:\Users\poe09\.gradle\caches\modules-2\files-2.1\org.ow2.asm\asm-analysis\9.7\e4a258b7eb96107106c0599f0061cfc1832fe07a\asm-analysis-9.7.jar;C:\Users\poe09\.gradle\caches\modules-2\files-2.1\org.ow2.asm\asm-tree\9.7\e446a17b175bfb733b87c5c2560ccb4e57d69f1a\asm-tree-9.7.jar;C:\Users\poe09\.gradle\caches\modules-2\files-2.1\org.ow2.asm\asm\9.7\73d7b3086e14beb604ced229c302feff6449723\asm-9.7.jar;C:\Users\poe09\.gradle\caches\modules-2\files-2.1\net.minecraftforge\JarJarFileSystems\0.3.19\2464eb7d6b9ddb9db36a82cf8a95193e5c6fe020\JarJarFileSystems-0.3.19.jar --add-modules=ALL-MODULE-PATH --add-opens=java.base/java.util.jar=cpw.mods.securejarhandler --add-opens=java.base/java.lang.invoke=cpw.mods.securejarhandler --add-exports=java.base/sun.security.util=cpw.mods.securejarhandler --add-exports=jdk.naming.dns/com.sun.jndi.dns=java.naming -XX:HeapDumpPath=MojangTricksIntelDriversForPerformance_javaw.exe_minecraft.exe.heapdump -Dfile.encoding=UTF-8 -Duser.country=RU -Duser.language=ru -Duser.variant 
java_command: cpw.mods.bootstraplauncher.BootstrapLauncher --launchTarget forgeclientuserdev --version MOD_DEV --assetIndex 5 --assetsDir C:\Users\poe09\.gradle\caches\forge_gradle\assets --gameDir . --fml.forgeVersion 47.3.0 --fml.mcVersion 1.20.1 --fml.forgeGroup net.minecraftforge --fml.mcpVersion 20230612.114412
java_class_path (initial): D:\Minecraft MODS\CultOfTheCryptids\cult_cryptids\build\classes\java\main;D:\Minecraft MODS\CultOfTheCryptids\cult_cryptids\build\resources\main;C:\Users\poe09\.gradle\caches\forge_gradle\deobf_dependencies\software\bernie\geckolib\geckolib-forge-1.20.1\4.4.4_mapped_official_1.20.1\geckolib-forge-1.20.1-4.4.4_mapped_official_1.20.1.jar;C:\Users\poe09\.gradle\caches\modules-2\files-2.1\com.eliotlash.mclib\mclib\20\3383672fb61b6a210e8fb93ffdd9fdae4549e4fc\mclib-20.jar;C:\Users\poe09\.gradle\caches\forge_gradle\minecraft_user_repo\net\minecraftforge\forge\1.20.1-47.3.0_mapped_official_1.20.1\forge-1.20.1-47.3.0_mapped_official_1.20.1-recomp.jar;C:\Users\poe09\.gradle\caches\forge_gradle\minecraft_repo\versions\1.20.1\client-extra.jar;C:\Users\poe09\.gradle\caches\modules-2\files-2.1\net.minecraftforge\fmlearlydisplay\1.20.1-47.3.0\91e33682894f35862e9ce29d633e3258120952f0\fmlearlydisplay-1.20.1-47.3.0.jar;C:\Users\poe09\.gradle\caches\modules-2\files-2.1\net.minecraftforge\javafmllanguage\1.20.1-47.3.0\d7ebc62120f202109e300e084ca1a31a7b946a62\javafmllanguage-1.20.1-47.3.0.jar;C:\Users\poe09\.gradle\caches\modules-2\files-2.1\net.minecraftforge\lowcodelanguage\1.20.1-47.3.0\1bf3e845ea0ce750096da8c71c8364b188ab74d4\lowcodelanguage-1.20.1-47.3.0.jar;C:\Users\poe09\.gradle\caches\modules-2\files-2.1\net.minecraftforge\mclanguage\1.20.1-47.3.0\6093682e943ddccbabf70539319d7f2fe64db2e7\mclanguage-1.20.1-47.3.0.jar;C:\Users\poe09\.gradle\caches\modules-2\files-2.1\net.minecraftforge\fmlcore\1.20.1-47.3.0\3b6be96aba3e323f3c918e8ef6a96312d82d76ad\fmlcore-1.20.1-47.3.0.jar;C:\Users\poe09\.gradle\caches\modules-2\files-2.1\net.minecraftforge\fmlloader\1.20.1-47.3.0\547850469c8a336b4c60cb8619f6cd421e9e5f55\fmlloader-1.20.1-47.3.0.jar;C:\Users\poe09\.gradle\caches\modules-2\files-2.1\net.minecraftforge\JarJarSelector\0.3.19\376cc9c8ea60720cf027c01fc033de915699801c\JarJarSelector-0.3.19.jar;C:\Users\poe09\.gradle\caches\modules-2\files-2.1\net.minecraftfor
Launcher Type: SUN_STANDARD

[Global flags]
     intx CICompilerCount                          = 4                                         {product} {ergonomic}
     uint ConcGCThreads                            = 2                                         {product} {ergonomic}
     uint G1ConcRefinementThreads                  = 8                                         {product} {ergonomic}
   size_t G1HeapRegionSize                         = 2097152                                   {product} {ergonomic}
    uintx GCDrainStackTargetSize                   = 64                                        {product} {ergonomic}
    ccstr HeapDumpPath                             = MojangTricksIntelDriversForPerformance_javaw.exe_minecraft.exe.heapdump         {manageable} {command line}
   size_t InitialHeapSize                          = 268435456                                 {product} {ergonomic}
   size_t MarkStackSize                            = 4194304                                   {product} {ergonomic}
   size_t MaxHeapSize                              = 4282384384                                {product} {ergonomic}
   size_t MaxNewSize                               = 2569011200                                {product} {ergonomic}
   size_t MinHeapDeltaBytes                        = 2097152                                   {product} {ergonomic}
   size_t MinHeapSize                              = 8388608                                   {product} {ergonomic}
    uintx NonNMethodCodeHeapSize                   = 5839372                                {pd product} {ergonomic}
    uintx NonProfiledCodeHeapSize                  = 122909434                              {pd product} {ergonomic}
    uintx ProfiledCodeHeapSize                     = 122909434                              {pd product} {ergonomic}
    uintx ReservedCodeCacheSize                    = 251658240                              {pd product} {ergonomic}
     bool SegmentedCodeCache                       = true                                      {product} {ergonomic}
   size_t SoftMaxHeapSize                          = 4282384384                             {manageable} {ergonomic}
     bool UseCompressedClassPointers               = true                           {product lp64_product} {ergonomic}
     bool UseCompressedOops                        = true                           {product lp64_product} {ergonomic}
     bool UseG1GC                                  = true                                      {product} {ergonomic}
     bool UseLargePagesIndividualAllocation        = false                                  {pd product} {ergonomic}

Logging:
Log output configuration:
 #0: stdout all=warning uptime,level,tags
 #1: stderr all=off uptime,level,tags

Environment Variables:
PATH=C:\ffmpeg\bin;C:\Program Files (x86)\Common Files\Oracle\Java\javapath;C:\Windows\system32;C:\Windows;C:\Windows\System32\Wbem;C:\Windows\System32\WindowsPowerShell\v1.0\;C:\Windows\System32\OpenSSH\;C:\Program Files (x86)\NVIDIA Corporation\PhysX\Common;C:\Users\poe09\AppData\Local\Microsoft\WindowsApps;C:\Program Files\NVIDIA Corporation\NVIDIA app\NvDLISR;C:\Program Files\dotnet\;C:\Program Files\Cloudflare\Cloudflare WARP\;C:\Program Files\Git\cmd;C:\Users\poe09\AppData\Local\Microsoft\WindowsApps;
USERNAME=white0hat1
OS=Windows_NT
PROCESSOR_IDENTIFIER=AMD64 Family 23 Model 113 Stepping 0, AuthenticAMD
TMP=C:\Users\poe09\AppData\Local\Temp
TEMP=C:\Users\poe09\AppData\Local\Temp



Periodic native trim disabled


---------------  S Y S T E M  ---------------

OS:
 Windows 10 , 64 bit Build 19041 (10.0.19041.4842)
OS uptime: 0 days 6:49 hours

CPU: total 8 (initial active 8) (8 cores per cpu, 2 threads per core) family 23 model 113 stepping 0 microcode 0x0, cx8, cmov, fxsr, ht, mmx, 3dnowpref, sse, sse2, sse3, ssse3, sse4a, sse4.1, sse4.2, popcnt, lzcnt, tsc, tscinvbit, avx, avx2, aes, clmul, bmi1, bmi2, adx, sha, fma, vzeroupper, clflush, clflushopt
Processor Information for all 8 processors :
  Max Mhz: 3593, Current Mhz: 3593, Mhz Limit: 3593

Memory: 4k page, system-wide physical 16332M (2017M free)
TotalPageFile size 20428M (AvailPageFile size 5M)
current process WorkingSet (physical memory assigned to process): 2454M, peak: 2454M
current process commit charge ("private bytes"): 3154M, peak: 3159M

vm_info: OpenJDK 64-Bit Server VM (17.0.20.1+1) for windows-amd64 JRE (17.0.20.1+1), built on Aug 18 2026 20:44:09 by "admin" with MS VC++ 17.12 (VS2022)

END.
