#
# There is insufficient memory for the Java Runtime Environment to continue.
# Native memory allocation (mmap) failed to map 1149239296 bytes. Error detail: G1 virtual space
# Possible reasons:
#   The system is out of physical RAM or swap space
#   This process is running with CompressedOops enabled, and the Java Heap may be blocking the growth of the native heap
# Possible solutions:
#   Reduce memory load on the system
#   Increase physical memory or swap space
#   Check if swap backing store is full
#   Decrease Java heap size (-Xmx/-Xms)
#   Decrease number of Java threads
#   Decrease Java thread stack sizes (-Xss)
#   Set larger code cache with -XX:ReservedCodeCacheSize=
#   JVM is running with Zero Based Compressed Oops mode in which the Java heap is
#     placed in the first 32GB address space. The Java Heap base address is the
#     maximum limit for the native heap growth. Please use -XX:HeapBaseMinAddress
#     to set the Java Heap base and to place the Java Heap above 32GB virtual address.
# This output file may be truncated or incomplete.
#
#  Out of Memory Error (os_windows.cpp:3630), pid=21184, tid=520
#
# JRE version: OpenJDK Runtime Environment Temurin-17.0.20.1+1 (17.0.20.1+1) (build 17.0.20.1+1)
# Java VM: OpenJDK 64-Bit Server VM Temurin-17.0.20.1+1 (17.0.20.1+1, mixed mode, sharing, tiered, compressed oops, compressed class ptrs, g1 gc, windows-amd64)
# No core dump will be written. Minidumps are not enabled by default on client versions of Windows
#

---------------  S U M M A R Y ------------

Command Line: -Dforge.enableGameTest=true -Dforge.logging.console.level=debug -Dforge.logging.markers=REGISTRIES -DignoreList=bootstraplauncher,securejarhandler,asm-commons,asm-util,asm-analysis,asm-tree,asm,JarJarFileSystems,client-extra,fmlcore,javafmllanguage,lowcodelanguage,mclanguage,forge- -Djava.net.preferIPv6Addresses=system -DlegacyClassPath.file=D:\Minecraft MODS\CultOfTheCryptids\cult_cryptids\build\classpath\runClient_minecraftClasspath.txt -DmergeModules=jna-5.10.0.jar,jna-platform-5.10.0.jar -Dmixin.env.refMapRemappingFile=D:\Minecraft MODS\CultOfTheCryptids\cult_cryptids/build/createSrgToMcp/output.srg -Dmixin.env.remapRefMap=true --module-path=C:\Users\poe09\.gradle\caches\modules-2\files-2.1\cpw.mods\bootstraplauncher\1.1.2\c546e00443d8432cda6baa1c860346980742628\bootstraplauncher-1.1.2.jar;C:\Users\poe09\.gradle\caches\modules-2\files-2.1\cpw.mods\securejarhandler\2.1.10\51e6a22c6c716beb11e244bf5b8be480f51dd6b5\securejarhandler-2.1.10.jar;C:\Users\poe09\.gradle\caches\modules-2\files-2.1\org.ow2.asm\asm-commons\9.7\e86dda4696d3c185fcc95d8d311904e7ce38a53f\asm-commons-9.7.jar;C:\Users\poe09\.gradle\caches\modules-2\files-2.1\org.ow2.asm\asm-util\9.7\c0655519f24d92af2202cb681cd7c1569df6ead6\asm-util-9.7.jar;C:\Users\poe09\.gradle\caches\modules-2\files-2.1\org.ow2.asm\asm-analysis\9.7\e4a258b7eb96107106c0599f0061cfc1832fe07a\asm-analysis-9.7.jar;C:\Users\poe09\.gradle\caches\modules-2\files-2.1\org.ow2.asm\asm-tree\9.7\e446a17b175bfb733b87c5c2560ccb4e57d69f1a\asm-tree-9.7.jar;C:\Users\poe09\.gradle\caches\modules-2\files-2.1\org.ow2.asm\asm\9.7\73d7b3086e14beb604ced229c302feff6449723\asm-9.7.jar;C:\Users\poe09\.gradle\caches\modules-2\files-2.1\net.minecraftforge\JarJarFileSystems\0.3.19\2464eb7d6b9ddb9db36a82cf8a95193e5c6fe020\JarJarFileSystems-0.3.19.jar --add-modules=ALL-MODULE-PATH --add-opens=java.base/java.util.jar=cpw.mods.securejarhandler --add-opens=java.base/java.lang.invoke=cpw.mods.securejarhandler --add-exports=java.base/sun.security.util=cpw.mods.securejarhandler --add-exports=jdk.naming.dns/com.sun.jndi.dns=java.naming -XX:HeapDumpPath=MojangTricksIntelDriversForPerformance_javaw.exe_minecraft.exe.heapdump -Dfile.encoding=UTF-8 -Duser.country=RU -Duser.language=ru -Duser.variant cpw.mods.bootstraplauncher.BootstrapLauncher --launchTarget forgeclientuserdev --version MOD_DEV --assetIndex 5 --assetsDir C:\Users\poe09\.gradle\caches\forge_gradle\assets --gameDir . --fml.forgeVersion 47.3.0 --fml.mcVersion 1.20.1 --fml.forgeGroup net.minecraftforge --fml.mcpVersion 20230612.114412

Host: AMD Ryzen 3 3100 4-Core Processor              , 8 cores, 15G,  Windows 10 , 64 bit Build 19041 (10.0.19041.4842)
Time: Sun Sep 27 20:06:07 2026 RTZ 2 (s 10 , 64 bit Build 19041 (10.0.19041.4842) elapsed time: 25.646952 seconds (0d 0h 0m 25s)

---------------  T H R E A D  ---------------

Current thread (0x00000210653040a0):  VMThread "VM Thread" [stack: 0x0000001ed6600000,0x0000001ed6700000] [id=520]

Stack: [0x0000001ed6600000,0x0000001ed6700000]
Native frames: (J=compiled Java code, j=interpreted, Vv=VM code, C=native code)
V  [jvm.dll+0x684d39]
V  [jvm.dll+0x83a565]
V  [jvm.dll+0x83bfde]
V  [jvm.dll+0x83c663]
V  [jvm.dll+0x2490cf]
V  [jvm.dll+0x681af9]
V  [jvm.dll+0x6768ba]
V  [jvm.dll+0x309467]
V  [jvm.dll+0x310a56]
V  [jvm.dll+0x360f3e]
V  [jvm.dll+0x36117d]
V  [jvm.dll+0x2e04ec]
V  [jvm.dll+0x2de8c2]
V  [jvm.dll+0x2de05c]
V  [jvm.dll+0x320cab]
V  [jvm.dll+0x840e7d]
V  [jvm.dll+0x841bb3]
V  [jvm.dll+0x8420df]
V  [jvm.dll+0x8424c5]
V  [jvm.dll+0x84258e]
V  [jvm.dll+0x7eb17c]
V  [jvm.dll+0x683c07]
C  [ucrtbase.dll+0x21bb2]
C  [KERNEL32.DLL+0x17374]
C  [ntdll.dll+0x4cc91]

VM_Operation (0x0000001ed99ff050): G1CollectForAllocation, mode: safepoint, requested by thread 0x00000210b9004270


---------------  P R O C E S S  ---------------

Threads class SMR info:
_java_thread_list=0x00000210bafd8710, length=42, elements={
0x0000021040240320, 0x0000021065308650, 0x000002106530b3f0, 0x0000021065320e80,
0x0000021065321850, 0x0000021065324130, 0x0000021065327a20, 0x0000021065329410,
0x000002106533cb40, 0x00000210653490a0, 0x00000210653f9850, 0x0000021065547900,
0x00000210ad720850, 0x00000210af0bf4d0, 0x00000210af0bc230, 0x00000210af0bc740,
0x00000210af0bd670, 0x00000210af0bf9e0, 0x00000210af0b8f90, 0x00000210af0bdb80,
0x00000210b8ffce00, 0x00000210b9004270, 0x00000210b8fffb90, 0x00000210b90005b0,
0x00000210b9002920, 0x00000210b8fff170, 0x00000210b8ffd820, 0x00000210b90000a0,
0x00000210b8fff680, 0x00000210b9000fd0, 0x00000210b90019f0, 0x00000210b9001f00,
0x00000210b9002410, 0x00000210b8ffec60, 0x00000210af0beab0, 0x00000210b809ae70,
0x00000210af0bcc50, 0x00000210ad83c1a0, 0x00000210b8096410, 0x00000210ad83c6b0,
0x00000210ad8389f0, 0x00000210ab908a90
}

Java Threads: ( => current thread )
  0x0000021040240320 JavaThread "Render thread" [_thread_blocked, id=20600, stack(0x0000001ed6000000,0x0000001ed6100000)]
  0x0000021065308650 JavaThread "Reference Handler" daemon [_thread_blocked, id=19240, stack(0x0000001ed6700000,0x0000001ed6800000)]
  0x000002106530b3f0 JavaThread "Finalizer" daemon [_thread_blocked, id=7376, stack(0x0000001ed6800000,0x0000001ed6900000)]
  0x0000021065320e80 JavaThread "Signal Dispatcher" daemon [_thread_blocked, id=8844, stack(0x0000001ed6900000,0x0000001ed6a00000)]
  0x0000021065321850 JavaThread "Attach Listener" daemon [_thread_blocked, id=13072, stack(0x0000001ed6a00000,0x0000001ed6b00000)]
  0x0000021065324130 JavaThread "Service Thread" daemon [_thread_blocked, id=21324, stack(0x0000001ed6b00000,0x0000001ed6c00000)]
  0x0000021065327a20 JavaThread "Monitor Deflation Thread" daemon [_thread_blocked, id=20748, stack(0x0000001ed6c00000,0x0000001ed6d00000)]
  0x0000021065329410 JavaThread "C2 CompilerThread0" daemon [_thread_blocked, id=16972, stack(0x0000001ed6d00000,0x0000001ed6e00000)]
  0x000002106533cb40 JavaThread "C1 CompilerThread0" daemon [_thread_blocked, id=6092, stack(0x0000001ed6e00000,0x0000001ed6f00000)]
  0x00000210653490a0 JavaThread "Sweeper thread" daemon [_thread_blocked, id=18196, stack(0x0000001ed6f00000,0x0000001ed7000000)]
  0x00000210653f9850 JavaThread "Common-Cleaner" daemon [_thread_blocked, id=7328, stack(0x0000001ed7000000,0x0000001ed7100000)]
  0x0000021065547900 JavaThread "Notification Thread" daemon [_thread_blocked, id=8284, stack(0x0000001ed7200000,0x0000001ed7300000)]
  0x00000210ad720850 JavaThread "JNA Cleaner" daemon [_thread_blocked, id=9284, stack(0x0000001ed8a00000,0x0000001ed8b00000)]
  0x00000210af0bf4d0 JavaThread "Timer hack thread" daemon [_thread_blocked, id=2380, stack(0x0000001ed7100000,0x0000001ed7200000)]
  0x00000210af0bc230 JavaThread "Yggdrasil Key Fetcher" daemon [_thread_blocked, id=18560, stack(0x0000001ed8f00000,0x0000001ed9000000)]
  0x00000210af0bc740 JavaThread "modloading-worker-0" daemon [_thread_blocked, id=836, stack(0x0000001ed8700000,0x0000001ed8800000)]
  0x00000210af0bd670 JavaThread "modloading-worker-0" daemon [_thread_blocked, id=18376, stack(0x0000001ed9100000,0x0000001ed9200000)]
  0x00000210af0bf9e0 JavaThread "modloading-worker-0" daemon [_thread_blocked, id=10276, stack(0x0000001ed9200000,0x0000001ed9300000)]
  0x00000210af0b8f90 JavaThread "modloading-worker-0" daemon [_thread_blocked, id=18220, stack(0x0000001ed9300000,0x0000001ed9400000)]
  0x00000210af0bdb80 JavaThread "modloading-worker-0" daemon [_thread_blocked, id=18352, stack(0x0000001ed9400000,0x0000001ed9500000)]
  0x00000210b8ffce00 JavaThread "Worker-Main-1" daemon [_thread_blocked, id=18908, stack(0x0000001ed9800000,0x0000001ed9900000)]
  0x00000210b9004270 JavaThread "Worker-Main-2" daemon [_thread_blocked, id=20072, stack(0x0000001ed9900000,0x0000001ed9a00000)]
  0x00000210b8fffb90 JavaThread "Worker-Main-3" daemon [_thread_blocked, id=17368, stack(0x0000001ed9a00000,0x0000001ed9b00000)]
  0x00000210b90005b0 JavaThread "Worker-Main-4" daemon [_thread_blocked, id=3716, stack(0x0000001ed9b00000,0x0000001ed9c00000)]
  0x00000210b9002920 JavaThread "Worker-Main-5" daemon [_thread_blocked, id=20372, stack(0x0000001ed9c00000,0x0000001ed9d00000)]
  0x00000210b8fff170 JavaThread "Worker-Main-6" daemon [_thread_blocked, id=11168, stack(0x0000001ed9d00000,0x0000001ed9e00000)]
  0x00000210b8ffd820 JavaThread "Worker-Main-7" daemon [_thread_blocked, id=5020, stack(0x0000001ed9e00000,0x0000001ed9f00000)]
  0x00000210b90000a0 JavaThread "Thread-3" daemon [_thread_blocked, id=16952, stack(0x0000001ed9f00000,0x0000001eda000000)]
  0x00000210b8fff680 JavaThread "FileSystemWatchService" daemon [_thread_in_native, id=18124, stack(0x0000001eda000000,0x0000001eda100000)]
  0x00000210b9000fd0 JavaThread "Forge Version Check" daemon [_thread_blocked, id=15808, stack(0x0000001eda100000,0x0000001eda200000)]
  0x00000210b90019f0 JavaThread "IO-Worker-8" [_thread_blocked, id=9296, stack(0x0000001eda200000,0x0000001eda300000)]
  0x00000210b9001f00 JavaThread "HttpClient-1-SelectorManager" daemon [_thread_in_native, id=18184, stack(0x0000001eda300000,0x0000001eda400000)]
  0x00000210b9002410 JavaThread "HttpClient-1-Worker-0" daemon [_thread_blocked, id=20848, stack(0x0000001eda400000,0x0000001eda500000)]
  0x00000210b8ffec60 JavaThread "HttpClient-1-Worker-1" daemon [_thread_blocked, id=14240, stack(0x0000001eda500000,0x0000001eda600000)]
  0x00000210af0beab0 JavaThread "Sound engine" daemon [_thread_blocked, id=21032, stack(0x0000001ed7a00000,0x0000001ed7b00000)]
  0x00000210b809ae70 JavaThread "C2 CompilerThread1" daemon [_thread_blocked, id=18668, stack(0x0000001ed7f00000,0x0000001ed8000000)]
  0x00000210af0bcc50 JavaThread "Server thread" [_thread_blocked, id=18892, stack(0x0000001ed9500000,0x0000001ed9600000)]
  0x00000210ad83c1a0 JavaThread "FileSystemWatchService" daemon [_thread_in_native, id=5772, stack(0x0000001eda800000,0x0000001eda900000)]
  0x00000210b8096410 JavaThread "C2 CompilerThread2" daemon [_thread_blocked, id=3600, stack(0x0000001ed9700000,0x0000001ed9800000)]
  0x00000210ad83c6b0 JavaThread "IO-Worker-9" [_thread_blocked, id=17476, stack(0x0000001eda900000,0x0000001edaa00000)]
  0x00000210ad8389f0 JavaThread "IO-Worker-10" [_thread_blocked, id=16084, stack(0x0000001edaa00000,0x0000001edab00000)]
  0x00000210ab908a90 JavaThread "IO-Worker-11" [_thread_blocked, id=9248, stack(0x0000001edab00000,0x0000001edac00000)]

Other Threads:
=>0x00000210653040a0 VMThread "VM Thread" [stack: 0x0000001ed6600000,0x0000001ed6700000] [id=520]
  0x00000210402411f0 WatcherThread [stack: 0x0000001ed7300000,0x0000001ed7400000] [id=21152]
  0x00000210402ae4f0 GCTaskThread "GC Thread#0" [stack: 0x0000001ed6100000,0x0000001ed6200000] [id=20776]
  0x00000210ab2f1de0 GCTaskThread "GC Thread#1" [stack: 0x0000001ed7400000,0x0000001ed7500000] [id=10580]
  0x00000210ab2f20a0 GCTaskThread "GC Thread#2" [stack: 0x0000001ed7500000,0x0000001ed7600000] [id=1380]
  0x00000210ab2f2360 GCTaskThread "GC Thread#3" [stack: 0x0000001ed7600000,0x0000001ed7700000] [id=12020]
  0x00000210ab2f2620 GCTaskThread "GC Thread#4" [stack: 0x0000001ed7700000,0x0000001ed7800000] [id=20840]
  0x00000210ab2f28e0 GCTaskThread "GC Thread#5" [stack: 0x0000001ed7800000,0x0000001ed7900000] [id=17068]
  0x00000210ab98f4b0 GCTaskThread "GC Thread#6" [stack: 0x0000001ed7b00000,0x0000001ed7c00000] [id=5424]
  0x00000210ae4fc2d0 GCTaskThread "GC Thread#7" [stack: 0x0000001ed8500000,0x0000001ed8600000] [id=20668]
  0x00000210402bf290 ConcurrentGCThread "G1 Main Marker" [stack: 0x0000001ed6200000,0x0000001ed6300000] [id=21060]
  0x00000210402c0360 ConcurrentGCThread "G1 Conc#0" [stack: 0x0000001ed6300000,0x0000001ed6400000] [id=20944]
  0x00000210656fed10 ConcurrentGCThread "G1 Conc#1" [stack: 0x0000001ed8600000,0x0000001ed8700000] [id=1068]
  0x00000210402debf0 ConcurrentGCThread "G1 Refine#0" [stack: 0x0000001ed6400000,0x0000001ed6500000] [id=4916]
  0x00000210ab625110 ConcurrentGCThread "G1 Refine#1" [stack: 0x0000001ed7900000,0x0000001ed7a00000] [id=13520]
  0x00000210ae9f0a00 ConcurrentGCThread "G1 Refine#2" [stack: 0x0000001ed8800000,0x0000001ed8900000] [id=12504]
  0x00000210ae9f0cf0 ConcurrentGCThread "G1 Refine#3" [stack: 0x0000001ed8900000,0x0000001ed8a00000] [id=9588]
  0x00000210ba3da3f0 ConcurrentGCThread "G1 Refine#4" [stack: 0x0000001ed8d00000,0x0000001ed8e00000] [id=20280]
  0x00000210ba3db2a0 ConcurrentGCThread "G1 Refine#5" [stack: 0x0000001ed8e00000,0x0000001ed8f00000] [id=16676]
  0x00000210ac8441b0 ConcurrentGCThread "G1 Refine#6" [stack: 0x0000001ed8400000,0x0000001ed8500000] [id=12340]
  0x00000210ac845930 ConcurrentGCThread "G1 Refine#7" [stack: 0x0000001ed8c00000,0x0000001ed8d00000] [id=18400]
  0x00000210650a68a0 ConcurrentGCThread "G1 Service" [stack: 0x0000001ed6500000,0x0000001ed6600000] [id=20976]

Threads with active compile tasks:
C2 CompilerThread2  25674 20747   !   4       java.util.concurrent.SynchronousQueue$TransferStack::transfer (541 bytes)

VM state: at safepoint (normal execution)

VM Mutex/Monitor currently owned by a thread:  ([mutex/lock_event])
[0x000002104023c830] Threads_lock - owner thread: 0x00000210653040a0
[0x000002104023cc20] Heap_lock - owner thread: 0x00000210b9004270

Heap address: 0x0000000700c00000, size: 4084 MB, Compressed Oops mode: Zero based, Oop shift amount: 3

CDS archive(s) mapped at: [0x0000021066000000-0x0000021066bb0000-0x0000021066bb0000), size 12255232, SharedBaseAddress: 0x0000021066000000, ArchiveRelocationMode: 1.
Compressed class space mapped at: 0x0000021067000000-0x00000210a7000000, reserved size: 1073741824
Narrow klass base: 0x0000021066000000, Narrow klass shift: 0, Narrow klass range: 0x100000000

GC Precious Log:
 CPUs: 8 total, 8 available
 Memory: 16332M
 Large Page Support: Disabled
 NUMA Support: Disabled
 Compressed Oops: Enabled (Zero based)
 Heap Region Size: 2M
 Heap Min Capacity: 8M
 Heap Initial Capacity: 256M
 Heap Max Capacity: 4084M
 Pre-touch: Disabled
 Parallel Workers: 8
 Concurrent Workers: 2
 Concurrent Refinement Workers: 8
 Periodic GC: Disabled

Heap:
 garbage-first heap   total 1376256K, used 825589K [0x0000000700c00000, 0x0000000800000000)
  region size 2048K, 7 young (14336K), 7 survivors (14336K)
 Metaspace       used 110881K, committed 112576K, reserved 1179648K
  class space    used 16326K, committed 17088K, reserved 1048576K

Heap Regions: E=young(eden), S=young(survivor), O=old, HS=humongous(starts), HC=humongous(continues), CS=collection set, F=free, OA=open archive, CA=closed archive, TAMS=top-at-mark-start (previous, next)
|   0|0x0000000700c00000, 0x0000000700e00000, 0x0000000700e00000|100%|HS|  |TAMS 0x0000000700e00000, 0x0000000700c00000| Complete 
|   1|0x0000000700e00000, 0x0000000701000000, 0x0000000701000000|100%| O|  |TAMS 0x0000000701000000, 0x0000000700e00000| Updating 
|   2|0x0000000701000000, 0x0000000701200000, 0x0000000701200000|100%| O|  |TAMS 0x0000000701200000, 0x0000000701000000| Untracked 
|   3|0x0000000701200000, 0x0000000701400000, 0x0000000701400000|100%|HS|  |TAMS 0x0000000701400000, 0x0000000701200000| Complete 
|   4|0x0000000701400000, 0x0000000701600000, 0x0000000701600000|100%| O|  |TAMS 0x0000000701600000, 0x0000000701400000| Untracked 
|   5|0x0000000701600000, 0x0000000701800000, 0x0000000701800000|100%| O|  |TAMS 0x0000000701800000, 0x0000000701600000| Updating 
|   6|0x0000000701800000, 0x0000000701a00000, 0x0000000701a00000|100%|HS|  |TAMS 0x0000000701a00000, 0x0000000701800000| Complete 
|   7|0x0000000701a00000, 0x0000000701c00000, 0x0000000701c00000|100%|HS|  |TAMS 0x0000000701c00000, 0x0000000701a00000| Complete 
|   8|0x0000000701c00000, 0x0000000701e00000, 0x0000000701e00000|100%| O|  |TAMS 0x0000000701e00000, 0x0000000701c00000| Untracked 
|   9|0x0000000701e00000, 0x0000000702000000, 0x0000000702000000|100%| O|  |TAMS 0x0000000702000000, 0x0000000701e00000| Untracked 
|  10|0x0000000702000000, 0x0000000702200000, 0x0000000702200000|100%| O|  |TAMS 0x0000000702200000, 0x0000000702000000| Untracked 
|  11|0x0000000702200000, 0x0000000702400000, 0x0000000702400000|100%| O|  |TAMS 0x0000000702400000, 0x0000000702200000| Untracked 
|  12|0x0000000702400000, 0x0000000702600000, 0x0000000702600000|100%|HS|  |TAMS 0x0000000702600000, 0x0000000702400000| Complete 
|  13|0x0000000702600000, 0x0000000702800000, 0x0000000702800000|100%| O|  |TAMS 0x0000000702800000, 0x0000000702600000| Untracked 
|  14|0x0000000702800000, 0x0000000702a00000, 0x0000000702a00000|100%| O|  |TAMS 0x0000000702a00000, 0x0000000702800000| Untracked 
|  15|0x0000000702a00000, 0x0000000702c00000, 0x0000000702c00000|100%| O|  |TAMS 0x0000000702c00000, 0x0000000702a00000| Untracked 
|  16|0x0000000702c00000, 0x0000000702e00000, 0x0000000702e00000|100%| O|  |TAMS 0x0000000702e00000, 0x0000000702c00000| Updating 
|  17|0x0000000702e00000, 0x0000000703000000, 0x0000000703000000|100%| O|  |TAMS 0x0000000703000000, 0x0000000702e00000| Untracked 
|  18|0x0000000703000000, 0x0000000703200000, 0x0000000703200000|100%| O|  |TAMS 0x0000000703200000, 0x0000000703000000| Untracked 
|  19|0x0000000703200000, 0x0000000703400000, 0x0000000703400000|100%| O|  |TAMS 0x0000000703400000, 0x0000000703200000| Untracked 
|  20|0x0000000703400000, 0x0000000703600000, 0x0000000703600000|100%| O|  |TAMS 0x0000000703600000, 0x0000000703400000| Untracked 
|  21|0x0000000703600000, 0x0000000703800000, 0x0000000703800000|100%| O|  |TAMS 0x0000000703800000, 0x0000000703600000| Updating 
|  22|0x0000000703800000, 0x0000000703a00000, 0x0000000703a00000|100%| O|  |TAMS 0x0000000703a00000, 0x0000000703800000| Untracked 
|  23|0x0000000703a00000, 0x0000000703c00000, 0x0000000703c00000|100%| O|  |TAMS 0x0000000703c00000, 0x0000000703a00000| Untracked 
|  24|0x0000000703c00000, 0x0000000703e00000, 0x0000000703e00000|100%| O|  |TAMS 0x0000000703e00000, 0x0000000703c00000| Untracked 
|  25|0x0000000703e00000, 0x0000000704000000, 0x0000000704000000|100%| O|  |TAMS 0x0000000704000000, 0x0000000703e00000| Untracked 
|  26|0x0000000704000000, 0x0000000704200000, 0x0000000704200000|100%| O|  |TAMS 0x0000000704200000, 0x0000000704000000| Untracked 
|  27|0x0000000704200000, 0x0000000704400000, 0x0000000704400000|100%| O|  |TAMS 0x0000000704400000, 0x0000000704200000| Untracked 
|  28|0x0000000704400000, 0x0000000704600000, 0x0000000704600000|100%| O|  |TAMS 0x0000000704600000, 0x0000000704400000| Updating 
|  29|0x0000000704600000, 0x0000000704800000, 0x0000000704800000|100%| O|  |TAMS 0x0000000704800000, 0x0000000704600000| Untracked 
|  30|0x0000000704800000, 0x0000000704a00000, 0x0000000704a00000|100%| O|  |TAMS 0x0000000704a00000, 0x0000000704800000| Untracked 
|  31|0x0000000704a00000, 0x0000000704c00000, 0x0000000704c00000|100%| O|  |TAMS 0x0000000704c00000, 0x0000000704a00000| Untracked 
|  32|0x0000000704c00000, 0x0000000704e00000, 0x0000000704e00000|100%| O|  |TAMS 0x0000000704e00000, 0x0000000704c00000| Untracked 
|  33|0x0000000704e00000, 0x0000000705000000, 0x0000000705000000|100%| O|  |TAMS 0x0000000705000000, 0x0000000704e00000| Untracked 
|  34|0x0000000705000000, 0x0000000705200000, 0x0000000705200000|100%| O|  |TAMS 0x0000000705200000, 0x0000000705000000| Untracked 
|  35|0x0000000705200000, 0x0000000705400000, 0x0000000705400000|100%| O|  |TAMS 0x0000000705400000, 0x0000000705200000| Untracked 
|  36|0x0000000705400000, 0x0000000705600000, 0x0000000705600000|100%| O|  |TAMS 0x0000000705600000, 0x0000000705400000| Untracked 
|  37|0x0000000705600000, 0x0000000705800000, 0x0000000705800000|100%| O|  |TAMS 0x0000000705800000, 0x0000000705600000| Untracked 
|  38|0x0000000705800000, 0x0000000705a00000, 0x0000000705a00000|100%| O|  |TAMS 0x0000000705a00000, 0x0000000705800000| Untracked 
|  39|0x0000000705a00000, 0x0000000705c00000, 0x0000000705c00000|100%| O|  |TAMS 0x0000000705c00000, 0x0000000705a00000| Untracked 
|  40|0x0000000705c00000, 0x0000000705e00000, 0x0000000705e00000|100%| O|  |TAMS 0x0000000705e00000, 0x0000000705c00000| Untracked 
|  41|0x0000000705e00000, 0x0000000706000000, 0x0000000706000000|100%| O|  |TAMS 0x0000000706000000, 0x0000000705e00000| Untracked 
|  42|0x0000000706000000, 0x0000000706200000, 0x0000000706200000|100%| O|  |TAMS 0x0000000706200000, 0x0000000706000000| Untracked 
|  43|0x0000000706200000, 0x0000000706400000, 0x0000000706400000|100%| O|  |TAMS 0x0000000706400000, 0x0000000706200000| Untracked 
|  44|0x0000000706400000, 0x0000000706600000, 0x0000000706600000|100%| O|  |TAMS 0x0000000706600000, 0x0000000706400000| Updating 
|  45|0x0000000706600000, 0x0000000706800000, 0x0000000706800000|100%|HS|  |TAMS 0x0000000706800000, 0x0000000706600000| Complete 
|  46|0x0000000706800000, 0x0000000706a00000, 0x0000000706a00000|100%|HC|  |TAMS 0x0000000706a00000, 0x0000000706800000| Complete 
|  47|0x0000000706a00000, 0x0000000706c00000, 0x0000000706c00000|100%|HC|  |TAMS 0x0000000706c00000, 0x0000000706a00000| Complete 
|  48|0x0000000706c00000, 0x0000000706e00000, 0x0000000706e00000|100%|HC|  |TAMS 0x0000000706e00000, 0x0000000706c00000| Complete 
|  49|0x0000000706e00000, 0x0000000707000000, 0x0000000707000000|100%|HC|  |TAMS 0x0000000707000000, 0x0000000706e00000| Complete 
|  50|0x0000000707000000, 0x0000000707200000, 0x0000000707200000|100%|HC|  |TAMS 0x0000000707200000, 0x0000000707000000| Complete 
|  51|0x0000000707200000, 0x0000000707400000, 0x0000000707400000|100%| O|  |TAMS 0x0000000707400000, 0x0000000707200000| Untracked 
|  52|0x0000000707400000, 0x0000000707600000, 0x0000000707600000|100%| O|  |TAMS 0x0000000707600000, 0x0000000707400000| Updating 
|  53|0x0000000707600000, 0x0000000707800000, 0x0000000707800000|100%| O|  |TAMS 0x0000000707800000, 0x0000000707600000| Untracked 
|  54|0x0000000707800000, 0x0000000707a00000, 0x0000000707a00000|100%| O|  |TAMS 0x0000000707a00000, 0x0000000707800000| Untracked 
|  55|0x0000000707a00000, 0x0000000707c00000, 0x0000000707c00000|100%| O|  |TAMS 0x0000000707c00000, 0x0000000707a00000| Untracked 
|  56|0x0000000707c00000, 0x0000000707e00000, 0x0000000707e00000|100%| O|  |TAMS 0x0000000707e00000, 0x0000000707c00000| Untracked 
|  57|0x0000000707e00000, 0x0000000708000000, 0x0000000708000000|100%| O|  |TAMS 0x0000000708000000, 0x0000000707e00000| Untracked 
|  58|0x0000000708000000, 0x0000000708200000, 0x0000000708200000|100%| O|  |TAMS 0x0000000708200000, 0x0000000708000000| Untracked 
|  59|0x0000000708200000, 0x0000000708400000, 0x0000000708400000|100%| O|  |TAMS 0x0000000708400000, 0x0000000708200000| Untracked 
|  60|0x0000000708400000, 0x0000000708600000, 0x0000000708600000|100%| O|  |TAMS 0x0000000708600000, 0x0000000708400000| Untracked 
|  61|0x0000000708600000, 0x0000000708800000, 0x0000000708800000|100%| O|  |TAMS 0x0000000708800000, 0x0000000708600000| Untracked 
|  62|0x0000000708800000, 0x0000000708a00000, 0x0000000708a00000|100%| O|  |TAMS 0x0000000708a00000, 0x0000000708800000| Untracked 
|  63|0x0000000708a00000, 0x0000000708c00000, 0x0000000708c00000|100%| O|  |TAMS 0x0000000708c00000, 0x0000000708a00000| Updating 
|  64|0x0000000708c00000, 0x0000000708e00000, 0x0000000708e00000|100%| O|  |TAMS 0x0000000708e00000, 0x0000000708c00000| Updating 
|  65|0x0000000708e00000, 0x0000000709000000, 0x0000000709000000|100%| O|  |TAMS 0x0000000709000000, 0x0000000708e00000| Untracked 
|  66|0x0000000709000000, 0x0000000709200000, 0x0000000709200000|100%| O|  |TAMS 0x0000000709200000, 0x0000000709000000| Updating 
|  67|0x0000000709200000, 0x0000000709400000, 0x0000000709400000|100%| O|  |TAMS 0x0000000709400000, 0x0000000709200000| Untracked 
|  68|0x0000000709400000, 0x0000000709600000, 0x0000000709600000|100%| O|  |TAMS 0x0000000709600000, 0x0000000709400000| Untracked 
|  69|0x0000000709600000, 0x0000000709800000, 0x0000000709800000|100%| O|  |TAMS 0x0000000709800000, 0x0000000709600000| Untracked 
|  70|0x0000000709800000, 0x0000000709a00000, 0x0000000709a00000|100%| O|  |TAMS 0x0000000709a00000, 0x0000000709800000| Updating 
|  71|0x0000000709a00000, 0x0000000709c00000, 0x0000000709c00000|100%| O|  |TAMS 0x0000000709c00000, 0x0000000709a00000| Updating 
|  72|0x0000000709c00000, 0x0000000709e00000, 0x0000000709e00000|100%| O|  |TAMS 0x0000000709e00000, 0x0000000709c00000| Updating 
|  73|0x0000000709e00000, 0x000000070a000000, 0x000000070a000000|100%| O|  |TAMS 0x000000070a000000, 0x0000000709e00000| Updating 
|  74|0x000000070a000000, 0x000000070a200000, 0x000000070a200000|100%| O|  |TAMS 0x000000070a200000, 0x000000070a000000| Untracked 
|  75|0x000000070a200000, 0x000000070a400000, 0x000000070a400000|100%| O|  |TAMS 0x000000070a400000, 0x000000070a200000| Untracked 
|  76|0x000000070a400000, 0x000000070a600000, 0x000000070a600000|100%| O|  |TAMS 0x000000070a600000, 0x000000070a400000| Untracked 
|  77|0x000000070a600000, 0x000000070a800000, 0x000000070a800000|100%| O|  |TAMS 0x000000070a800000, 0x000000070a600000| Untracked 
|  78|0x000000070a800000, 0x000000070aa00000, 0x000000070aa00000|100%| O|  |TAMS 0x000000070aa00000, 0x000000070a800000| Untracked 
|  79|0x000000070aa00000, 0x000000070ac00000, 0x000000070ac00000|100%| O|  |TAMS 0x000000070ac00000, 0x000000070aa00000| Untracked 
|  80|0x000000070ac00000, 0x000000070ae00000, 0x000000070ae00000|100%| O|  |TAMS 0x000000070ae00000, 0x000000070ac00000| Untracked 
|  81|0x000000070ae00000, 0x000000070b000000, 0x000000070b000000|100%| O|  |TAMS 0x000000070b000000, 0x000000070ae00000| Untracked 
|  82|0x000000070b000000, 0x000000070b200000, 0x000000070b200000|100%| O|  |TAMS 0x000000070b200000, 0x000000070b000000| Untracked 
|  83|0x000000070b200000, 0x000000070b400000, 0x000000070b400000|100%| O|  |TAMS 0x000000070b400000, 0x000000070b200000| Untracked 
|  84|0x000000070b400000, 0x000000070b600000, 0x000000070b600000|100%| O|  |TAMS 0x000000070b600000, 0x000000070b400000| Untracked 
|  85|0x000000070b600000, 0x000000070b800000, 0x000000070b800000|100%| O|  |TAMS 0x000000070b800000, 0x000000070b600000| Untracked 
|  86|0x000000070b800000, 0x000000070ba00000, 0x000000070ba00000|100%| O|  |TAMS 0x000000070ba00000, 0x000000070b800000| Updating 
|  87|0x000000070ba00000, 0x000000070bc00000, 0x000000070bc00000|100%| O|  |TAMS 0x000000070bc00000, 0x000000070ba00000| Updating 
|  88|0x000000070bc00000, 0x000000070be00000, 0x000000070be00000|100%| O|  |TAMS 0x000000070be00000, 0x000000070bc00000| Untracked 
|  89|0x000000070be00000, 0x000000070c000000, 0x000000070c000000|100%| O|  |TAMS 0x000000070c000000, 0x000000070be00000| Updating 
|  90|0x000000070c000000, 0x000000070c200000, 0x000000070c200000|100%| O|  |TAMS 0x000000070c200000, 0x000000070c000000| Untracked 
|  91|0x000000070c200000, 0x000000070c400000, 0x000000070c400000|100%| O|  |TAMS 0x000000070c400000, 0x000000070c200000| Updating 
|  92|0x000000070c400000, 0x000000070c600000, 0x000000070c600000|100%| O|  |TAMS 0x000000070c600000, 0x000000070c400000| Untracked 
|  93|0x000000070c600000, 0x000000070c800000, 0x000000070c800000|100%| O|  |TAMS 0x000000070c800000, 0x000000070c600000| Untracked 
|  94|0x000000070c800000, 0x000000070ca00000, 0x000000070ca00000|100%| O|  |TAMS 0x000000070ca00000, 0x000000070c800000| Untracked 
|  95|0x000000070ca00000, 0x000000070cc00000, 0x000000070cc00000|100%| O|  |TAMS 0x000000070cc00000, 0x000000070ca00000| Untracked 
|  96|0x000000070cc00000, 0x000000070ce00000, 0x000000070ce00000|100%| O|  |TAMS 0x000000070ce00000, 0x000000070cc00000| Untracked 
|  97|0x000000070ce00000, 0x000000070d000000, 0x000000070d000000|100%| O|  |TAMS 0x000000070d000000, 0x000000070ce00000| Untracked 
|  98|0x000000070d000000, 0x000000070d200000, 0x000000070d200000|100%| O|  |TAMS 0x000000070d200000, 0x000000070d000000| Untracked 
|  99|0x000000070d200000, 0x000000070d400000, 0x000000070d400000|100%| O|  |TAMS 0x000000070d400000, 0x000000070d200000| Updating 
| 100|0x000000070d400000, 0x000000070d600000, 0x000000070d600000|100%| O|  |TAMS 0x000000070d600000, 0x000000070d400000| Updating 
| 101|0x000000070d600000, 0x000000070d800000, 0x000000070d800000|100%| O|  |TAMS 0x000000070d800000, 0x000000070d600000| Untracked 
| 102|0x000000070d800000, 0x000000070da00000, 0x000000070da00000|100%| O|  |TAMS 0x000000070da00000, 0x000000070d800000| Untracked 
| 103|0x000000070da00000, 0x000000070dc00000, 0x000000070dc00000|100%| O|  |TAMS 0x000000070dc00000, 0x000000070da00000| Untracked 
| 104|0x000000070dc00000, 0x000000070de00000, 0x000000070de00000|100%| O|  |TAMS 0x000000070de00000, 0x000000070dc00000| Untracked 
| 105|0x000000070de00000, 0x000000070e000000, 0x000000070e000000|100%| O|  |TAMS 0x000000070e000000, 0x000000070de00000| Untracked 
| 106|0x000000070e000000, 0x000000070e200000, 0x000000070e200000|100%| O|  |TAMS 0x000000070e200000, 0x000000070e000000| Untracked 
| 107|0x000000070e200000, 0x000000070e400000, 0x000000070e400000|100%| O|  |TAMS 0x000000070e400000, 0x000000070e200000| Untracked 
| 108|0x000000070e400000, 0x000000070e600000, 0x000000070e600000|100%| O|  |TAMS 0x000000070e600000, 0x000000070e400000| Untracked 
| 109|0x000000070e600000, 0x000000070e800000, 0x000000070e800000|100%| O|  |TAMS 0x000000070e800000, 0x000000070e600000| Untracked 
| 110|0x000000070e800000, 0x000000070ea00000, 0x000000070ea00000|100%| O|  |TAMS 0x000000070ea00000, 0x000000070e800000| Untracked 
| 111|0x000000070ea00000, 0x000000070ec00000, 0x000000070ec00000|100%| O|  |TAMS 0x000000070ec00000, 0x000000070ea00000| Untracked 
| 112|0x000000070ec00000, 0x000000070ee00000, 0x000000070ee00000|100%| O|  |TAMS 0x000000070ee00000, 0x000000070ec00000| Untracked 
| 113|0x000000070ee00000, 0x000000070f000000, 0x000000070f000000|100%| O|  |TAMS 0x000000070f000000, 0x000000070ee00000| Untracked 
| 114|0x000000070f000000, 0x000000070f200000, 0x000000070f200000|100%| O|  |TAMS 0x000000070f200000, 0x000000070f000000| Untracked 
| 115|0x000000070f200000, 0x000000070f400000, 0x000000070f400000|100%| O|  |TAMS 0x000000070f400000, 0x000000070f200000| Untracked 
| 116|0x000000070f400000, 0x000000070f600000, 0x000000070f600000|100%| O|  |TAMS 0x000000070f600000, 0x000000070f400000| Untracked 
| 117|0x000000070f600000, 0x000000070f800000, 0x000000070f800000|100%| O|  |TAMS 0x000000070f800000, 0x000000070f600000| Untracked 
| 118|0x000000070f800000, 0x000000070fa00000, 0x000000070fa00000|100%| O|  |TAMS 0x000000070fa00000, 0x000000070f800000| Untracked 
| 119|0x000000070fa00000, 0x000000070fc00000, 0x000000070fc00000|100%| O|  |TAMS 0x000000070fc00000, 0x000000070fa00000| Untracked 
| 120|0x000000070fc00000, 0x000000070fe00000, 0x000000070fe00000|100%| O|  |TAMS 0x000000070fe00000, 0x000000070fc00000| Untracked 
| 121|0x000000070fe00000, 0x0000000710000000, 0x0000000710000000|100%| O|  |TAMS 0x0000000710000000, 0x000000070fe00000| Untracked 
| 122|0x0000000710000000, 0x0000000710200000, 0x0000000710200000|100%| O|  |TAMS 0x0000000710200000, 0x0000000710000000| Updating 
| 123|0x0000000710200000, 0x0000000710400000, 0x0000000710400000|100%| O|  |TAMS 0x0000000710400000, 0x0000000710200000| Untracked 
| 124|0x0000000710400000, 0x0000000710600000, 0x0000000710600000|100%| O|  |TAMS 0x0000000710600000, 0x0000000710400000| Untracked 
| 125|0x0000000710600000, 0x0000000710800000, 0x0000000710800000|100%| O|  |TAMS 0x0000000710800000, 0x0000000710600000| Untracked 
| 126|0x0000000710800000, 0x0000000710a00000, 0x0000000710a00000|100%| O|  |TAMS 0x0000000710a00000, 0x0000000710800000| Updating 
| 127|0x0000000710a00000, 0x0000000710c00000, 0x0000000710c00000|100%| O|  |TAMS 0x0000000710c00000, 0x0000000710a00000| Untracked 
| 128|0x0000000710c00000, 0x0000000710e00000, 0x0000000710e00000|100%| O|  |TAMS 0x0000000710e00000, 0x0000000710c00000| Updating 
| 129|0x0000000710e00000, 0x0000000711000000, 0x0000000711000000|100%| O|  |TAMS 0x0000000711000000, 0x0000000710e00000| Updating 
| 130|0x0000000711000000, 0x0000000711200000, 0x0000000711200000|100%| O|  |TAMS 0x0000000711200000, 0x0000000711000000| Updating 
| 131|0x0000000711200000, 0x0000000711400000, 0x0000000711400000|100%| O|  |TAMS 0x0000000711400000, 0x0000000711200000| Untracked 
| 132|0x0000000711400000, 0x0000000711600000, 0x0000000711600000|100%| O|  |TAMS 0x0000000711600000, 0x0000000711400000| Untracked 
| 133|0x0000000711600000, 0x0000000711800000, 0x0000000711800000|100%| O|  |TAMS 0x0000000711800000, 0x0000000711600000| Untracked 
| 134|0x0000000711800000, 0x0000000711a00000, 0x0000000711a00000|100%| O|  |TAMS 0x0000000711a00000, 0x0000000711800000| Untracked 
| 135|0x0000000711a00000, 0x0000000711c00000, 0x0000000711c00000|100%| O|  |TAMS 0x0000000711c00000, 0x0000000711a00000| Updating 
| 136|0x0000000711c00000, 0x0000000711e00000, 0x0000000711e00000|100%| O|  |TAMS 0x0000000711e00000, 0x0000000711c00000| Untracked 
| 137|0x0000000711e00000, 0x0000000712000000, 0x0000000712000000|100%| O|  |TAMS 0x0000000712000000, 0x0000000711e00000| Untracked 
| 138|0x0000000712000000, 0x0000000712200000, 0x0000000712200000|100%| O|  |TAMS 0x0000000712200000, 0x0000000712000000| Untracked 
| 139|0x0000000712200000, 0x0000000712400000, 0x0000000712400000|100%| O|  |TAMS 0x0000000712400000, 0x0000000712200000| Updating 
| 140|0x0000000712400000, 0x0000000712600000, 0x0000000712600000|100%| O|  |TAMS 0x0000000712600000, 0x0000000712400000| Untracked 
| 141|0x0000000712600000, 0x0000000712800000, 0x0000000712800000|100%| O|  |TAMS 0x0000000712800000, 0x0000000712600000| Updating 
| 142|0x0000000712800000, 0x0000000712a00000, 0x0000000712a00000|100%| O|  |TAMS 0x0000000712a00000, 0x0000000712800000| Untracked 
| 143|0x0000000712a00000, 0x0000000712c00000, 0x0000000712c00000|100%| O|  |TAMS 0x0000000712c00000, 0x0000000712a00000| Untracked 
| 144|0x0000000712c00000, 0x0000000712e00000, 0x0000000712e00000|100%| O|  |TAMS 0x0000000712e00000, 0x0000000712c00000| Untracked 
| 145|0x0000000712e00000, 0x0000000713000000, 0x0000000713000000|100%| O|  |TAMS 0x0000000713000000, 0x0000000712e00000| Updating 
| 146|0x0000000713000000, 0x0000000713200000, 0x0000000713200000|100%| O|  |TAMS 0x0000000713200000, 0x0000000713000000| Untracked 
| 147|0x0000000713200000, 0x0000000713400000, 0x0000000713400000|100%| O|  |TAMS 0x0000000713400000, 0x0000000713200000| Untracked 
| 148|0x0000000713400000, 0x0000000713600000, 0x0000000713600000|100%| O|  |TAMS 0x0000000713600000, 0x0000000713400000| Untracked 
| 149|0x0000000713600000, 0x0000000713800000, 0x0000000713800000|100%| O|  |TAMS 0x0000000713800000, 0x0000000713600000| Untracked 
| 150|0x0000000713800000, 0x0000000713a00000, 0x0000000713a00000|100%| O|  |TAMS 0x0000000713a00000, 0x0000000713800000| Untracked 
| 151|0x0000000713a00000, 0x0000000713c00000, 0x0000000713c00000|100%| O|  |TAMS 0x0000000713c00000, 0x0000000713a00000| Untracked 
| 152|0x0000000713c00000, 0x0000000713e00000, 0x0000000713e00000|100%| O|  |TAMS 0x0000000713e00000, 0x0000000713c00000| Untracked 
| 153|0x0000000713e00000, 0x0000000714000000, 0x0000000714000000|100%| O|  |TAMS 0x0000000714000000, 0x0000000713e00000| Untracked 
| 154|0x0000000714000000, 0x0000000714200000, 0x0000000714200000|100%| O|  |TAMS 0x0000000714200000, 0x0000000714000000| Updating 
| 155|0x0000000714200000, 0x0000000714400000, 0x0000000714400000|100%| O|  |TAMS 0x0000000714400000, 0x0000000714200000| Updating 
| 156|0x0000000714400000, 0x0000000714600000, 0x0000000714600000|100%| O|  |TAMS 0x0000000714600000, 0x0000000714400000| Updating 
| 157|0x0000000714600000, 0x0000000714800000, 0x0000000714800000|100%| O|  |TAMS 0x0000000714800000, 0x0000000714600000| Updating 
| 158|0x0000000714800000, 0x0000000714a00000, 0x0000000714a00000|100%| O|  |TAMS 0x0000000714a00000, 0x0000000714800000| Untracked 
| 159|0x0000000714a00000, 0x0000000714c00000, 0x0000000714c00000|100%| O|  |TAMS 0x0000000714c00000, 0x0000000714a00000| Untracked 
| 160|0x0000000714c00000, 0x0000000714e00000, 0x0000000714e00000|100%| O|  |TAMS 0x0000000714e00000, 0x0000000714c00000| Untracked 
| 161|0x0000000714e00000, 0x0000000715000000, 0x0000000715000000|100%| O|  |TAMS 0x0000000715000000, 0x0000000714e00000| Untracked 
| 162|0x0000000715000000, 0x0000000715200000, 0x0000000715200000|100%| O|  |TAMS 0x0000000715200000, 0x0000000715000000| Untracked 
| 163|0x0000000715200000, 0x0000000715400000, 0x0000000715400000|100%| O|  |TAMS 0x0000000715400000, 0x0000000715200000| Untracked 
| 164|0x0000000715400000, 0x0000000715600000, 0x0000000715600000|100%| O|  |TAMS 0x0000000715600000, 0x0000000715400000| Untracked 
| 165|0x0000000715600000, 0x0000000715800000, 0x0000000715800000|100%| O|  |TAMS 0x0000000715800000, 0x0000000715600000| Untracked 
| 166|0x0000000715800000, 0x0000000715a00000, 0x0000000715a00000|100%| O|  |TAMS 0x0000000715a00000, 0x0000000715800000| Untracked 
| 167|0x0000000715a00000, 0x0000000715c00000, 0x0000000715c00000|100%| O|  |TAMS 0x0000000715c00000, 0x0000000715a00000| Untracked 
| 168|0x0000000715c00000, 0x0000000715e00000, 0x0000000715e00000|100%| O|  |TAMS 0x0000000715e00000, 0x0000000715c00000| Untracked 
| 169|0x0000000715e00000, 0x0000000716000000, 0x0000000716000000|100%| O|  |TAMS 0x0000000716000000, 0x0000000715e00000| Untracked 
| 170|0x0000000716000000, 0x0000000716200000, 0x0000000716200000|100%| O|  |TAMS 0x0000000716200000, 0x0000000716000000| Untracked 
| 171|0x0000000716200000, 0x0000000716400000, 0x0000000716400000|100%| O|  |TAMS 0x0000000716400000, 0x0000000716200000| Untracked 
| 172|0x0000000716400000, 0x0000000716600000, 0x0000000716600000|100%| O|  |TAMS 0x0000000716600000, 0x0000000716400000| Untracked 
| 173|0x0000000716600000, 0x0000000716800000, 0x0000000716800000|100%| O|  |TAMS 0x0000000716800000, 0x0000000716600000| Untracked 
| 174|0x0000000716800000, 0x0000000716a00000, 0x0000000716a00000|100%| O|  |TAMS 0x0000000716a00000, 0x0000000716800000| Untracked 
| 175|0x0000000716a00000, 0x0000000716c00000, 0x0000000716c00000|100%| O|  |TAMS 0x0000000716c00000, 0x0000000716a00000| Untracked 
| 176|0x0000000716c00000, 0x0000000716e00000, 0x0000000716e00000|100%| O|  |TAMS 0x0000000716e00000, 0x0000000716c00000| Untracked 
| 177|0x0000000716e00000, 0x0000000717000000, 0x0000000717000000|100%| O|  |TAMS 0x0000000717000000, 0x0000000716e00000| Untracked 
| 178|0x0000000717000000, 0x0000000717200000, 0x0000000717200000|100%| O|  |TAMS 0x0000000717200000, 0x0000000717000000| Untracked 
| 179|0x0000000717200000, 0x0000000717400000, 0x0000000717400000|100%| O|  |TAMS 0x0000000717400000, 0x0000000717200000| Untracked 
| 180|0x0000000717400000, 0x0000000717600000, 0x0000000717600000|100%| O|  |TAMS 0x0000000717600000, 0x0000000717400000| Untracked 
| 181|0x0000000717600000, 0x0000000717800000, 0x0000000717800000|100%| O|  |TAMS 0x0000000717800000, 0x0000000717600000| Untracked 
| 182|0x0000000717800000, 0x0000000717a00000, 0x0000000717a00000|100%| O|  |TAMS 0x0000000717a00000, 0x0000000717800000| Untracked 
| 183|0x0000000717a00000, 0x0000000717c00000, 0x0000000717c00000|100%| O|  |TAMS 0x0000000717c00000, 0x0000000717a00000| Untracked 
| 184|0x0000000717c00000, 0x0000000717e00000, 0x0000000717e00000|100%| O|  |TAMS 0x0000000717e00000, 0x0000000717c00000| Untracked 
| 185|0x0000000717e00000, 0x0000000718000000, 0x0000000718000000|100%| O|  |TAMS 0x0000000718000000, 0x0000000717e00000| Untracked 
| 186|0x0000000718000000, 0x0000000718200000, 0x0000000718200000|100%| O|  |TAMS 0x0000000718200000, 0x0000000718000000| Untracked 
| 187|0x0000000718200000, 0x0000000718400000, 0x0000000718400000|100%| O|  |TAMS 0x0000000718400000, 0x0000000718200000| Untracked 
| 188|0x0000000718400000, 0x0000000718600000, 0x0000000718600000|100%| O|  |TAMS 0x0000000718600000, 0x0000000718400000| Untracked 
| 189|0x0000000718600000, 0x0000000718800000, 0x0000000718800000|100%| O|  |TAMS 0x0000000718800000, 0x0000000718600000| Untracked 
| 190|0x0000000718800000, 0x0000000718a00000, 0x0000000718a00000|100%| O|  |TAMS 0x0000000718a00000, 0x0000000718800000| Untracked 
| 191|0x0000000718a00000, 0x0000000718c00000, 0x0000000718c00000|100%| O|  |TAMS 0x0000000718c00000, 0x0000000718a00000| Untracked 
| 192|0x0000000718c00000, 0x0000000718e00000, 0x0000000718e00000|100%| O|  |TAMS 0x0000000718e00000, 0x0000000718c00000| Untracked 
| 193|0x0000000718e00000, 0x0000000719000000, 0x0000000719000000|100%| O|  |TAMS 0x0000000719000000, 0x0000000718e00000| Untracked 
| 194|0x0000000719000000, 0x0000000719200000, 0x0000000719200000|100%| O|  |TAMS 0x0000000719200000, 0x0000000719000000| Untracked 
| 195|0x0000000719200000, 0x0000000719400000, 0x0000000719400000|100%| O|  |TAMS 0x0000000719400000, 0x0000000719200000| Untracked 
| 196|0x0000000719400000, 0x0000000719600000, 0x0000000719600000|100%| O|  |TAMS 0x0000000719600000, 0x0000000719400000| Untracked 
| 197|0x0000000719600000, 0x0000000719800000, 0x0000000719800000|100%| O|  |TAMS 0x0000000719800000, 0x0000000719600000| Untracked 
| 198|0x0000000719800000, 0x0000000719a00000, 0x0000000719a00000|100%| O|  |TAMS 0x0000000719a00000, 0x0000000719800000| Untracked 
| 199|0x0000000719a00000, 0x0000000719c00000, 0x0000000719c00000|100%| O|  |TAMS 0x0000000719c00000, 0x0000000719a00000| Untracked 
| 200|0x0000000719c00000, 0x0000000719e00000, 0x0000000719e00000|100%| O|  |TAMS 0x0000000719e00000, 0x0000000719c00000| Untracked 
| 201|0x0000000719e00000, 0x000000071a000000, 0x000000071a000000|100%| O|  |TAMS 0x000000071a000000, 0x0000000719e00000| Untracked 
| 202|0x000000071a000000, 0x000000071a200000, 0x000000071a200000|100%| O|  |TAMS 0x000000071a200000, 0x000000071a000000| Untracked 
| 203|0x000000071a200000, 0x000000071a400000, 0x000000071a400000|100%| O|  |TAMS 0x000000071a400000, 0x000000071a200000| Untracked 
| 204|0x000000071a400000, 0x000000071a600000, 0x000000071a600000|100%| O|  |TAMS 0x000000071a600000, 0x000000071a400000| Untracked 
| 205|0x000000071a600000, 0x000000071a800000, 0x000000071a800000|100%| O|  |TAMS 0x000000071a800000, 0x000000071a600000| Untracked 
| 206|0x000000071a800000, 0x000000071aa00000, 0x000000071aa00000|100%| O|  |TAMS 0x000000071aa00000, 0x000000071a800000| Untracked 
| 207|0x000000071aa00000, 0x000000071ac00000, 0x000000071ac00000|100%| O|  |TAMS 0x000000071ac00000, 0x000000071aa00000| Untracked 
| 208|0x000000071ac00000, 0x000000071ae00000, 0x000000071ae00000|100%| O|  |TAMS 0x000000071ae00000, 0x000000071ac00000| Untracked 
| 209|0x000000071ae00000, 0x000000071b000000, 0x000000071b000000|100%| O|  |TAMS 0x000000071b000000, 0x000000071ae00000| Untracked 
| 210|0x000000071b000000, 0x000000071b200000, 0x000000071b200000|100%| O|  |TAMS 0x000000071b200000, 0x000000071b000000| Untracked 
| 211|0x000000071b200000, 0x000000071b400000, 0x000000071b400000|100%| O|  |TAMS 0x000000071b400000, 0x000000071b200000| Untracked 
| 212|0x000000071b400000, 0x000000071b600000, 0x000000071b600000|100%| O|  |TAMS 0x000000071b600000, 0x000000071b400000| Untracked 
| 213|0x000000071b600000, 0x000000071b800000, 0x000000071b800000|100%| O|  |TAMS 0x000000071b800000, 0x000000071b600000| Untracked 
| 214|0x000000071b800000, 0x000000071ba00000, 0x000000071ba00000|100%| O|  |TAMS 0x000000071ba00000, 0x000000071b800000| Untracked 
| 215|0x000000071ba00000, 0x000000071bc00000, 0x000000071bc00000|100%| O|  |TAMS 0x000000071bc00000, 0x000000071ba00000| Untracked 
| 216|0x000000071bc00000, 0x000000071be00000, 0x000000071be00000|100%| O|  |TAMS 0x000000071be00000, 0x000000071bc00000| Untracked 
| 217|0x000000071be00000, 0x000000071c000000, 0x000000071c000000|100%| O|  |TAMS 0x000000071c000000, 0x000000071be00000| Untracked 
| 218|0x000000071c000000, 0x000000071c200000, 0x000000071c200000|100%| O|  |TAMS 0x000000071c200000, 0x000000071c000000| Untracked 
| 219|0x000000071c200000, 0x000000071c400000, 0x000000071c400000|100%| O|  |TAMS 0x000000071c200000, 0x000000071c200000| Untracked 
| 220|0x000000071c400000, 0x000000071c600000, 0x000000071c600000|100%| O|  |TAMS 0x000000071c400000, 0x000000071c400000| Untracked 
| 221|0x000000071c600000, 0x000000071c800000, 0x000000071c800000|100%| O|  |TAMS 0x000000071c600000, 0x000000071c600000| Untracked 
| 222|0x000000071c800000, 0x000000071ca00000, 0x000000071ca00000|100%| O|  |TAMS 0x000000071c800000, 0x000000071c800000| Untracked 
| 223|0x000000071ca00000, 0x000000071cc00000, 0x000000071cc00000|100%| O|  |TAMS 0x000000071ca00000, 0x000000071ca00000| Untracked 
| 224|0x000000071cc00000, 0x000000071ce00000, 0x000000071ce00000|100%| O|  |TAMS 0x000000071cc00000, 0x000000071cc00000| Untracked 
| 225|0x000000071ce00000, 0x000000071d000000, 0x000000071d000000|100%| O|  |TAMS 0x000000071ce00000, 0x000000071ce00000| Untracked 
| 226|0x000000071d000000, 0x000000071d200000, 0x000000071d200000|100%| O|  |TAMS 0x000000071d000000, 0x000000071d000000| Untracked 
| 227|0x000000071d200000, 0x000000071d400000, 0x000000071d400000|100%| O|  |TAMS 0x000000071d200000, 0x000000071d200000| Untracked 
| 228|0x000000071d400000, 0x000000071d600000, 0x000000071d600000|100%| O|  |TAMS 0x000000071d400000, 0x000000071d400000| Untracked 
| 229|0x000000071d600000, 0x000000071d800000, 0x000000071d800000|100%| O|  |TAMS 0x000000071d600000, 0x000000071d600000| Untracked 
| 230|0x000000071d800000, 0x000000071da00000, 0x000000071da00000|100%| O|  |TAMS 0x000000071d800000, 0x000000071d800000| Untracked 
| 231|0x000000071da00000, 0x000000071dc00000, 0x000000071dc00000|100%| O|  |TAMS 0x000000071da00000, 0x000000071da00000| Untracked 
| 232|0x000000071dc00000, 0x000000071de00000, 0x000000071de00000|100%| O|  |TAMS 0x000000071dc00000, 0x000000071dc00000| Untracked 
| 233|0x000000071de00000, 0x000000071e000000, 0x000000071e000000|100%| O|  |TAMS 0x000000071de00000, 0x000000071de00000| Untracked 
| 234|0x000000071e000000, 0x000000071e200000, 0x000000071e200000|100%| O|  |TAMS 0x000000071e000000, 0x000000071e000000| Untracked 
| 235|0x000000071e200000, 0x000000071e400000, 0x000000071e400000|100%| O|  |TAMS 0x000000071e200000, 0x000000071e200000| Untracked 
| 236|0x000000071e400000, 0x000000071e600000, 0x000000071e600000|100%| O|  |TAMS 0x000000071e400000, 0x000000071e400000| Untracked 
| 237|0x000000071e600000, 0x000000071e800000, 0x000000071e800000|100%| O|  |TAMS 0x000000071e600000, 0x000000071e600000| Untracked 
| 238|0x000000071e800000, 0x000000071ea00000, 0x000000071ea00000|100%| O|  |TAMS 0x000000071e800000, 0x000000071e800000| Untracked 
| 239|0x000000071ea00000, 0x000000071ec00000, 0x000000071ec00000|100%| O|  |TAMS 0x000000071ea00000, 0x000000071ea00000| Untracked 
| 240|0x000000071ec00000, 0x000000071ee00000, 0x000000071ee00000|100%| O|  |TAMS 0x000000071ec00000, 0x000000071ec00000| Untracked 
| 241|0x000000071ee00000, 0x000000071f000000, 0x000000071f000000|100%| O|  |TAMS 0x000000071ee00000, 0x000000071ee00000| Untracked 
| 242|0x000000071f000000, 0x000000071f200000, 0x000000071f200000|100%| O|  |TAMS 0x000000071f000000, 0x000000071f000000| Untracked 
| 243|0x000000071f200000, 0x000000071f400000, 0x000000071f400000|100%| O|  |TAMS 0x000000071f200000, 0x000000071f200000| Untracked 
| 244|0x000000071f400000, 0x000000071f600000, 0x000000071f600000|100%| O|  |TAMS 0x000000071f400000, 0x000000071f400000| Untracked 
| 245|0x000000071f600000, 0x000000071f800000, 0x000000071f800000|100%| O|  |TAMS 0x000000071f600000, 0x000000071f600000| Untracked 
| 246|0x000000071f800000, 0x000000071fa00000, 0x000000071fa00000|100%| O|  |TAMS 0x000000071f800000, 0x000000071f800000| Untracked 
| 247|0x000000071fa00000, 0x000000071fc00000, 0x000000071fc00000|100%| O|  |TAMS 0x000000071fa00000, 0x000000071fa00000| Untracked 
| 248|0x000000071fc00000, 0x000000071fe00000, 0x000000071fe00000|100%| O|  |TAMS 0x000000071fc00000, 0x000000071fc00000| Untracked 
| 249|0x000000071fe00000, 0x0000000720000000, 0x0000000720000000|100%| O|  |TAMS 0x000000071fe00000, 0x000000071fe00000| Untracked 
| 250|0x0000000720000000, 0x0000000720200000, 0x0000000720200000|100%| O|  |TAMS 0x0000000720000000, 0x0000000720000000| Untracked 
| 251|0x0000000720200000, 0x0000000720400000, 0x0000000720400000|100%| O|  |TAMS 0x0000000720200000, 0x0000000720200000| Untracked 
| 252|0x0000000720400000, 0x0000000720600000, 0x0000000720600000|100%| O|  |TAMS 0x0000000720400000, 0x0000000720400000| Untracked 
| 253|0x0000000720600000, 0x0000000720800000, 0x0000000720800000|100%| O|  |TAMS 0x0000000720800000, 0x0000000720600000| Untracked 
| 254|0x0000000720800000, 0x0000000720a00000, 0x0000000720a00000|100%| O|  |TAMS 0x0000000720a00000, 0x0000000720800000| Untracked 
| 255|0x0000000720a00000, 0x0000000720c00000, 0x0000000720c00000|100%| O|  |TAMS 0x0000000720c00000, 0x0000000720a00000| Untracked 
| 256|0x0000000720c00000, 0x0000000720e00000, 0x0000000720e00000|100%| O|  |TAMS 0x0000000720e00000, 0x0000000720c00000| Untracked 
| 257|0x0000000720e00000, 0x0000000721000000, 0x0000000721000000|100%| O|  |TAMS 0x0000000721000000, 0x0000000720e00000| Untracked 
| 258|0x0000000721000000, 0x0000000721200000, 0x0000000721200000|100%| O|  |TAMS 0x0000000721200000, 0x0000000721000000| Untracked 
| 259|0x0000000721200000, 0x0000000721400000, 0x0000000721400000|100%| O|  |TAMS 0x0000000721400000, 0x0000000721200000| Untracked 
| 260|0x0000000721400000, 0x0000000721600000, 0x0000000721600000|100%| O|  |TAMS 0x0000000721600000, 0x0000000721400000| Untracked 
| 261|0x0000000721600000, 0x0000000721800000, 0x0000000721800000|100%| O|  |TAMS 0x0000000721800000, 0x0000000721600000| Untracked 
| 262|0x0000000721800000, 0x0000000721a00000, 0x0000000721a00000|100%| O|  |TAMS 0x0000000721a00000, 0x0000000721800000| Untracked 
| 263|0x0000000721a00000, 0x0000000721c00000, 0x0000000721c00000|100%| O|  |TAMS 0x0000000721c00000, 0x0000000721a00000| Untracked 
| 264|0x0000000721c00000, 0x0000000721e00000, 0x0000000721e00000|100%| O|  |TAMS 0x0000000721e00000, 0x0000000721c00000| Untracked 
| 265|0x0000000721e00000, 0x0000000722000000, 0x0000000722000000|100%| O|  |TAMS 0x0000000722000000, 0x0000000721e00000| Untracked 
| 266|0x0000000722000000, 0x0000000722200000, 0x0000000722200000|100%| O|  |TAMS 0x0000000722200000, 0x0000000722000000| Untracked 
| 267|0x0000000722200000, 0x0000000722400000, 0x0000000722400000|100%| O|  |TAMS 0x0000000722400000, 0x0000000722200000| Untracked 
| 268|0x0000000722400000, 0x0000000722600000, 0x0000000722600000|100%| O|  |TAMS 0x0000000722600000, 0x0000000722400000| Untracked 
| 269|0x0000000722600000, 0x0000000722800000, 0x0000000722800000|100%| O|  |TAMS 0x0000000722800000, 0x0000000722600000| Untracked 
| 270|0x0000000722800000, 0x0000000722a00000, 0x0000000722a00000|100%| O|  |TAMS 0x0000000722a00000, 0x0000000722800000| Untracked 
| 271|0x0000000722a00000, 0x0000000722c00000, 0x0000000722c00000|100%| O|  |TAMS 0x0000000722c00000, 0x0000000722a00000| Untracked 
| 272|0x0000000722c00000, 0x0000000722e00000, 0x0000000722e00000|100%| O|  |TAMS 0x0000000722e00000, 0x0000000722c00000| Untracked 
| 273|0x0000000722e00000, 0x0000000723000000, 0x0000000723000000|100%| O|  |TAMS 0x0000000723000000, 0x0000000722e00000| Untracked 
| 274|0x0000000723000000, 0x0000000723200000, 0x0000000723200000|100%| O|  |TAMS 0x0000000723200000, 0x0000000723000000| Untracked 
| 275|0x0000000723200000, 0x0000000723400000, 0x0000000723400000|100%| O|  |TAMS 0x0000000723400000, 0x0000000723200000| Untracked 
| 276|0x0000000723400000, 0x0000000723600000, 0x0000000723600000|100%| O|  |TAMS 0x0000000723600000, 0x0000000723400000| Untracked 
| 277|0x0000000723600000, 0x0000000723800000, 0x0000000723800000|100%| O|  |TAMS 0x0000000723800000, 0x0000000723600000| Untracked 
| 278|0x0000000723800000, 0x0000000723a00000, 0x0000000723a00000|100%| O|  |TAMS 0x0000000723a00000, 0x0000000723800000| Untracked 
| 279|0x0000000723a00000, 0x0000000723c00000, 0x0000000723c00000|100%| O|  |TAMS 0x0000000723c00000, 0x0000000723a00000| Untracked 
| 280|0x0000000723c00000, 0x0000000723e00000, 0x0000000723e00000|100%| O|  |TAMS 0x0000000723e00000, 0x0000000723c00000| Untracked 
| 281|0x0000000723e00000, 0x0000000724000000, 0x0000000724000000|100%| O|  |TAMS 0x0000000724000000, 0x0000000723e00000| Untracked 
| 282|0x0000000724000000, 0x0000000724200000, 0x0000000724200000|100%| O|  |TAMS 0x0000000724200000, 0x0000000724000000| Untracked 
| 283|0x0000000724200000, 0x0000000724400000, 0x0000000724400000|100%| O|  |TAMS 0x0000000724400000, 0x0000000724200000| Untracked 
| 284|0x0000000724400000, 0x0000000724600000, 0x0000000724600000|100%| O|  |TAMS 0x0000000724400000, 0x0000000724400000| Untracked 
| 285|0x0000000724600000, 0x0000000724800000, 0x0000000724800000|100%| O|  |TAMS 0x0000000724600000, 0x0000000724600000| Untracked 
| 286|0x0000000724800000, 0x0000000724a00000, 0x0000000724a00000|100%| O|  |TAMS 0x0000000724800000, 0x0000000724800000| Untracked 
| 287|0x0000000724a00000, 0x0000000724c00000, 0x0000000724c00000|100%| O|  |TAMS 0x0000000724a00000, 0x0000000724a00000| Untracked 
| 288|0x0000000724c00000, 0x0000000724e00000, 0x0000000724e00000|100%| O|  |TAMS 0x0000000724c00000, 0x0000000724c00000| Untracked 
| 289|0x0000000724e00000, 0x0000000725000000, 0x0000000725000000|100%| O|  |TAMS 0x0000000724e00000, 0x0000000724e00000| Untracked 
| 290|0x0000000725000000, 0x0000000725200000, 0x0000000725200000|100%| O|  |TAMS 0x0000000725000000, 0x0000000725000000| Untracked 
| 291|0x0000000725200000, 0x0000000725400000, 0x0000000725400000|100%| O|  |TAMS 0x0000000725200000, 0x0000000725200000| Untracked 
| 292|0x0000000725400000, 0x0000000725600000, 0x0000000725600000|100%| O|  |TAMS 0x0000000725400000, 0x0000000725400000| Untracked 
| 293|0x0000000725600000, 0x0000000725800000, 0x0000000725800000|100%| O|  |TAMS 0x0000000725600000, 0x0000000725600000| Untracked 
| 294|0x0000000725800000, 0x0000000725a00000, 0x0000000725a00000|100%| O|  |TAMS 0x0000000725800000, 0x0000000725800000| Untracked 
| 295|0x0000000725a00000, 0x0000000725c00000, 0x0000000725c00000|100%| O|  |TAMS 0x0000000725a00000, 0x0000000725a00000| Untracked 
| 296|0x0000000725c00000, 0x0000000725e00000, 0x0000000725e00000|100%| O|  |TAMS 0x0000000725c00000, 0x0000000725c00000| Untracked 
| 297|0x0000000725e00000, 0x0000000726000000, 0x0000000726000000|100%| O|  |TAMS 0x0000000725e00000, 0x0000000725e00000| Untracked 
| 298|0x0000000726000000, 0x0000000726200000, 0x0000000726200000|100%| O|  |TAMS 0x0000000726000000, 0x0000000726000000| Untracked 
| 299|0x0000000726200000, 0x0000000726400000, 0x0000000726400000|100%| O|  |TAMS 0x0000000726200000, 0x0000000726200000| Untracked 
| 300|0x0000000726400000, 0x0000000726600000, 0x0000000726600000|100%| O|  |TAMS 0x0000000726400000, 0x0000000726400000| Untracked 
| 301|0x0000000726600000, 0x0000000726800000, 0x0000000726800000|100%| O|  |TAMS 0x0000000726600000, 0x0000000726600000| Untracked 
| 302|0x0000000726800000, 0x0000000726a00000, 0x0000000726a00000|100%| O|  |TAMS 0x0000000726800000, 0x0000000726800000| Untracked 
| 303|0x0000000726a00000, 0x0000000726c00000, 0x0000000726c00000|100%| O|  |TAMS 0x0000000726a00000, 0x0000000726a00000| Updating 
| 304|0x0000000726c00000, 0x0000000726e00000, 0x0000000726e00000|100%| O|  |TAMS 0x0000000726c00000, 0x0000000726c00000| Untracked 
| 305|0x0000000726e00000, 0x0000000727000000, 0x0000000727000000|100%| O|  |TAMS 0x0000000726e00000, 0x0000000726e00000| Untracked 
| 306|0x0000000727000000, 0x0000000727200000, 0x0000000727200000|100%| O|  |TAMS 0x0000000727000000, 0x0000000727000000| Untracked 
| 307|0x0000000727200000, 0x0000000727400000, 0x0000000727400000|100%| O|  |TAMS 0x0000000727200000, 0x0000000727200000| Untracked 
| 308|0x0000000727400000, 0x0000000727600000, 0x0000000727600000|100%| O|  |TAMS 0x0000000727400000, 0x0000000727400000| Untracked 
| 309|0x0000000727600000, 0x0000000727800000, 0x0000000727800000|100%| O|  |TAMS 0x0000000727600000, 0x0000000727600000| Untracked 
| 310|0x0000000727800000, 0x0000000727a00000, 0x0000000727a00000|100%| O|  |TAMS 0x0000000727800000, 0x0000000727800000| Untracked 
| 311|0x0000000727a00000, 0x0000000727c00000, 0x0000000727c00000|100%| O|  |TAMS 0x0000000727a00000, 0x0000000727a00000| Untracked 
| 312|0x0000000727c00000, 0x0000000727e00000, 0x0000000727e00000|100%| O|  |TAMS 0x0000000727c00000, 0x0000000727c00000| Untracked 
| 313|0x0000000727e00000, 0x0000000728000000, 0x0000000728000000|100%| O|  |TAMS 0x0000000727e00000, 0x0000000727e00000| Untracked 
| 314|0x0000000728000000, 0x0000000728200000, 0x0000000728200000|100%| O|  |TAMS 0x0000000728000000, 0x0000000728000000| Untracked 
| 315|0x0000000728200000, 0x0000000728400000, 0x0000000728400000|100%| O|  |TAMS 0x0000000728200000, 0x0000000728200000| Untracked 
| 316|0x0000000728400000, 0x0000000728600000, 0x0000000728600000|100%| O|  |TAMS 0x0000000728400000, 0x0000000728400000| Untracked 
| 317|0x0000000728600000, 0x0000000728800000, 0x0000000728800000|100%| O|  |TAMS 0x0000000728600000, 0x0000000728600000| Untracked 
| 318|0x0000000728800000, 0x0000000728a00000, 0x0000000728a00000|100%| O|  |TAMS 0x0000000728800000, 0x0000000728800000| Untracked 
| 319|0x0000000728a00000, 0x0000000728c00000, 0x0000000728c00000|100%| O|  |TAMS 0x0000000728a00000, 0x0000000728a00000| Untracked 
| 320|0x0000000728c00000, 0x0000000728e00000, 0x0000000728e00000|100%| O|  |TAMS 0x0000000728c00000, 0x0000000728c00000| Untracked 
| 321|0x0000000728e00000, 0x0000000729000000, 0x0000000729000000|100%| O|  |TAMS 0x0000000728e00000, 0x0000000728e00000| Untracked 
| 322|0x0000000729000000, 0x0000000729200000, 0x0000000729200000|100%| O|  |TAMS 0x0000000729000000, 0x0000000729000000| Untracked 
| 323|0x0000000729200000, 0x0000000729400000, 0x0000000729400000|100%| O|  |TAMS 0x0000000729200000, 0x0000000729200000| Untracked 
| 324|0x0000000729400000, 0x0000000729600000, 0x0000000729600000|100%| O|  |TAMS 0x0000000729400000, 0x0000000729400000| Untracked 
| 325|0x0000000729600000, 0x0000000729800000, 0x0000000729800000|100%| O|  |TAMS 0x0000000729600000, 0x0000000729600000| Untracked 
| 326|0x0000000729800000, 0x0000000729a00000, 0x0000000729a00000|100%| O|  |TAMS 0x0000000729800000, 0x0000000729800000| Untracked 
| 327|0x0000000729a00000, 0x0000000729c00000, 0x0000000729c00000|100%| O|  |TAMS 0x0000000729a00000, 0x0000000729a00000| Untracked 
| 328|0x0000000729c00000, 0x0000000729e00000, 0x0000000729e00000|100%| O|  |TAMS 0x0000000729c00000, 0x0000000729c00000| Untracked 
| 329|0x0000000729e00000, 0x000000072a000000, 0x000000072a000000|100%| O|  |TAMS 0x0000000729e00000, 0x0000000729e00000| Untracked 
| 330|0x000000072a000000, 0x000000072a200000, 0x000000072a200000|100%| O|  |TAMS 0x000000072a000000, 0x000000072a000000| Untracked 
| 331|0x000000072a200000, 0x000000072a400000, 0x000000072a400000|100%| O|  |TAMS 0x000000072a200000, 0x000000072a200000| Untracked 
| 332|0x000000072a400000, 0x000000072a600000, 0x000000072a600000|100%| O|  |TAMS 0x000000072a400000, 0x000000072a400000| Untracked 
| 333|0x000000072a600000, 0x000000072a800000, 0x000000072a800000|100%| O|  |TAMS 0x000000072a600000, 0x000000072a600000| Untracked 
| 334|0x000000072a800000, 0x000000072aa00000, 0x000000072aa00000|100%| O|  |TAMS 0x000000072a800000, 0x000000072a800000| Untracked 
| 335|0x000000072aa00000, 0x000000072ac00000, 0x000000072ac00000|100%| O|  |TAMS 0x000000072aa00000, 0x000000072aa00000| Untracked 
| 336|0x000000072ac00000, 0x000000072ae00000, 0x000000072ae00000|100%| O|  |TAMS 0x000000072ac00000, 0x000000072ac00000| Untracked 
| 337|0x000000072ae00000, 0x000000072b000000, 0x000000072b000000|100%| O|  |TAMS 0x000000072ae00000, 0x000000072ae00000| Untracked 
| 338|0x000000072b000000, 0x000000072b200000, 0x000000072b200000|100%| O|  |TAMS 0x000000072b000000, 0x000000072b000000| Untracked 
| 339|0x000000072b200000, 0x000000072b400000, 0x000000072b400000|100%| O|  |TAMS 0x000000072b200000, 0x000000072b200000| Untracked 
| 340|0x000000072b400000, 0x000000072b600000, 0x000000072b600000|100%| O|  |TAMS 0x000000072b400000, 0x000000072b400000| Untracked 
| 341|0x000000072b600000, 0x000000072b800000, 0x000000072b800000|100%| O|  |TAMS 0x000000072b600000, 0x000000072b600000| Untracked 
| 342|0x000000072b800000, 0x000000072ba00000, 0x000000072ba00000|100%| O|  |TAMS 0x000000072b800000, 0x000000072b800000| Untracked 
| 343|0x000000072ba00000, 0x000000072bc00000, 0x000000072bc00000|100%| O|  |TAMS 0x000000072ba00000, 0x000000072ba00000| Untracked 
| 344|0x000000072bc00000, 0x000000072be00000, 0x000000072be00000|100%| O|  |TAMS 0x000000072bc00000, 0x000000072bc00000| Untracked 
| 345|0x000000072be00000, 0x000000072c000000, 0x000000072c000000|100%| O|  |TAMS 0x000000072be00000, 0x000000072be00000| Untracked 
| 346|0x000000072c000000, 0x000000072c200000, 0x000000072c200000|100%| O|  |TAMS 0x000000072c000000, 0x000000072c000000| Untracked 
| 347|0x000000072c200000, 0x000000072c400000, 0x000000072c400000|100%| O|  |TAMS 0x000000072c200000, 0x000000072c200000| Untracked 
| 348|0x000000072c400000, 0x000000072c600000, 0x000000072c600000|100%| O|  |TAMS 0x000000072c400000, 0x000000072c400000| Untracked 
| 349|0x000000072c600000, 0x000000072c800000, 0x000000072c800000|100%| O|  |TAMS 0x000000072c600000, 0x000000072c600000| Untracked 
| 350|0x000000072c800000, 0x000000072ca00000, 0x000000072ca00000|100%| O|  |TAMS 0x000000072c800000, 0x000000072c800000| Untracked 
| 351|0x000000072ca00000, 0x000000072cc00000, 0x000000072cc00000|100%| O|  |TAMS 0x000000072ca00000, 0x000000072ca00000| Untracked 
| 352|0x000000072cc00000, 0x000000072cd00000, 0x000000072ce00000| 50%| O|  |TAMS 0x000000072cc00000, 0x000000072cc00000| Untracked 
| 353|0x000000072ce00000, 0x000000072ce00000, 0x000000072d000000|  0%| F|  |TAMS 0x000000072ce00000, 0x000000072ce00000| Untracked 
| 354|0x000000072d000000, 0x000000072d000000, 0x000000072d200000|  0%| F|  |TAMS 0x000000072d000000, 0x000000072d000000| Untracked 
| 355|0x000000072d200000, 0x000000072d200000, 0x000000072d400000|  0%| F|  |TAMS 0x000000072d200000, 0x000000072d200000| Untracked 
| 356|0x000000072d400000, 0x000000072d400000, 0x000000072d600000|  0%| F|  |TAMS 0x000000072d400000, 0x000000072d400000| Untracked 
| 357|0x000000072d600000, 0x000000072d600000, 0x000000072d800000|  0%| F|  |TAMS 0x000000072d600000, 0x000000072d600000| Untracked 
| 358|0x000000072d800000, 0x000000072d800000, 0x000000072da00000|  0%| F|  |TAMS 0x000000072d800000, 0x000000072d800000| Untracked 
| 359|0x000000072da00000, 0x000000072da00000, 0x000000072dc00000|  0%| F|  |TAMS 0x000000072da00000, 0x000000072da00000| Untracked 
| 360|0x000000072dc00000, 0x000000072dc00000, 0x000000072de00000|  0%| F|  |TAMS 0x000000072dc00000, 0x000000072dc00000| Untracked 
| 361|0x000000072de00000, 0x000000072de00000, 0x000000072e000000|  0%| F|  |TAMS 0x000000072de00000, 0x000000072de00000| Untracked 
| 362|0x000000072e000000, 0x000000072e000000, 0x000000072e200000|  0%| F|  |TAMS 0x000000072e000000, 0x000000072e000000| Untracked 
| 363|0x000000072e200000, 0x000000072e200000, 0x000000072e400000|  0%| F|  |TAMS 0x000000072e200000, 0x000000072e200000| Untracked 
| 364|0x000000072e400000, 0x000000072e400000, 0x000000072e600000|  0%| F|  |TAMS 0x000000072e400000, 0x000000072e400000| Untracked 
| 365|0x000000072e600000, 0x000000072e600000, 0x000000072e800000|  0%| F|  |TAMS 0x000000072e600000, 0x000000072e600000| Untracked 
| 366|0x000000072e800000, 0x000000072e800000, 0x000000072ea00000|  0%| F|  |TAMS 0x000000072e800000, 0x000000072e800000| Untracked 
| 367|0x000000072ea00000, 0x000000072ea00000, 0x000000072ec00000|  0%| F|  |TAMS 0x000000072ea00000, 0x000000072ea00000| Untracked 
| 368|0x000000072ec00000, 0x000000072ec00000, 0x000000072ee00000|  0%| F|  |TAMS 0x000000072ec00000, 0x000000072ec00000| Untracked 
| 369|0x000000072ee00000, 0x000000072ee00000, 0x000000072f000000|  0%| F|  |TAMS 0x000000072ee00000, 0x000000072ee00000| Untracked 
| 370|0x000000072f000000, 0x000000072f000000, 0x000000072f200000|  0%| F|  |TAMS 0x000000072f000000, 0x000000072f000000| Untracked 
| 371|0x000000072f200000, 0x000000072f200000, 0x000000072f400000|  0%| F|  |TAMS 0x000000072f200000, 0x000000072f200000| Untracked 
| 372|0x000000072f400000, 0x000000072f400000, 0x000000072f600000|  0%| F|  |TAMS 0x000000072f400000, 0x000000072f400000| Untracked 
| 373|0x000000072f600000, 0x000000072f600000, 0x000000072f800000|  0%| F|  |TAMS 0x000000072f600000, 0x000000072f600000| Untracked 
| 374|0x000000072f800000, 0x000000072f800000, 0x000000072fa00000|  0%| F|  |TAMS 0x000000072f800000, 0x000000072f800000| Untracked 
| 375|0x000000072fa00000, 0x000000072fa00000, 0x000000072fc00000|  0%| F|  |TAMS 0x000000072fa00000, 0x000000072fa00000| Untracked 
| 376|0x000000072fc00000, 0x000000072fc00000, 0x000000072fe00000|  0%| F|  |TAMS 0x000000072fc00000, 0x000000072fc00000| Untracked 
| 377|0x000000072fe00000, 0x000000072fe00000, 0x0000000730000000|  0%| F|  |TAMS 0x000000072fe00000, 0x000000072fe00000| Untracked 
| 378|0x0000000730000000, 0x0000000730000000, 0x0000000730200000|  0%| F|  |TAMS 0x0000000730000000, 0x0000000730000000| Untracked 
| 379|0x0000000730200000, 0x0000000730200000, 0x0000000730400000|  0%| F|  |TAMS 0x0000000730200000, 0x0000000730200000| Untracked 
| 380|0x0000000730400000, 0x0000000730400000, 0x0000000730600000|  0%| F|  |TAMS 0x0000000730400000, 0x0000000730400000| Untracked 
| 381|0x0000000730600000, 0x0000000730600000, 0x0000000730800000|  0%| F|  |TAMS 0x0000000730600000, 0x0000000730600000| Untracked 
| 382|0x0000000730800000, 0x0000000730800000, 0x0000000730a00000|  0%| F|  |TAMS 0x0000000730800000, 0x0000000730800000| Untracked 
| 383|0x0000000730a00000, 0x0000000730a00000, 0x0000000730c00000|  0%| F|  |TAMS 0x0000000730a00000, 0x0000000730a00000| Untracked 
| 384|0x0000000730c00000, 0x0000000730c00000, 0x0000000730e00000|  0%| F|  |TAMS 0x0000000730c00000, 0x0000000730c00000| Untracked 
| 385|0x0000000730e00000, 0x0000000730e00000, 0x0000000731000000|  0%| F|  |TAMS 0x0000000730e00000, 0x0000000730e00000| Untracked 
| 386|0x0000000731000000, 0x0000000731000000, 0x0000000731200000|  0%| F|  |TAMS 0x0000000731000000, 0x0000000731000000| Untracked 
| 387|0x0000000731200000, 0x0000000731200000, 0x0000000731400000|  0%| F|  |TAMS 0x0000000731200000, 0x0000000731200000| Untracked 
| 388|0x0000000731400000, 0x0000000731400000, 0x0000000731600000|  0%| F|  |TAMS 0x0000000731400000, 0x0000000731400000| Untracked 
| 389|0x0000000731600000, 0x0000000731600000, 0x0000000731800000|  0%| F|  |TAMS 0x0000000731600000, 0x0000000731600000| Untracked 
| 390|0x0000000731800000, 0x0000000731800000, 0x0000000731a00000|  0%| F|  |TAMS 0x0000000731800000, 0x0000000731800000| Untracked 
| 391|0x0000000731a00000, 0x0000000731a00000, 0x0000000731c00000|  0%| F|  |TAMS 0x0000000731a00000, 0x0000000731a00000| Untracked 
| 392|0x0000000731c00000, 0x0000000731c00000, 0x0000000731e00000|  0%| F|  |TAMS 0x0000000731c00000, 0x0000000731c00000| Untracked 
| 393|0x0000000731e00000, 0x0000000731e00000, 0x0000000732000000|  0%| F|  |TAMS 0x0000000731e00000, 0x0000000731e00000| Untracked 
| 394|0x0000000732000000, 0x0000000732000000, 0x0000000732200000|  0%| F|  |TAMS 0x0000000732000000, 0x0000000732000000| Untracked 
| 395|0x0000000732200000, 0x0000000732200000, 0x0000000732400000|  0%| F|  |TAMS 0x0000000732200000, 0x0000000732200000| Untracked 
| 396|0x0000000732400000, 0x0000000732400000, 0x0000000732600000|  0%| F|  |TAMS 0x0000000732400000, 0x0000000732400000| Untracked 
| 397|0x0000000732600000, 0x0000000732600000, 0x0000000732800000|  0%| F|  |TAMS 0x0000000732600000, 0x0000000732600000| Untracked 
| 398|0x0000000732800000, 0x0000000732800000, 0x0000000732a00000|  0%| F|  |TAMS 0x0000000732800000, 0x0000000732800000| Untracked 
| 399|0x0000000732a00000, 0x0000000732a00000, 0x0000000732c00000|  0%| F|  |TAMS 0x0000000732a00000, 0x0000000732a00000| Untracked 
| 400|0x0000000732c00000, 0x0000000732c00000, 0x0000000732e00000|  0%| F|  |TAMS 0x0000000732c00000, 0x0000000732c00000| Untracked 
| 401|0x0000000732e00000, 0x0000000732e00000, 0x0000000733000000|  0%| F|  |TAMS 0x0000000732e00000, 0x0000000732e00000| Untracked 
| 402|0x0000000733000000, 0x0000000733000000, 0x0000000733200000|  0%| F|  |TAMS 0x0000000733000000, 0x0000000733000000| Untracked 
| 403|0x0000000733200000, 0x0000000733200000, 0x0000000733400000|  0%| F|  |TAMS 0x0000000733200000, 0x0000000733200000| Untracked 
| 404|0x0000000733400000, 0x0000000733400000, 0x0000000733600000|  0%| F|  |TAMS 0x0000000733400000, 0x0000000733400000| Untracked 
| 405|0x0000000733600000, 0x0000000733600000, 0x0000000733800000|  0%| F|  |TAMS 0x0000000733600000, 0x0000000733600000| Untracked 
| 406|0x0000000733800000, 0x0000000733800000, 0x0000000733a00000|  0%| F|  |TAMS 0x0000000733800000, 0x0000000733800000| Untracked 
| 407|0x0000000733a00000, 0x0000000733a00000, 0x0000000733c00000|  0%| F|  |TAMS 0x0000000733a00000, 0x0000000733a00000| Untracked 
| 408|0x0000000733c00000, 0x0000000733c00000, 0x0000000733e00000|  0%| F|  |TAMS 0x0000000733c00000, 0x0000000733c00000| Untracked 
| 409|0x0000000733e00000, 0x0000000733e00000, 0x0000000734000000|  0%| F|  |TAMS 0x0000000733e00000, 0x0000000733e00000| Untracked 
| 410|0x0000000734000000, 0x0000000734000000, 0x0000000734200000|  0%| F|  |TAMS 0x0000000734000000, 0x0000000734000000| Untracked 
| 411|0x0000000734200000, 0x0000000734200000, 0x0000000734400000|  0%| F|  |TAMS 0x0000000734200000, 0x0000000734200000| Untracked 
| 412|0x0000000734400000, 0x0000000734400000, 0x0000000734600000|  0%| F|  |TAMS 0x0000000734400000, 0x0000000734400000| Untracked 
| 413|0x0000000734600000, 0x0000000734600000, 0x0000000734800000|  0%| F|  |TAMS 0x0000000734600000, 0x0000000734600000| Untracked 
| 414|0x0000000734800000, 0x0000000734800000, 0x0000000734a00000|  0%| F|  |TAMS 0x0000000734800000, 0x0000000734800000| Untracked 
| 415|0x0000000734a00000, 0x0000000734a00000, 0x0000000734c00000|  0%| F|  |TAMS 0x0000000734a00000, 0x0000000734a00000| Untracked 
| 416|0x0000000734c00000, 0x0000000734c00000, 0x0000000734e00000|  0%| F|  |TAMS 0x0000000734c00000, 0x0000000734c00000| Untracked 
| 417|0x0000000734e00000, 0x0000000734e00000, 0x0000000735000000|  0%| F|  |TAMS 0x0000000734e00000, 0x0000000734e00000| Untracked 
| 418|0x0000000735000000, 0x0000000735000000, 0x0000000735200000|  0%| F|  |TAMS 0x0000000735000000, 0x0000000735000000| Untracked 
| 419|0x0000000735200000, 0x0000000735200000, 0x0000000735400000|  0%| F|  |TAMS 0x0000000735200000, 0x0000000735200000| Untracked 
| 420|0x0000000735400000, 0x0000000735400000, 0x0000000735600000|  0%| F|  |TAMS 0x0000000735400000, 0x0000000735400000| Untracked 
| 421|0x0000000735600000, 0x0000000735600000, 0x0000000735800000|  0%| F|  |TAMS 0x0000000735600000, 0x0000000735600000| Untracked 
| 422|0x0000000735800000, 0x0000000735800000, 0x0000000735a00000|  0%| F|  |TAMS 0x0000000735800000, 0x0000000735800000| Untracked 
| 423|0x0000000735a00000, 0x0000000735a00000, 0x0000000735c00000|  0%| F|  |TAMS 0x0000000735a00000, 0x0000000735a00000| Untracked 
| 424|0x0000000735c00000, 0x0000000735c00000, 0x0000000735e00000|  0%| F|  |TAMS 0x0000000735c00000, 0x0000000735c00000| Untracked 
| 425|0x0000000735e00000, 0x0000000735e00000, 0x0000000736000000|  0%| F|  |TAMS 0x0000000735e00000, 0x0000000735e00000| Untracked 
| 426|0x0000000736000000, 0x0000000736000000, 0x0000000736200000|  0%| F|  |TAMS 0x0000000736000000, 0x0000000736000000| Untracked 
| 427|0x0000000736200000, 0x0000000736200000, 0x0000000736400000|  0%| F|  |TAMS 0x0000000736200000, 0x0000000736200000| Untracked 
| 428|0x0000000736400000, 0x0000000736400000, 0x0000000736600000|  0%| F|  |TAMS 0x0000000736400000, 0x0000000736400000| Untracked 
| 429|0x0000000736600000, 0x0000000736600000, 0x0000000736800000|  0%| F|  |TAMS 0x0000000736600000, 0x0000000736600000| Untracked 
| 430|0x0000000736800000, 0x0000000736800000, 0x0000000736a00000|  0%| F|  |TAMS 0x0000000736800000, 0x0000000736800000| Untracked 
| 431|0x0000000736a00000, 0x0000000736a00000, 0x0000000736c00000|  0%| F|  |TAMS 0x0000000736a00000, 0x0000000736a00000| Untracked 
| 432|0x0000000736c00000, 0x0000000736c00000, 0x0000000736e00000|  0%| F|  |TAMS 0x0000000736c00000, 0x0000000736c00000| Untracked 
| 433|0x0000000736e00000, 0x0000000736e00000, 0x0000000737000000|  0%| F|  |TAMS 0x0000000736e00000, 0x0000000736e00000| Untracked 
| 434|0x0000000737000000, 0x0000000737000000, 0x0000000737200000|  0%| F|  |TAMS 0x0000000737000000, 0x0000000737000000| Untracked 
| 435|0x0000000737200000, 0x0000000737200000, 0x0000000737400000|  0%| F|  |TAMS 0x0000000737200000, 0x0000000737200000| Untracked 
| 436|0x0000000737400000, 0x0000000737400000, 0x0000000737600000|  0%| F|  |TAMS 0x0000000737400000, 0x0000000737400000| Untracked 
| 437|0x0000000737600000, 0x0000000737600000, 0x0000000737800000|  0%| F|  |TAMS 0x0000000737600000, 0x0000000737600000| Untracked 
| 438|0x0000000737800000, 0x0000000737800000, 0x0000000737a00000|  0%| F|  |TAMS 0x0000000737800000, 0x0000000737800000| Untracked 
| 439|0x0000000737a00000, 0x0000000737a00000, 0x0000000737c00000|  0%| F|  |TAMS 0x0000000737a00000, 0x0000000737a00000| Untracked 
| 440|0x0000000737c00000, 0x0000000737c00000, 0x0000000737e00000|  0%| F|  |TAMS 0x0000000737c00000, 0x0000000737c00000| Untracked 
| 441|0x0000000737e00000, 0x0000000737e00000, 0x0000000738000000|  0%| F|  |TAMS 0x0000000737e00000, 0x0000000737e00000| Untracked 
| 442|0x0000000738000000, 0x0000000738000000, 0x0000000738200000|  0%| F|  |TAMS 0x0000000738000000, 0x0000000738000000| Untracked 
| 443|0x0000000738200000, 0x0000000738200000, 0x0000000738400000|  0%| F|  |TAMS 0x0000000738200000, 0x0000000738200000| Untracked 
| 444|0x0000000738400000, 0x0000000738400000, 0x0000000738600000|  0%| F|  |TAMS 0x0000000738400000, 0x0000000738400000| Untracked 
| 445|0x0000000738600000, 0x0000000738600000, 0x0000000738800000|  0%| F|  |TAMS 0x0000000738600000, 0x0000000738600000| Untracked 
| 446|0x0000000738800000, 0x0000000738800000, 0x0000000738a00000|  0%| F|  |TAMS 0x0000000738800000, 0x0000000738800000| Untracked 
| 447|0x0000000738a00000, 0x0000000738a00000, 0x0000000738c00000|  0%| F|  |TAMS 0x0000000738a00000, 0x0000000738a00000| Untracked 
| 448|0x0000000738c00000, 0x0000000738c00000, 0x0000000738e00000|  0%| F|  |TAMS 0x0000000738c00000, 0x0000000738c00000| Untracked 
| 449|0x0000000738e00000, 0x0000000738e00000, 0x0000000739000000|  0%| F|  |TAMS 0x0000000738e00000, 0x0000000738e00000| Untracked 
| 450|0x0000000739000000, 0x0000000739000000, 0x0000000739200000|  0%| F|  |TAMS 0x0000000739000000, 0x0000000739000000| Untracked 
| 451|0x0000000739200000, 0x0000000739200000, 0x0000000739400000|  0%| F|  |TAMS 0x0000000739200000, 0x0000000739200000| Untracked 
| 452|0x0000000739400000, 0x0000000739400000, 0x0000000739600000|  0%| F|  |TAMS 0x0000000739400000, 0x0000000739400000| Untracked 
| 453|0x0000000739600000, 0x0000000739600000, 0x0000000739800000|  0%| F|  |TAMS 0x0000000739600000, 0x0000000739600000| Untracked 
| 454|0x0000000739800000, 0x0000000739800000, 0x0000000739a00000|  0%| F|  |TAMS 0x0000000739800000, 0x0000000739800000| Untracked 
| 455|0x0000000739a00000, 0x0000000739a00000, 0x0000000739c00000|  0%| F|  |TAMS 0x0000000739a00000, 0x0000000739a00000| Untracked 
| 456|0x0000000739c00000, 0x0000000739c00000, 0x0000000739e00000|  0%| F|  |TAMS 0x0000000739c00000, 0x0000000739c00000| Untracked 
| 457|0x0000000739e00000, 0x0000000739e00000, 0x000000073a000000|  0%| F|  |TAMS 0x0000000739e00000, 0x0000000739e00000| Untracked 
| 458|0x000000073a000000, 0x000000073a000000, 0x000000073a200000|  0%| F|  |TAMS 0x000000073a000000, 0x000000073a000000| Untracked 
| 459|0x000000073a200000, 0x000000073a200000, 0x000000073a400000|  0%| F|  |TAMS 0x000000073a200000, 0x000000073a200000| Untracked 
| 460|0x000000073a400000, 0x000000073a400000, 0x000000073a600000|  0%| F|  |TAMS 0x000000073a400000, 0x000000073a400000| Untracked 
| 461|0x000000073a600000, 0x000000073a600000, 0x000000073a800000|  0%| F|  |TAMS 0x000000073a600000, 0x000000073a600000| Untracked 
| 462|0x000000073a800000, 0x000000073a800000, 0x000000073aa00000|  0%| F|  |TAMS 0x000000073a800000, 0x000000073a800000| Untracked 
| 463|0x000000073aa00000, 0x000000073aa00000, 0x000000073ac00000|  0%| F|  |TAMS 0x000000073aa00000, 0x000000073aa00000| Untracked 
| 464|0x000000073ac00000, 0x000000073ac00000, 0x000000073ae00000|  0%| F|  |TAMS 0x000000073ac00000, 0x000000073ac00000| Untracked 
| 465|0x000000073ae00000, 0x000000073ae00000, 0x000000073b000000|  0%| F|  |TAMS 0x000000073ae00000, 0x000000073ae00000| Untracked 
| 466|0x000000073b000000, 0x000000073b000000, 0x000000073b200000|  0%| F|  |TAMS 0x000000073b000000, 0x000000073b000000| Untracked 
| 467|0x000000073b200000, 0x000000073b200000, 0x000000073b400000|  0%| F|  |TAMS 0x000000073b200000, 0x000000073b200000| Untracked 
| 468|0x000000073b400000, 0x000000073b400000, 0x000000073b600000|  0%| F|  |TAMS 0x000000073b400000, 0x000000073b400000| Untracked 
| 469|0x000000073b600000, 0x000000073b600000, 0x000000073b800000|  0%| F|  |TAMS 0x000000073b600000, 0x000000073b600000| Untracked 
| 470|0x000000073b800000, 0x000000073b800000, 0x000000073ba00000|  0%| F|  |TAMS 0x000000073b800000, 0x000000073b800000| Untracked 
| 471|0x000000073ba00000, 0x000000073ba00000, 0x000000073bc00000|  0%| F|  |TAMS 0x000000073ba00000, 0x000000073ba00000| Untracked 
| 472|0x000000073bc00000, 0x000000073bc00000, 0x000000073be00000|  0%| F|  |TAMS 0x000000073bc00000, 0x000000073bc00000| Untracked 
| 473|0x000000073be00000, 0x000000073be00000, 0x000000073c000000|  0%| F|  |TAMS 0x000000073be00000, 0x000000073be00000| Untracked 
| 474|0x000000073c000000, 0x000000073c000000, 0x000000073c200000|  0%| F|  |TAMS 0x000000073c000000, 0x000000073c000000| Untracked 
| 475|0x000000073c200000, 0x000000073c200000, 0x000000073c400000|  0%| F|  |TAMS 0x000000073c200000, 0x000000073c200000| Untracked 
| 476|0x000000073c400000, 0x000000073c400000, 0x000000073c600000|  0%| F|  |TAMS 0x000000073c400000, 0x000000073c400000| Untracked 
| 477|0x000000073c600000, 0x000000073c600000, 0x000000073c800000|  0%| F|  |TAMS 0x000000073c600000, 0x000000073c600000| Untracked 
| 478|0x000000073c800000, 0x000000073c800000, 0x000000073ca00000|  0%| F|  |TAMS 0x000000073c800000, 0x000000073c800000| Untracked 
| 479|0x000000073ca00000, 0x000000073ca00000, 0x000000073cc00000|  0%| F|  |TAMS 0x000000073ca00000, 0x000000073ca00000| Untracked 
| 480|0x000000073cc00000, 0x000000073cc00000, 0x000000073ce00000|  0%| F|  |TAMS 0x000000073cc00000, 0x000000073cc00000| Untracked 
| 481|0x000000073ce00000, 0x000000073ce00000, 0x000000073d000000|  0%| F|  |TAMS 0x000000073ce00000, 0x000000073ce00000| Untracked 
| 482|0x000000073d000000, 0x000000073d000000, 0x000000073d200000|  0%| F|  |TAMS 0x000000073d000000, 0x000000073d000000| Untracked 
| 483|0x000000073d200000, 0x000000073d200000, 0x000000073d400000|  0%| F|  |TAMS 0x000000073d200000, 0x000000073d200000| Untracked 
| 484|0x000000073d400000, 0x000000073d400000, 0x000000073d600000|  0%| F|  |TAMS 0x000000073d400000, 0x000000073d400000| Untracked 
| 485|0x000000073d600000, 0x000000073d600000, 0x000000073d800000|  0%| F|  |TAMS 0x000000073d600000, 0x000000073d600000| Untracked 
| 486|0x000000073d800000, 0x000000073d800000, 0x000000073da00000|  0%| F|  |TAMS 0x000000073d800000, 0x000000073d800000| Untracked 
| 487|0x000000073da00000, 0x000000073da00000, 0x000000073dc00000|  0%| F|  |TAMS 0x000000073da00000, 0x000000073da00000| Untracked 
| 488|0x000000073dc00000, 0x000000073dc00000, 0x000000073de00000|  0%| F|  |TAMS 0x000000073dc00000, 0x000000073dc00000| Untracked 
| 489|0x000000073de00000, 0x000000073de00000, 0x000000073e000000|  0%| F|  |TAMS 0x000000073de00000, 0x000000073de00000| Untracked 
| 490|0x000000073e000000, 0x000000073e000000, 0x000000073e200000|  0%| F|  |TAMS 0x000000073e000000, 0x000000073e000000| Untracked 
| 491|0x000000073e200000, 0x000000073e200000, 0x000000073e400000|  0%| F|  |TAMS 0x000000073e200000, 0x000000073e200000| Untracked 
| 492|0x000000073e400000, 0x000000073e400000, 0x000000073e600000|  0%| F|  |TAMS 0x000000073e400000, 0x000000073e400000| Untracked 
| 493|0x000000073e600000, 0x000000073e600000, 0x000000073e800000|  0%| F|  |TAMS 0x000000073e600000, 0x000000073e600000| Untracked 
| 494|0x000000073e800000, 0x000000073e800000, 0x000000073ea00000|  0%| F|  |TAMS 0x000000073e800000, 0x000000073e800000| Untracked 
| 495|0x000000073ea00000, 0x000000073ea00000, 0x000000073ec00000|  0%| F|  |TAMS 0x000000073ea00000, 0x000000073ea00000| Untracked 
| 496|0x000000073ec00000, 0x000000073ec00000, 0x000000073ee00000|  0%| F|  |TAMS 0x000000073ec00000, 0x000000073ec00000| Untracked 
| 497|0x000000073ee00000, 0x000000073ee00000, 0x000000073f000000|  0%| F|  |TAMS 0x000000073ee00000, 0x000000073ee00000| Untracked 
| 498|0x000000073f000000, 0x000000073f000000, 0x000000073f200000|  0%| F|  |TAMS 0x000000073f000000, 0x000000073f000000| Untracked 
| 499|0x000000073f200000, 0x000000073f200000, 0x000000073f400000|  0%| F|  |TAMS 0x000000073f200000, 0x000000073f200000| Untracked 
| 500|0x000000073f400000, 0x000000073f400000, 0x000000073f600000|  0%| F|  |TAMS 0x000000073f400000, 0x000000073f400000| Untracked 
| 501|0x000000073f600000, 0x000000073f600000, 0x000000073f800000|  0%| F|  |TAMS 0x000000073f600000, 0x000000073f600000| Untracked 
| 502|0x000000073f800000, 0x000000073f800000, 0x000000073fa00000|  0%| F|  |TAMS 0x000000073f800000, 0x000000073f800000| Untracked 
| 503|0x000000073fa00000, 0x000000073fa00000, 0x000000073fc00000|  0%| F|  |TAMS 0x000000073fa00000, 0x000000073fa00000| Untracked 
| 504|0x000000073fc00000, 0x000000073fc00000, 0x000000073fe00000|  0%| F|  |TAMS 0x000000073fc00000, 0x000000073fc00000| Untracked 
| 505|0x000000073fe00000, 0x000000073fe00000, 0x0000000740000000|  0%| F|  |TAMS 0x000000073fe00000, 0x000000073fe00000| Untracked 
| 506|0x0000000740000000, 0x0000000740000000, 0x0000000740200000|  0%| F|  |TAMS 0x0000000740000000, 0x0000000740000000| Untracked 
| 507|0x0000000740200000, 0x0000000740200000, 0x0000000740400000|  0%| F|  |TAMS 0x0000000740200000, 0x0000000740200000| Untracked 
| 508|0x0000000740400000, 0x0000000740400000, 0x0000000740600000|  0%| F|  |TAMS 0x0000000740400000, 0x0000000740400000| Untracked 
| 509|0x0000000740600000, 0x0000000740600000, 0x0000000740800000|  0%| F|  |TAMS 0x0000000740600000, 0x0000000740600000| Untracked 
| 510|0x0000000740800000, 0x0000000740800000, 0x0000000740a00000|  0%| F|  |TAMS 0x0000000740800000, 0x0000000740800000| Untracked 
| 511|0x0000000740a00000, 0x0000000740a00000, 0x0000000740c00000|  0%| F|  |TAMS 0x0000000740a00000, 0x0000000740a00000| Untracked 
| 512|0x0000000740c00000, 0x0000000740c00000, 0x0000000740e00000|  0%| F|  |TAMS 0x0000000740c00000, 0x0000000740c00000| Untracked 
| 513|0x0000000740e00000, 0x0000000740e00000, 0x0000000741000000|  0%| F|  |TAMS 0x0000000740e00000, 0x0000000740e00000| Untracked 
| 514|0x0000000741000000, 0x0000000741000000, 0x0000000741200000|  0%| F|  |TAMS 0x0000000741000000, 0x0000000741000000| Untracked 
| 515|0x0000000741200000, 0x0000000741200000, 0x0000000741400000|  0%| F|  |TAMS 0x0000000741200000, 0x0000000741200000| Untracked 
| 516|0x0000000741400000, 0x0000000741400000, 0x0000000741600000|  0%| F|  |TAMS 0x0000000741400000, 0x0000000741400000| Untracked 
| 517|0x0000000741600000, 0x0000000741600000, 0x0000000741800000|  0%| F|  |TAMS 0x0000000741600000, 0x0000000741600000| Untracked 
| 518|0x0000000741800000, 0x0000000741800000, 0x0000000741a00000|  0%| F|  |TAMS 0x0000000741800000, 0x0000000741800000| Untracked 
| 519|0x0000000741a00000, 0x0000000741a00000, 0x0000000741c00000|  0%| F|  |TAMS 0x0000000741a00000, 0x0000000741a00000| Untracked 
| 520|0x0000000741c00000, 0x0000000741c00000, 0x0000000741e00000|  0%| F|  |TAMS 0x0000000741c00000, 0x0000000741c00000| Untracked 
| 521|0x0000000741e00000, 0x0000000741e00000, 0x0000000742000000|  0%| F|  |TAMS 0x0000000741e00000, 0x0000000741e00000| Untracked 
| 522|0x0000000742000000, 0x0000000742000000, 0x0000000742200000|  0%| F|  |TAMS 0x0000000742000000, 0x0000000742000000| Untracked 
| 523|0x0000000742200000, 0x0000000742200000, 0x0000000742400000|  0%| F|  |TAMS 0x0000000742200000, 0x0000000742200000| Untracked 
| 524|0x0000000742400000, 0x0000000742400000, 0x0000000742600000|  0%| F|  |TAMS 0x0000000742400000, 0x0000000742400000| Untracked 
| 525|0x0000000742600000, 0x0000000742600000, 0x0000000742800000|  0%| F|  |TAMS 0x0000000742600000, 0x0000000742600000| Untracked 
| 526|0x0000000742800000, 0x0000000742800000, 0x0000000742a00000|  0%| F|  |TAMS 0x0000000742800000, 0x0000000742800000| Untracked 
| 527|0x0000000742a00000, 0x0000000742a00000, 0x0000000742c00000|  0%| F|  |TAMS 0x0000000742a00000, 0x0000000742a00000| Untracked 
| 528|0x0000000742c00000, 0x0000000742c00000, 0x0000000742e00000|  0%| F|  |TAMS 0x0000000742c00000, 0x0000000742c00000| Untracked 
| 529|0x0000000742e00000, 0x0000000742e00000, 0x0000000743000000|  0%| F|  |TAMS 0x0000000742e00000, 0x0000000742e00000| Untracked 
| 530|0x0000000743000000, 0x0000000743000000, 0x0000000743200000|  0%| F|  |TAMS 0x0000000743000000, 0x0000000743000000| Untracked 
| 531|0x0000000743200000, 0x0000000743200000, 0x0000000743400000|  0%| F|  |TAMS 0x0000000743200000, 0x0000000743200000| Untracked 
| 532|0x0000000743400000, 0x0000000743400000, 0x0000000743600000|  0%| F|  |TAMS 0x0000000743400000, 0x0000000743400000| Untracked 
| 533|0x0000000743600000, 0x0000000743600000, 0x0000000743800000|  0%| F|  |TAMS 0x0000000743600000, 0x0000000743600000| Untracked 
| 534|0x0000000743800000, 0x0000000743800000, 0x0000000743a00000|  0%| F|  |TAMS 0x0000000743800000, 0x0000000743800000| Untracked 
| 535|0x0000000743a00000, 0x0000000743a00000, 0x0000000743c00000|  0%| F|  |TAMS 0x0000000743a00000, 0x0000000743a00000| Untracked 
| 536|0x0000000743c00000, 0x0000000743c00000, 0x0000000743e00000|  0%| F|  |TAMS 0x0000000743c00000, 0x0000000743c00000| Untracked 
| 537|0x0000000743e00000, 0x0000000743e00000, 0x0000000744000000|  0%| F|  |TAMS 0x0000000743e00000, 0x0000000743e00000| Untracked 
| 538|0x0000000744000000, 0x0000000744000000, 0x0000000744200000|  0%| F|  |TAMS 0x0000000744000000, 0x0000000744000000| Untracked 
| 539|0x0000000744200000, 0x0000000744200000, 0x0000000744400000|  0%| F|  |TAMS 0x0000000744200000, 0x0000000744200000| Untracked 
| 540|0x0000000744400000, 0x0000000744400000, 0x0000000744600000|  0%| F|  |TAMS 0x0000000744400000, 0x0000000744400000| Untracked 
| 541|0x0000000744600000, 0x0000000744600000, 0x0000000744800000|  0%| F|  |TAMS 0x0000000744600000, 0x0000000744600000| Untracked 
| 542|0x0000000744800000, 0x0000000744800000, 0x0000000744a00000|  0%| F|  |TAMS 0x0000000744800000, 0x0000000744800000| Untracked 
| 543|0x0000000744a00000, 0x0000000744a00000, 0x0000000744c00000|  0%| F|  |TAMS 0x0000000744a00000, 0x0000000744a00000| Untracked 
| 544|0x0000000744c00000, 0x0000000744c00000, 0x0000000744e00000|  0%| F|  |TAMS 0x0000000744c00000, 0x0000000744c00000| Untracked 
| 545|0x0000000744e00000, 0x0000000744e00000, 0x0000000745000000|  0%| F|  |TAMS 0x0000000744e00000, 0x0000000744e00000| Untracked 
| 546|0x0000000745000000, 0x0000000745000000, 0x0000000745200000|  0%| F|  |TAMS 0x0000000745000000, 0x0000000745000000| Untracked 
| 547|0x0000000745200000, 0x0000000745200000, 0x0000000745400000|  0%| F|  |TAMS 0x0000000745200000, 0x0000000745200000| Untracked 
| 548|0x0000000745400000, 0x0000000745400000, 0x0000000745600000|  0%| F|  |TAMS 0x0000000745400000, 0x0000000745400000| Untracked 
| 549|0x0000000745600000, 0x0000000745600000, 0x0000000745800000|  0%| F|  |TAMS 0x0000000745600000, 0x0000000745600000| Untracked 
| 550|0x0000000745800000, 0x0000000745800000, 0x0000000745a00000|  0%| F|  |TAMS 0x0000000745800000, 0x0000000745800000| Untracked 
| 551|0x0000000745a00000, 0x0000000745a00000, 0x0000000745c00000|  0%| F|  |TAMS 0x0000000745a00000, 0x0000000745a00000| Untracked 
| 552|0x0000000745c00000, 0x0000000745c00000, 0x0000000745e00000|  0%| F|  |TAMS 0x0000000745c00000, 0x0000000745c00000| Untracked 
| 553|0x0000000745e00000, 0x0000000745e00000, 0x0000000746000000|  0%| F|  |TAMS 0x0000000745e00000, 0x0000000745e00000| Untracked 
| 554|0x0000000746000000, 0x0000000746000000, 0x0000000746200000|  0%| F|  |TAMS 0x0000000746000000, 0x0000000746000000| Untracked 
| 555|0x0000000746200000, 0x0000000746200000, 0x0000000746400000|  0%| F|  |TAMS 0x0000000746200000, 0x0000000746200000| Untracked 
| 556|0x0000000746400000, 0x0000000746400000, 0x0000000746600000|  0%| F|  |TAMS 0x0000000746400000, 0x0000000746400000| Untracked 
| 557|0x0000000746600000, 0x0000000746600000, 0x0000000746800000|  0%| F|  |TAMS 0x0000000746600000, 0x0000000746600000| Untracked 
| 558|0x0000000746800000, 0x0000000746800000, 0x0000000746a00000|  0%| F|  |TAMS 0x0000000746800000, 0x0000000746800000| Untracked 
| 559|0x0000000746a00000, 0x0000000746a00000, 0x0000000746c00000|  0%| F|  |TAMS 0x0000000746a00000, 0x0000000746a00000| Untracked 
| 560|0x0000000746c00000, 0x0000000746c00000, 0x0000000746e00000|  0%| F|  |TAMS 0x0000000746c00000, 0x0000000746c00000| Untracked 
| 561|0x0000000746e00000, 0x0000000746e00000, 0x0000000747000000|  0%| F|  |TAMS 0x0000000746e00000, 0x0000000746e00000| Untracked 
| 562|0x0000000747000000, 0x0000000747000000, 0x0000000747200000|  0%| F|  |TAMS 0x0000000747000000, 0x0000000747000000| Untracked 
| 563|0x0000000747200000, 0x0000000747200000, 0x0000000747400000|  0%| F|  |TAMS 0x0000000747200000, 0x0000000747200000| Untracked 
| 564|0x0000000747400000, 0x0000000747400000, 0x0000000747600000|  0%| F|  |TAMS 0x0000000747400000, 0x0000000747400000| Untracked 
| 565|0x0000000747600000, 0x0000000747600000, 0x0000000747800000|  0%| F|  |TAMS 0x0000000747600000, 0x0000000747600000| Untracked 
| 566|0x0000000747800000, 0x0000000747800000, 0x0000000747a00000|  0%| F|  |TAMS 0x0000000747800000, 0x0000000747800000| Untracked 
| 567|0x0000000747a00000, 0x0000000747a00000, 0x0000000747c00000|  0%| F|  |TAMS 0x0000000747a00000, 0x0000000747a00000| Untracked 
| 568|0x0000000747c00000, 0x0000000747c00000, 0x0000000747e00000|  0%| F|  |TAMS 0x0000000747c00000, 0x0000000747c00000| Untracked 
| 569|0x0000000747e00000, 0x0000000747e00000, 0x0000000748000000|  0%| F|  |TAMS 0x0000000747e00000, 0x0000000747e00000| Untracked 
| 570|0x0000000748000000, 0x0000000748000000, 0x0000000748200000|  0%| F|  |TAMS 0x0000000748000000, 0x0000000748000000| Untracked 
| 571|0x0000000748200000, 0x0000000748200000, 0x0000000748400000|  0%| F|  |TAMS 0x0000000748200000, 0x0000000748200000| Untracked 
| 572|0x0000000748400000, 0x0000000748400000, 0x0000000748600000|  0%| F|  |TAMS 0x0000000748400000, 0x0000000748400000| Untracked 
| 573|0x0000000748600000, 0x0000000748600000, 0x0000000748800000|  0%| F|  |TAMS 0x0000000748600000, 0x0000000748600000| Untracked 
| 574|0x0000000748800000, 0x0000000748800000, 0x0000000748a00000|  0%| F|  |TAMS 0x0000000748800000, 0x0000000748800000| Untracked 
| 575|0x0000000748a00000, 0x0000000748b3d7f0, 0x0000000748c00000| 62%| S|CS|TAMS 0x0000000748a00000, 0x0000000748a00000| Complete 
| 576|0x0000000748c00000, 0x0000000748e00000, 0x0000000748e00000|100%| S|CS|TAMS 0x0000000748c00000, 0x0000000748c00000| Complete 
| 577|0x0000000748e00000, 0x0000000749000000, 0x0000000749000000|100%| S|CS|TAMS 0x0000000748e00000, 0x0000000748e00000| Complete 
| 578|0x0000000749000000, 0x0000000749200000, 0x0000000749200000|100%| S|CS|TAMS 0x0000000749000000, 0x0000000749000000| Complete 
| 579|0x0000000749200000, 0x0000000749400000, 0x0000000749400000|100%| S|CS|TAMS 0x0000000749200000, 0x0000000749200000| Complete 
| 580|0x0000000749400000, 0x0000000749600000, 0x0000000749600000|100%| S|CS|TAMS 0x0000000749400000, 0x0000000749400000| Complete 
| 581|0x0000000749600000, 0x0000000749800000, 0x0000000749800000|100%| S|CS|TAMS 0x0000000749600000, 0x0000000749600000| Complete 
| 582|0x0000000749800000, 0x0000000749800000, 0x0000000749a00000|  0%| F|  |TAMS 0x0000000749800000, 0x0000000749800000| Untracked 
| 583|0x0000000749a00000, 0x0000000749a00000, 0x0000000749c00000|  0%| F|  |TAMS 0x0000000749a00000, 0x0000000749a00000| Untracked 
| 584|0x0000000749c00000, 0x0000000749c00000, 0x0000000749e00000|  0%| F|  |TAMS 0x0000000749c00000, 0x0000000749c00000| Untracked 
| 585|0x0000000749e00000, 0x0000000749e00000, 0x000000074a000000|  0%| F|  |TAMS 0x0000000749e00000, 0x0000000749e00000| Untracked 
| 586|0x000000074a000000, 0x000000074a000000, 0x000000074a200000|  0%| F|  |TAMS 0x000000074a000000, 0x000000074a000000| Untracked 
| 587|0x000000074a200000, 0x000000074a200000, 0x000000074a400000|  0%| F|  |TAMS 0x000000074a200000, 0x000000074a200000| Untracked 
| 588|0x000000074a400000, 0x000000074a400000, 0x000000074a600000|  0%| F|  |TAMS 0x000000074a400000, 0x000000074a400000| Untracked 
| 589|0x000000074a600000, 0x000000074a600000, 0x000000074a800000|  0%| F|  |TAMS 0x000000074a600000, 0x000000074a600000| Untracked 
| 590|0x000000074a800000, 0x000000074a800000, 0x000000074aa00000|  0%| F|  |TAMS 0x000000074a800000, 0x000000074a800000| Untracked 
| 591|0x000000074aa00000, 0x000000074aa00000, 0x000000074ac00000|  0%| F|  |TAMS 0x000000074aa00000, 0x000000074aa00000| Untracked 
| 592|0x000000074ac00000, 0x000000074ac00000, 0x000000074ae00000|  0%| F|  |TAMS 0x000000074ac00000, 0x000000074ac00000| Untracked 
| 593|0x000000074ae00000, 0x000000074ae00000, 0x000000074b000000|  0%| F|  |TAMS 0x000000074ae00000, 0x000000074ae00000| Untracked 
| 594|0x000000074b000000, 0x000000074b000000, 0x000000074b200000|  0%| F|  |TAMS 0x000000074b000000, 0x000000074b000000| Untracked 
| 595|0x000000074b200000, 0x000000074b200000, 0x000000074b400000|  0%| F|  |TAMS 0x000000074b200000, 0x000000074b200000| Untracked 
| 596|0x000000074b400000, 0x000000074b400000, 0x000000074b600000|  0%| F|  |TAMS 0x000000074b400000, 0x000000074b400000| Untracked 
| 597|0x000000074b600000, 0x000000074b600000, 0x000000074b800000|  0%| F|  |TAMS 0x000000074b600000, 0x000000074b600000| Untracked 
| 598|0x000000074b800000, 0x000000074b800000, 0x000000074ba00000|  0%| F|  |TAMS 0x000000074b800000, 0x000000074b800000| Untracked 
| 599|0x000000074ba00000, 0x000000074ba00000, 0x000000074bc00000|  0%| F|  |TAMS 0x000000074ba00000, 0x000000074ba00000| Untracked 
| 600|0x000000074bc00000, 0x000000074bc00000, 0x000000074be00000|  0%| F|  |TAMS 0x000000074bc00000, 0x000000074bc00000| Untracked 
| 601|0x000000074be00000, 0x000000074be00000, 0x000000074c000000|  0%| F|  |TAMS 0x000000074be00000, 0x000000074be00000| Untracked 
| 602|0x000000074c000000, 0x000000074c000000, 0x000000074c200000|  0%| F|  |TAMS 0x000000074c000000, 0x000000074c000000| Untracked 
| 603|0x000000074c200000, 0x000000074c200000, 0x000000074c400000|  0%| F|  |TAMS 0x000000074c200000, 0x000000074c200000| Untracked 
| 604|0x000000074c400000, 0x000000074c400000, 0x000000074c600000|  0%| F|  |TAMS 0x000000074c400000, 0x000000074c400000| Untracked 
| 605|0x000000074c600000, 0x000000074c600000, 0x000000074c800000|  0%| F|  |TAMS 0x000000074c600000, 0x000000074c600000| Untracked 
| 606|0x000000074c800000, 0x000000074c800000, 0x000000074ca00000|  0%| F|  |TAMS 0x000000074c800000, 0x000000074c800000| Untracked 
| 607|0x000000074ca00000, 0x000000074ca00000, 0x000000074cc00000|  0%| F|  |TAMS 0x000000074ca00000, 0x000000074ca00000| Untracked 
| 608|0x000000074cc00000, 0x000000074cc00000, 0x000000074ce00000|  0%| F|  |TAMS 0x000000074cc00000, 0x000000074cc00000| Untracked 
| 609|0x000000074ce00000, 0x000000074ce00000, 0x000000074d000000|  0%| F|  |TAMS 0x000000074ce00000, 0x000000074ce00000| Untracked 
| 610|0x000000074d000000, 0x000000074d000000, 0x000000074d200000|  0%| F|  |TAMS 0x000000074d000000, 0x000000074d000000| Untracked 
| 611|0x000000074d200000, 0x000000074d200000, 0x000000074d400000|  0%| F|  |TAMS 0x000000074d200000, 0x000000074d200000| Untracked 
| 612|0x000000074d400000, 0x000000074d400000, 0x000000074d600000|  0%| F|  |TAMS 0x000000074d400000, 0x000000074d400000| Untracked 
| 613|0x000000074d600000, 0x000000074d600000, 0x000000074d800000|  0%| F|  |TAMS 0x000000074d600000, 0x000000074d600000| Untracked 
| 614|0x000000074d800000, 0x000000074d800000, 0x000000074da00000|  0%| F|  |TAMS 0x000000074d800000, 0x000000074d800000| Untracked 
| 615|0x000000074da00000, 0x000000074da00000, 0x000000074dc00000|  0%| F|  |TAMS 0x000000074da00000, 0x000000074da00000| Untracked 
| 616|0x000000074dc00000, 0x000000074dc00000, 0x000000074de00000|  0%| F|  |TAMS 0x000000074dc00000, 0x000000074dc00000| Untracked 
| 617|0x000000074de00000, 0x000000074de00000, 0x000000074e000000|  0%| F|  |TAMS 0x000000074de00000, 0x000000074de00000| Untracked 
| 618|0x000000074e000000, 0x000000074e000000, 0x000000074e200000|  0%| F|  |TAMS 0x000000074e000000, 0x000000074e000000| Untracked 
| 619|0x000000074e200000, 0x000000074e200000, 0x000000074e400000|  0%| F|  |TAMS 0x000000074e200000, 0x000000074e200000| Untracked 
| 620|0x000000074e400000, 0x000000074e400000, 0x000000074e600000|  0%| F|  |TAMS 0x000000074e400000, 0x000000074e400000| Untracked 
| 621|0x000000074e600000, 0x000000074e600000, 0x000000074e800000|  0%| F|  |TAMS 0x000000074e600000, 0x000000074e600000| Untracked 
| 622|0x000000074e800000, 0x000000074e800000, 0x000000074ea00000|  0%| F|  |TAMS 0x000000074e800000, 0x000000074e800000| Untracked 
| 623|0x000000074ea00000, 0x000000074ea00000, 0x000000074ec00000|  0%| F|  |TAMS 0x000000074ea00000, 0x000000074ea00000| Untracked 
| 624|0x000000074ec00000, 0x000000074ec00000, 0x000000074ee00000|  0%| F|  |TAMS 0x000000074ec00000, 0x000000074ec00000| Untracked 
| 625|0x000000074ee00000, 0x000000074ee00000, 0x000000074f000000|  0%| F|  |TAMS 0x000000074ee00000, 0x000000074ee00000| Untracked 
| 626|0x000000074f000000, 0x000000074f000000, 0x000000074f200000|  0%| F|  |TAMS 0x000000074f000000, 0x000000074f000000| Untracked 
| 627|0x000000074f200000, 0x000000074f200000, 0x000000074f400000|  0%| F|  |TAMS 0x000000074f200000, 0x000000074f200000| Untracked 
|1998|0x00000007fa800000, 0x00000007faa00000, 0x00000007faa00000|100%| O|  |TAMS 0x00000007fa957c00, 0x00000007fa800000| Updating 
|1999|0x00000007faa00000, 0x00000007fac00000, 0x00000007fac00000|100%| O|  |TAMS 0x00000007fac00000, 0x00000007faa00000| Updating 
|2000|0x00000007fac00000, 0x00000007fae00000, 0x00000007fae00000|100%| O|  |TAMS 0x00000007fae00000, 0x00000007fac00000| Updating 
|2001|0x00000007fae00000, 0x00000007fb000000, 0x00000007fb000000|100%| O|  |TAMS 0x00000007fb000000, 0x00000007fae00000| Untracked 
|2002|0x00000007fb000000, 0x00000007fb200000, 0x00000007fb200000|100%| O|  |TAMS 0x00000007fb200000, 0x00000007fb000000| Untracked 
|2003|0x00000007fb200000, 0x00000007fb400000, 0x00000007fb400000|100%| O|  |TAMS 0x00000007fb400000, 0x00000007fb200000| Untracked 
|2004|0x00000007fb400000, 0x00000007fb600000, 0x00000007fb600000|100%| O|  |TAMS 0x00000007fb600000, 0x00000007fb400000| Untracked 
|2005|0x00000007fb600000, 0x00000007fb800000, 0x00000007fb800000|100%| O|  |TAMS 0x00000007fb800000, 0x00000007fb600000| Untracked 
|2006|0x00000007fb800000, 0x00000007fba00000, 0x00000007fba00000|100%| O|  |TAMS 0x00000007fba00000, 0x00000007fb800000| Untracked 
|2007|0x00000007fba00000, 0x00000007fbc00000, 0x00000007fbc00000|100%| O|  |TAMS 0x00000007fbc00000, 0x00000007fba00000| Untracked 
|2008|0x00000007fbc00000, 0x00000007fbe00000, 0x00000007fbe00000|100%| O|  |TAMS 0x00000007fbe00000, 0x00000007fbc00000| Untracked 
|2009|0x00000007fbe00000, 0x00000007fc000000, 0x00000007fc000000|100%| O|  |TAMS 0x00000007fc000000, 0x00000007fbe00000| Untracked 
|2010|0x00000007fc000000, 0x00000007fc200000, 0x00000007fc200000|100%| O|  |TAMS 0x00000007fc200000, 0x00000007fc000000| Untracked 
|2011|0x00000007fc200000, 0x00000007fc400000, 0x00000007fc400000|100%| O|  |TAMS 0x00000007fc400000, 0x00000007fc200000| Untracked 
|2012|0x00000007fc400000, 0x00000007fc600000, 0x00000007fc600000|100%| O|  |TAMS 0x00000007fc600000, 0x00000007fc400000| Untracked 
|2013|0x00000007fc600000, 0x00000007fc800000, 0x00000007fc800000|100%| O|  |TAMS 0x00000007fc800000, 0x00000007fc600000| Untracked 
|2014|0x00000007fc800000, 0x00000007fca00000, 0x00000007fca00000|100%| O|  |TAMS 0x00000007fca00000, 0x00000007fc800000| Untracked 
|2015|0x00000007fca00000, 0x00000007fcc00000, 0x00000007fcc00000|100%| O|  |TAMS 0x00000007fcc00000, 0x00000007fca00000| Untracked 
|2016|0x00000007fcc00000, 0x00000007fce00000, 0x00000007fce00000|100%| O|  |TAMS 0x00000007fce00000, 0x00000007fcc00000| Untracked 
|2017|0x00000007fce00000, 0x00000007fd000000, 0x00000007fd000000|100%| O|  |TAMS 0x00000007fd000000, 0x00000007fce00000| Untracked 
|2018|0x00000007fd000000, 0x00000007fd200000, 0x00000007fd200000|100%| O|  |TAMS 0x00000007fd200000, 0x00000007fd000000| Untracked 
|2019|0x00000007fd200000, 0x00000007fd400000, 0x00000007fd400000|100%| O|  |TAMS 0x00000007fd400000, 0x00000007fd200000| Untracked 
|2020|0x00000007fd400000, 0x00000007fd600000, 0x00000007fd600000|100%| O|  |TAMS 0x00000007fd600000, 0x00000007fd400000| Untracked 
|2021|0x00000007fd600000, 0x00000007fd800000, 0x00000007fd800000|100%| O|  |TAMS 0x00000007fd800000, 0x00000007fd600000| Untracked 
|2022|0x00000007fd800000, 0x00000007fda00000, 0x00000007fda00000|100%| O|  |TAMS 0x00000007fda00000, 0x00000007fd800000| Untracked 
|2023|0x00000007fda00000, 0x00000007fdc00000, 0x00000007fdc00000|100%| O|  |TAMS 0x00000007fdc00000, 0x00000007fda00000| Untracked 
|2024|0x00000007fdc00000, 0x00000007fde00000, 0x00000007fde00000|100%| O|  |TAMS 0x00000007fde00000, 0x00000007fdc00000| Untracked 
|2025|0x00000007fde00000, 0x00000007fe000000, 0x00000007fe000000|100%| O|  |TAMS 0x00000007fe000000, 0x00000007fde00000| Untracked 
|2026|0x00000007fe000000, 0x00000007fe200000, 0x00000007fe200000|100%| O|  |TAMS 0x00000007fe200000, 0x00000007fe000000| Untracked 
|2027|0x00000007fe200000, 0x00000007fe400000, 0x00000007fe400000|100%| O|  |TAMS 0x00000007fe400000, 0x00000007fe200000| Untracked 
|2028|0x00000007fe400000, 0x00000007fe600000, 0x00000007fe600000|100%| O|  |TAMS 0x00000007fe600000, 0x00000007fe400000| Untracked 
|2029|0x00000007fe600000, 0x00000007fe800000, 0x00000007fe800000|100%| O|  |TAMS 0x00000007fe800000, 0x00000007fe600000| Untracked 
|2030|0x00000007fe800000, 0x00000007fea00000, 0x00000007fea00000|100%| O|  |TAMS 0x00000007fea00000, 0x00000007fe800000| Untracked 
|2031|0x00000007fea00000, 0x00000007fec00000, 0x00000007fec00000|100%| O|  |TAMS 0x00000007fec00000, 0x00000007fea00000| Untracked 
|2032|0x00000007fec00000, 0x00000007fee00000, 0x00000007fee00000|100%| O|  |TAMS 0x00000007fee00000, 0x00000007fec00000| Untracked 
|2033|0x00000007fee00000, 0x00000007ff000000, 0x00000007ff000000|100%| O|  |TAMS 0x00000007ff000000, 0x00000007fee00000| Untracked 
|2034|0x00000007ff000000, 0x00000007ff200000, 0x00000007ff200000|100%| O|  |TAMS 0x00000007ff200000, 0x00000007ff000000| Untracked 
|2035|0x00000007ff200000, 0x00000007ff400000, 0x00000007ff400000|100%| O|  |TAMS 0x00000007ff400000, 0x00000007ff200000| Untracked 
|2036|0x00000007ff400000, 0x00000007ff600000, 0x00000007ff600000|100%| O|  |TAMS 0x00000007ff600000, 0x00000007ff400000| Untracked 
|2037|0x00000007ff600000, 0x00000007ff800000, 0x00000007ff800000|100%| O|  |TAMS 0x00000007ff800000, 0x00000007ff600000| Untracked 
|2038|0x00000007ff800000, 0x00000007ffa00000, 0x00000007ffa00000|100%| O|  |TAMS 0x00000007ffa00000, 0x00000007ff800000| Untracked 
|2039|0x00000007ffa00000, 0x00000007ffc00000, 0x00000007ffc00000|100%| O|  |TAMS 0x00000007ffc00000, 0x00000007ffa00000| Untracked 
|2040|0x00000007ffc00000, 0x00000007ffe00000, 0x00000007ffe00000|100%| O|  |TAMS 0x00000007ffe00000, 0x00000007ffc00000| Untracked 
|2041|0x00000007ffe00000, 0x0000000800000000, 0x0000000800000000|100%| O|  |TAMS 0x0000000800000000, 0x00000007ffe00000| Untracked 

Card table byte_map: [0x0000021059840000,0x000002105a040000] _byte_map_base: 0x000002105603a000

Marking Bits (Prev, Next): (CMBitMap*) 0x00000210402aea60, (CMBitMap*) 0x00000210402aea20
 Prev Bits: [0x000002105e810000, 0x00000210627e0000)
 Next Bits: [0x000002105a840000, 0x000002105e810000)

Polling page: 0x00000210402e0000

Metaspace:

Usage:
  Non-class:     92.34 MB used.
      Class:     15.94 MB used.
       Both:    108.28 MB used.

Virtual space:
  Non-class space:      128.00 MB reserved,      93.25 MB ( 73%) committed,  2 nodes.
      Class space:        1.00 GB reserved,      16.69 MB (  2%) committed,  1 nodes.
             Both:        1.12 GB reserved,     109.94 MB ( 10%) committed. 

Chunk freelists:
   Non-Class:  2.77 MB
       Class:  15.18 MB
        Both:  17.96 MB

MaxMetaspaceSize: unlimited
CompressedClassSpaceSize: 1.00 GB
Initial GC threshold: 21.00 MB
Current GC threshold: 183.25 MB
CDS: on
MetaspaceReclaimPolicy: balanced
 - commit_granule_bytes: 65536.
 - commit_granule_words: 8192.
 - virtual_space_node_default_size: 8388608.
 - enlarge_chunks_in_place: 1.
 - new_chunks_are_fully_committed: 0.
 - uncommit_free_chunks: 1.
 - use_allocation_guard: 0.
 - handle_deallocations: 1.


Internal statistics:

num_allocs_failed_limit: 12.
num_arena_births: 2708.
num_arena_deaths: 30.
num_vsnodes_births: 3.
num_vsnodes_deaths: 0.
num_space_committed: 1754.
num_space_uncommitted: 0.
num_chunks_returned_to_freelist: 56.
num_chunks_taken_from_freelist: 7469.
num_chunk_merges: 22.
num_chunk_splits: 4749.
num_chunks_enlarged: 3007.
num_inconsistent_stats: 0.

CodeHeap 'non-profiled nmethods': size=120000Kb used=13180Kb max_used=13180Kb free=106819Kb
 bounds [0x0000021051070000, 0x0000021051d50000, 0x00000210585a0000]
CodeHeap 'profiled nmethods': size=120000Kb used=24051Kb max_used=24051Kb free=95948Kb
 bounds [0x00000210495a0000, 0x000002104ad20000, 0x0000021050ad0000]
CodeHeap 'non-nmethods': size=5760Kb used=2385Kb max_used=2432Kb free=3374Kb
 bounds [0x0000021050ad0000, 0x0000021050d50000, 0x0000021051070000]
 total_blobs=17035 nmethods=15015 adapters=1931
 compilation: enabled
              stopped_count=0, restarted_count=0
 full_count=0

Compilation events (20 events):
Event: 25.613 Thread 0x000002106533cb40 20743       3       net.minecraft.server.level.ServerChunkCache::runDistanceManagerUpdates (36 bytes)
Event: 25.614 Thread 0x000002106533cb40 nmethod 20743 0x000002104ad11690 code [0x000002104ad118a0, 0x000002104ad11dc8]
Event: 25.614 Thread 0x000002106533cb40 20744       3       net.minecraft.server.level.ThreadedLevelLightEngine::tryScheduleUpdate (45 bytes)
Event: 25.615 Thread 0x000002106533cb40 nmethod 20744 0x000002104ad12010 code [0x000002104ad12300, 0x000002104ad133c8]
Event: 25.615 Thread 0x000002106533cb40 20745       3       com.mojang.serialization.codecs.RecordCodecBuilder$Instance$3::toString (27 bytes)
Event: 25.616 Thread 0x000002106533cb40 nmethod 20745 0x000002104ad13a10 code [0x000002104ad13e80, 0x000002104ad16828]
Event: 25.616 Thread 0x000002106533cb40 20746       3       java.util.concurrent.CompletableFuture$Completion::run (7 bytes)
Event: 25.617 Thread 0x000002106533cb40 nmethod 20746 0x000002104ad17710 code [0x000002104ad178c0, 0x000002104ad17a88]
Event: 25.617 Thread 0x00000210b809ae70 nmethod 20734 0x0000021051d48810 code [0x0000021051d48aa0, 0x0000021051d49e60]
Event: 25.617 Thread 0x00000210b8096410 nmethod 20739 0x0000021051d4ad10 code [0x0000021051d4af20, 0x0000021051d4bad8]
Event: 25.617 Thread 0x00000210b809ae70 20740       4       net.minecraft.util.CrudeIncrementalIntIdentityHashBiMap::addMapping (119 bytes)
Event: 25.617 Thread 0x00000210b8096410 20741       4       java.util.stream.Nodes$FixedNodeBuilder::end (51 bytes)
Event: 25.618 Thread 0x00000210b8096410 nmethod 20741 0x0000021051d4c090 code [0x0000021051d4c220, 0x0000021051d4c2d8]
Event: 25.618 Thread 0x00000210b8096410 20747   !   4       java.util.concurrent.SynchronousQueue$TransferStack::transfer (541 bytes)
Event: 25.618 Thread 0x0000021065329410 nmethod 20735 0x0000021051d4c390 code [0x0000021051d4c620, 0x0000021051d4d900]
Event: 25.623 Thread 0x000002106533cb40 20748   !   3       java.util.concurrent.CompletableFuture$UniAccept::tryFire (149 bytes)
Event: 25.624 Thread 0x00000210b809ae70 nmethod 20740 0x0000021051d4e690 code [0x0000021051d4e880, 0x0000021051d4ee58]
Event: 25.624 Thread 0x000002106533cb40 nmethod 20748 0x000002104ad17b10 code [0x000002104ad17f60, 0x000002104ad1a078]
Event: 25.626 Thread 0x000002106533cb40 20749   !   3       net.minecraft.nbt.CompoundTag::getList (78 bytes)
Event: 25.627 Thread 0x000002106533cb40 nmethod 20749 0x000002104ad1ab90 code [0x000002104ad1aec0, 0x000002104ad1c4f8]

GC Heap History (20 events):
Event: 13.395 GC heap after
{Heap after GC invocations=28 (full 0):
 garbage-first heap   total 456704K, used 206295K [0x0000000700c00000, 0x0000000800000000)
  region size 2048K, 10 young (20480K), 10 survivors (20480K)
 Metaspace       used 93172K, committed 94720K, reserved 1179648K
  class space    used 13755K, committed 14464K, reserved 1048576K
}
Event: 13.400 GC heap before
{Heap before GC invocations=28 (full 0):
 garbage-first heap   total 456704K, used 208343K [0x0000000700c00000, 0x0000000800000000)
  region size 2048K, 11 young (22528K), 10 survivors (20480K)
 Metaspace       used 93208K, committed 94784K, reserved 1179648K
  class space    used 13757K, committed 14464K, reserved 1048576K
}
Event: 13.408 GC heap after
{Heap after GC invocations=29 (full 0):
 garbage-first heap   total 456704K, used 207180K [0x0000000700c00000, 0x0000000800000000)
  region size 2048K, 2 young (4096K), 2 survivors (4096K)
 Metaspace       used 93208K, committed 94784K, reserved 1179648K
  class space    used 13757K, committed 14464K, reserved 1048576K
}
Event: 13.636 GC heap before
{Heap before GC invocations=29 (full 0):
 garbage-first heap   total 456704K, used 366924K [0x0000000700c00000, 0x0000000800000000)
  region size 2048K, 81 young (165888K), 2 survivors (4096K)
 Metaspace       used 94593K, committed 96128K, reserved 1179648K
  class space    used 13947K, committed 14656K, reserved 1048576K
}
Event: 13.649 GC heap after
{Heap after GC invocations=30 (full 0):
 garbage-first heap   total 1071104K, used 219244K [0x0000000700c00000, 0x0000000800000000)
  region size 2048K, 8 young (16384K), 8 survivors (16384K)
 Metaspace       used 94593K, committed 96128K, reserved 1179648K
  class space    used 13947K, committed 14656K, reserved 1048576K
}
Event: 14.709 GC heap before
{Heap before GC invocations=30 (full 0):
 garbage-first heap   total 1071104K, used 790636K [0x0000000700c00000, 0x0000000800000000)
  region size 2048K, 282 young (577536K), 8 survivors (16384K)
 Metaspace       used 95819K, committed 97408K, reserved 1179648K
  class space    used 14097K, committed 14784K, reserved 1048576K
}
Event: 14.732 GC heap after
{Heap after GC invocations=31 (full 0):
 garbage-first heap   total 1071104K, used 243139K [0x0000000700c00000, 0x0000000800000000)
  region size 2048K, 20 young (40960K), 20 survivors (40960K)
 Metaspace       used 95819K, committed 97408K, reserved 1179648K
  class space    used 14097K, committed 14784K, reserved 1048576K
}
Event: 20.498 GC heap before
{Heap before GC invocations=31 (full 0):
 garbage-first heap   total 1071104K, used 828867K [0x0000000700c00000, 0x0000000800000000)
  region size 2048K, 300 young (614400K), 20 survivors (40960K)
 Metaspace       used 100190K, committed 101888K, reserved 1179648K
  class space    used 14694K, committed 15424K, reserved 1048576K
}
Event: 20.538 GC heap after
{Heap after GC invocations=32 (full 0):
 garbage-first heap   total 1071104K, used 308208K [0x0000000700c00000, 0x0000000800000000)
  region size 2048K, 38 young (77824K), 38 survivors (77824K)
 Metaspace       used 100190K, committed 101888K, reserved 1179648K
  class space    used 14694K, committed 15424K, reserved 1048576K
}
Event: 21.704 GC heap before
{Heap before GC invocations=32 (full 0):
 garbage-first heap   total 1071104K, used 830448K [0x0000000700c00000, 0x0000000800000000)
  region size 2048K, 293 young (600064K), 38 survivors (77824K)
 Metaspace       used 104799K, committed 106560K, reserved 1179648K
  class space    used 15534K, committed 16320K, reserved 1048576K
}
Event: 21.744 GC heap after
{Heap after GC invocations=33 (full 0):
 garbage-first heap   total 1071104K, used 325580K [0x0000000700c00000, 0x0000000800000000)
  region size 2048K, 13 young (26624K), 13 survivors (26624K)
 Metaspace       used 104799K, committed 106560K, reserved 1179648K
  class space    used 15534K, committed 16320K, reserved 1048576K
}
Event: 24.238 GC heap before
{Heap before GC invocations=33 (full 0):
 garbage-first heap   total 1071104K, used 851916K [0x0000000700c00000, 0x0000000800000000)
  region size 2048K, 270 young (552960K), 13 survivors (26624K)
 Metaspace       used 109853K, committed 111552K, reserved 1179648K
  class space    used 16214K, committed 16960K, reserved 1048576K
}
Event: 24.278 GC heap after
{Heap after GC invocations=34 (full 0):
 garbage-first heap   total 1071104K, used 393216K [0x0000000700c00000, 0x0000000800000000)
  region size 2048K, 34 young (69632K), 34 survivors (69632K)
 Metaspace       used 109853K, committed 111552K, reserved 1179648K
  class space    used 16214K, committed 16960K, reserved 1048576K
}
Event: 24.566 GC heap before
{Heap before GC invocations=34 (full 0):
 garbage-first heap   total 1071104K, used 819200K [0x0000000700c00000, 0x0000000800000000)
  region size 2048K, 242 young (495616K), 34 survivors (69632K)
 Metaspace       used 109899K, committed 111616K, reserved 1179648K
  class space    used 16215K, committed 16960K, reserved 1048576K
}
Event: 24.714 GC heap after
{Heap after GC invocations=35 (full 0):
 garbage-first heap   total 1161216K, used 664927K [0x0000000700c00000, 0x0000000800000000)
  region size 2048K, 31 young (63488K), 31 survivors (63488K)
 Metaspace       used 109899K, committed 111616K, reserved 1179648K
  class space    used 16215K, committed 16960K, reserved 1048576K
}
Event: 24.807 GC heap before
{Heap before GC invocations=35 (full 0):
 garbage-first heap   total 1161216K, used 857439K [0x0000000700c00000, 0x0000000800000000)
  region size 2048K, 125 young (256000K), 31 survivors (63488K)
 Metaspace       used 109941K, committed 111616K, reserved 1179648K
  class space    used 16216K, committed 16960K, reserved 1048576K
}
Event: 24.892 GC heap after
{Heap after GC invocations=36 (full 0):
 garbage-first heap   total 1161216K, used 779264K [0x0000000700c00000, 0x0000000800000000)
  region size 2048K, 16 young (32768K), 16 survivors (32768K)
 Metaspace       used 109941K, committed 111616K, reserved 1179648K
  class space    used 16216K, committed 16960K, reserved 1048576K
}
Event: 25.323 GC heap before
{Heap before GC invocations=36 (full 0):
 garbage-first heap   total 1161216K, used 896000K [0x0000000700c00000, 0x0000000800000000)
  region size 2048K, 73 young (149504K), 16 survivors (32768K)
 Metaspace       used 110877K, committed 112576K, reserved 1179648K
  class space    used 16334K, committed 17088K, reserved 1048576K
}
Event: 25.351 GC heap after
{Heap after GC invocations=37 (full 0):
 garbage-first heap   total 1161216K, used 807936K [0x0000000700c00000, 0x0000000800000000)
  region size 2048K, 10 young (20480K), 10 survivors (20480K)
 Metaspace       used 110877K, committed 112576K, reserved 1179648K
  class space    used 16334K, committed 17088K, reserved 1048576K
}
Event: 25.632 GC heap before
{Heap before GC invocations=37 (full 0):
 garbage-first heap   total 1376256K, used 918528K [0x0000000700c00000, 0x0000000800000000)
  region size 2048K, 64 young (131072K), 10 survivors (20480K)
 Metaspace       used 110881K, committed 112576K, reserved 1179648K
  class space    used 16326K, committed 17088K, reserved 1048576K
}

Dll operation events (15 events):
Event: 0.005 Loaded shared library C:\Users\poe09\.jdks\temurin-17.0.20.1\bin\java.dll
Event: 0.019 Loaded shared library C:\Users\poe09\.jdks\temurin-17.0.20.1\bin\jsvml.dll
Event: 0.127 Loaded shared library C:\Users\poe09\.jdks\temurin-17.0.20.1\bin\net.dll
Event: 0.128 Loaded shared library C:\Users\poe09\.jdks\temurin-17.0.20.1\bin\nio.dll
Event: 0.131 Loaded shared library C:\Users\poe09\.jdks\temurin-17.0.20.1\bin\zip.dll
Event: 0.187 Loaded shared library C:\Users\poe09\.jdks\temurin-17.0.20.1\bin\jimage.dll
Event: 0.515 Loaded shared library C:\Users\poe09\.jdks\temurin-17.0.20.1\bin\verify.dll
Event: 2.226 Loaded shared library C:\Users\poe09\.jdks\temurin-17.0.20.1\bin\management.dll
Event: 2.228 Loaded shared library C:\Users\poe09\.jdks\temurin-17.0.20.1\bin\management_ext.dll
Event: 2.793 Loaded shared library C:\Users\poe09\AppData\Local\Temp\lwjglwhite0hat1\3.3.1-build-7\lwjgl.dll
Event: 3.089 Loaded shared library C:\Users\poe09\AppData\Local\Temp\lwjglwhite0hat1\3.3.1-build-7\lwjgl_stb.dll
Event: 3.163 Loaded shared library C:\Users\poe09\AppData\Local\Temp\lwjglwhite0hat1\3.3.1-build-7\lwjgl_opengl.dll
Event: 5.866 Loaded shared library C:\Users\poe09\AppData\Local\Temp\jna-214797981\jna17648080753213594702.dll
Event: 11.295 Loaded shared library C:\Users\poe09\.jdks\temurin-17.0.20.1\bin\sunmscapi.dll
Event: 11.438 Loaded shared library C:\Users\poe09\.jdks\temurin-17.0.20.1\bin\extnet.dll

Deoptimization events (20 events):
Event: 25.303 Thread 0x00000210af0bcc50 Uncommon trap: trap_request=0xffffffc6 fr.pc=0x0000021051c28a50 relative=0x00000000000007b0
Event: 25.303 Thread 0x00000210af0bcc50 Uncommon trap: reason=bimorphic_or_optimized_type_check action=maybe_recompile pc=0x0000021051c28a50 method=net.minecraft.world.level.lighting.DynamicGraphMinFixedPoint.checkEdge(JJIIIZ)V @ 2 c2
Event: 25.303 Thread 0x00000210af0bcc50 DEOPT PACKING pc=0x0000021051c28a50 sp=0x0000001ed95fdca0
Event: 25.303 Thread 0x00000210af0bcc50 DEOPT UNPACKING pc=0x0000021050b269a3 sp=0x0000001ed95fdc40 mode 2
Event: 25.353 Thread 0x00000210b8ffd820 DEOPT PACKING pc=0x000002104ac362fe sp=0x0000001ed9eff070
Event: 25.353 Thread 0x00000210b8ffd820 DEOPT UNPACKING pc=0x0000021050b27143 sp=0x0000001ed9efe5c0 mode 0
Event: 25.361 Thread 0x00000210b8ffd820 DEOPT PACKING pc=0x000002104ac362fe sp=0x0000001ed9eff070
Event: 25.361 Thread 0x00000210b8ffd820 DEOPT UNPACKING pc=0x0000021050b27143 sp=0x0000001ed9efe5c0 mode 0
Event: 25.370 Thread 0x00000210b8fffb90 DEOPT PACKING pc=0x000002104ac362fe sp=0x0000001ed9afed90
Event: 25.370 Thread 0x00000210b8fffb90 DEOPT UNPACKING pc=0x0000021050b27143 sp=0x0000001ed9afe2e0 mode 0
Event: 25.377 Thread 0x00000210b8fffb90 DEOPT PACKING pc=0x000002104ac362fe sp=0x0000001ed9afed90
Event: 25.377 Thread 0x00000210b8fffb90 DEOPT UNPACKING pc=0x0000021050b27143 sp=0x0000001ed9afe2e0 mode 0
Event: 25.458 Thread 0x00000210af0bcc50 Uncommon trap: trap_request=0xffffff6e fr.pc=0x0000021051d25a54 relative=0x0000000000000614
Event: 25.458 Thread 0x00000210af0bcc50 Uncommon trap: reason=loop_limit_check action=maybe_recompile pc=0x0000021051d25a54 method=it.unimi.dsi.fastutil.ints.Int2IntOpenHashMap$MapEntrySet.forEach(Ljava/util/function/Consumer;)V @ 65 c2
Event: 25.458 Thread 0x00000210af0bcc50 DEOPT PACKING pc=0x0000021051d25a54 sp=0x0000001ed95fe2a0
Event: 25.458 Thread 0x00000210af0bcc50 DEOPT UNPACKING pc=0x0000021050b269a3 sp=0x0000001ed95fe248 mode 2
Event: 25.471 Thread 0x00000210b9004270 Uncommon trap: trap_request=0xffffff45 fr.pc=0x0000021051d28f54 relative=0x0000000000001014
Event: 25.471 Thread 0x00000210b9004270 Uncommon trap: reason=unstable_if action=reinterpret pc=0x0000021051d28f54 method=it.unimi.dsi.fastutil.longs.Long2ObjectLinkedOpenHashMap.removeFirst()Ljava/lang/Object; @ 36 c2
Event: 25.471 Thread 0x00000210b9004270 DEOPT PACKING pc=0x0000021051d28f54 sp=0x0000001ed99ff3b0
Event: 25.471 Thread 0x00000210b9004270 DEOPT UNPACKING pc=0x0000021050b269a3 sp=0x0000001ed99ff2f8 mode 2

Classes loaded (20 events):
Event: 22.974 Loading class java/util/stream/Nodes$LongArrayNode done
Event: 22.974 Loading class java/util/stream/Nodes$LongFixedNodeBuilder done
Event: 22.974 Loading class java/util/stream/SliceOps$3$1
Event: 22.975 Loading class java/util/stream/Sink$ChainedLong
Event: 22.975 Loading class java/util/stream/Sink$ChainedLong done
Event: 22.975 Loading class java/util/stream/SliceOps$3$1 done
Event: 24.120 Loading class java/nio/DirectIntBufferS
Event: 24.120 Loading class java/nio/DirectIntBufferS done
Event: 24.962 Loading class java/util/stream/LongPipeline$9
Event: 24.963 Loading class java/util/stream/LongPipeline$StatelessOp
Event: 24.963 Loading class java/util/stream/LongPipeline$StatelessOp done
Event: 24.963 Loading class java/util/stream/LongPipeline$9 done
Event: 24.963 Loading class java/util/stream/Nodes$LongSpinedNodeBuilder
Event: 24.963 Loading class java/util/stream/SpinedBuffer$OfLong
Event: 24.963 Loading class java/util/stream/SpinedBuffer$OfLong done
Event: 24.963 Loading class java/util/stream/Nodes$LongSpinedNodeBuilder done
Event: 24.965 Loading class java/util/stream/LongPipeline$9$1
Event: 24.965 Loading class java/util/stream/LongPipeline$9$1 done
Event: 25.181 Loading class java/util/Spliterators$IntArraySpliterator
Event: 25.181 Loading class java/util/Spliterators$IntArraySpliterator done

Classes unloaded (15 events):
Event: 25.401 Thread 0x00000210653040a0 Unloading class 0x00000210680a1400 'java/lang/invoke/LambdaForm$DMH+0x00000210680a1400'
Event: 25.401 Thread 0x00000210653040a0 Unloading class 0x00000210680a1000 'java/lang/invoke/LambdaForm$DMH+0x00000210680a1000'
Event: 25.401 Thread 0x00000210653040a0 Unloading class 0x00000210680a0800 'java/lang/invoke/LambdaForm$MH+0x00000210680a0800'
Event: 25.401 Thread 0x00000210653040a0 Unloading class 0x00000210680a0400 'java/lang/invoke/LambdaForm$MH+0x00000210680a0400'
Event: 25.401 Thread 0x00000210653040a0 Unloading class 0x00000210680a0000 'java/lang/invoke/LambdaForm$MH+0x00000210680a0000'
Event: 25.401 Thread 0x00000210653040a0 Unloading class 0x000002106809dc00 'java/lang/invoke/LambdaForm$DMH+0x000002106809dc00'
Event: 25.401 Thread 0x00000210653040a0 Unloading class 0x000002106809d800 'java/lang/invoke/LambdaForm$MH+0x000002106809d800'
Event: 25.401 Thread 0x00000210653040a0 Unloading class 0x000002106809cc00 'java/lang/invoke/LambdaForm$DMH+0x000002106809cc00'
Event: 25.401 Thread 0x00000210653040a0 Unloading class 0x000002106809d000 'java/lang/invoke/LambdaForm$DMH+0x000002106809d000'
Event: 25.401 Thread 0x00000210653040a0 Unloading class 0x0000021067ee4800 'java/lang/invoke/LambdaForm$DMH+0x0000021067ee4800'
Event: 25.401 Thread 0x00000210653040a0 Unloading class 0x0000021067ee4400 'java/lang/invoke/LambdaForm$DMH+0x0000021067ee4400'
Event: 25.401 Thread 0x00000210653040a0 Unloading class 0x0000021067e40400 'java/lang/invoke/LambdaForm$DMH+0x0000021067e40400'
Event: 25.401 Thread 0x00000210653040a0 Unloading class 0x0000021067e40800 'java/lang/invoke/LambdaForm$DMH+0x0000021067e40800'
Event: 25.401 Thread 0x00000210653040a0 Unloading class 0x0000021067e18000 'java/lang/invoke/LambdaForm$DMH+0x0000021067e18000'
Event: 25.401 Thread 0x00000210653040a0 Unloading class 0x0000021067e18400 'java/lang/invoke/LambdaForm$DMH+0x0000021067e18400'

Classes redefined (0 events):
No events

Internal exceptions (20 events):
Event: 22.902 Thread 0x00000210b9004270 Exception <a 'java/lang/NoSuchMethodError'{0x000000072be97070}: 'long java.lang.invoke.DirectMethodHandle$Holder.invokeVirtual(java.lang.Object, java.lang.Object, java.lang.Object)'> (0x000000072be97070) 
thrown [s\src\hotspot\share\interpreter\linkResolver.cpp, line 759]
Event: 22.902 Thread 0x00000210b90005b0 Exception <a 'java/lang/NoSuchMethodError'{0x000000072bf6d508}: 'long java.lang.invoke.DirectMethodHandle$Holder.invokeVirtual(java.lang.Object, java.lang.Object, java.lang.Object)'> (0x000000072bf6d508) 
thrown [s\src\hotspot\share\interpreter\linkResolver.cpp, line 759]
Event: 22.902 Thread 0x00000210b8fffb90 Exception <a 'java/lang/NoSuchMethodError'{0x000000072bffe6e0}: 'long java.lang.invoke.DirectMethodHandle$Holder.invokeVirtual(java.lang.Object, java.lang.Object, java.lang.Object)'> (0x000000072bffe6e0) 
thrown [s\src\hotspot\share\interpreter\linkResolver.cpp, line 759]
Event: 24.076 Thread 0x00000210af0bcc50 Exception <a 'java/lang/NoSuchMethodError'{0x00000007287827b0}: 'java.lang.Object java.lang.invoke.DirectMethodHandle$Holder.invokeSpecial(java.lang.Object, java.lang.Object, double, double, double, double)'> (0x00000007287827b0) 
thrown [s\src\hotspot\share\interpreter\linkResolver.cpp, line 759]
Event: 24.114 Thread 0x00000210b8ffd820 Exception <a 'java/lang/NoSuchMethodError'{0x0000000728868a50}: 'java.lang.Object java.lang.invoke.DirectMethodHandle$Holder.newInvokeSpecial(java.lang.Object, int, java.lang.Object, int)'> (0x0000000728868a50) 
thrown [s\src\hotspot\share\interpreter\linkResolver.cpp, line 759]
Event: 24.116 Thread 0x00000210b90019f0 Exception <a 'sun/nio/fs/WindowsException'{0x0000000728001a98}> (0x0000000728001a98) 
thrown [s\src\hotspot\share\prims\jni.cpp, line 516]
Event: 24.121 Thread 0x00000210af0bcc50 Exception <a 'java/lang/NoSuchMethodError'{0x00000007280da348}: 'java.lang.Object java.lang.invoke.DirectMethodHandle$Holder.invokeSpecial(java.lang.Object, java.lang.Object, int, int, int, java.lang.Object)'> (0x00000007280da348) 
thrown [s\src\hotspot\share\interpreter\linkResolver.cpp, line 759]
Event: 24.122 Thread 0x00000210af0bcc50 Exception <a 'java/lang/NoSuchMethodError'{0x00000007280e4f00}: 'java.lang.Object java.lang.invoke.Invokers$Holder.linkToTargetMethod(java.lang.Object, int, int, int, java.lang.Object)'> (0x00000007280e4f00) 
thrown [s\src\hotspot\share\interpreter\linkResolver.cpp, line 759]
Event: 24.314 Thread 0x00000210b90019f0 Exception <a 'sun/nio/fs/WindowsException'{0x0000000740043360}> (0x0000000740043360) 
thrown [s\src\hotspot\share\prims\jni.cpp, line 516]
Event: 24.338 Thread 0x00000210ad83c6b0 Exception <a 'sun/nio/fs/WindowsException'{0x000000073eb92060}> (0x000000073eb92060) 
thrown [s\src\hotspot\share\prims\jni.cpp, line 516]
Event: 24.349 Thread 0x00000210ad83c6b0 Exception <a 'sun/nio/fs/WindowsException'{0x000000073de487a8}> (0x000000073de487a8) 
thrown [s\src\hotspot\share\prims\jni.cpp, line 516]
Event: 24.910 Thread 0x00000210af0bcc50 Exception <a 'java/lang/NoSuchMethodError'{0x0000000741d288a0}: 'java.lang.Object java.lang.invoke.DirectMethodHandle$Holder.invokeStatic(java.lang.Object, int, java.lang.Object, java.lang.Object, java.lang.Object)'> (0x0000000741d288a0) 
thrown [s\src\hotspot\share\interpreter\linkResolver.cpp, line 759]
Event: 24.911 Thread 0x00000210af0bcc50 Exception <a 'java/lang/NoSuchMethodError'{0x0000000741d2c408}: 'java.lang.Object java.lang.invoke.DirectMethodHandle$Holder.invokeStaticInit(java.lang.Object, int, java.lang.Object, java.lang.Object, java.lang.Object)'> (0x0000000741d2c408) 
thrown [s\src\hotspot\share\interpreter\linkResolver.cpp, line 759]
Event: 24.935 Thread 0x00000210ad83c6b0 Exception <a 'sun/nio/fs/WindowsException'{0x0000000740de86b8}> (0x0000000740de86b8) 
thrown [s\src\hotspot\share\prims\jni.cpp, line 516]
Event: 24.945 Thread 0x00000210b8fffb90 Exception <a 'java/lang/NoSuchMethodError'{0x0000000740a07c78}: 'java.lang.Object java.lang.invoke.DirectMethodHandle$Holder.invokeSpecial(java.lang.Object, java.lang.Object, long, java.lang.Object)'> (0x0000000740a07c78) 
thrown [s\src\hotspot\share\interpreter\linkResolver.cpp, line 759]
Event: 24.947 Thread 0x00000210b8fffb90 Exception <a 'java/lang/IncompatibleClassChangeError'{0x0000000740bc1608}: Found class java.lang.Object, but interface was expected> (0x0000000740bc1608) 
thrown [s\src\hotspot\share\interpreter\linkResolver.cpp, line 826]
Event: 25.116 Thread 0x00000210af0bcc50 Exception <a 'java/lang/NoSuchMethodError'{0x000000073f0735d0}: 'java.lang.Object java.lang.invoke.DirectMethodHandle$Holder.newInvokeSpecial(java.lang.Object, long, java.lang.Object)'> (0x000000073f0735d0) 
thrown [s\src\hotspot\share\interpreter\linkResolver.cpp, line 759]
Event: 25.291 Thread 0x00000210af0bcc50 Exception <a 'java/lang/NoSuchMethodError'{0x000000073ba37dc0}: 'java.lang.Object java.lang.invoke.DirectMethodHandle$Holder.newInvokeSpecial(java.lang.Object, java.lang.Object, long, int)'> (0x000000073ba37dc0) 
thrown [s\src\hotspot\share\interpreter\linkResolver.cpp, line 759]
Event: 25.291 Thread 0x00000210af0bcc50 Exception <a 'java/lang/NoSuchMethodError'{0x000000073ba3be40}: 'java.lang.Object java.lang.invoke.DirectMethodHandle$Holder.invokeSpecial(java.lang.Object, java.lang.Object, java.lang.Object, long, int)'> (0x000000073ba3be40) 
thrown [s\src\hotspot\share\interpreter\linkResolver.cpp, line 759]
Event: 25.291 Thread 0x00000210af0bcc50 Exception <a 'java/lang/NoSuchMethodError'{0x000000073ba3f908}: 'java.lang.Object java.lang.invoke.Invokers$Holder.linkToTargetMethod(java.lang.Object, long, int, java.lang.Object)'> (0x000000073ba3f908) 
thrown [s\src\hotspot\share\interpreter\linkResolver.cpp, line 759]

VM Operations (20 events):
Event: 24.919 Executing VM operation: HandshakeAllThreads done
Event: 24.958 Executing VM operation: HandshakeAllThreads
Event: 24.959 Executing VM operation: HandshakeAllThreads done
Event: 24.965 Executing VM operation: HandshakeAllThreads
Event: 24.965 Executing VM operation: HandshakeAllThreads done
Event: 24.975 Executing VM operation: HandshakeAllThreads
Event: 24.975 Executing VM operation: HandshakeAllThreads done
Event: 24.978 Executing VM operation: HandshakeAllThreads
Event: 24.978 Executing VM operation: HandshakeAllThreads done
Event: 25.137 Executing VM operation: HandshakeAllThreads
Event: 25.137 Executing VM operation: HandshakeAllThreads done
Event: 25.148 Executing VM operation: ICBufferFull
Event: 25.148 Executing VM operation: ICBufferFull done
Event: 25.238 Executing VM operation: ICBufferFull
Event: 25.239 Executing VM operation: ICBufferFull done
Event: 25.323 Executing VM operation: G1CollectForAllocation
Event: 25.351 Executing VM operation: G1CollectForAllocation done
Event: 25.380 Executing VM operation: G1PauseRemark
Event: 25.412 Executing VM operation: G1PauseRemark done
Event: 25.631 Executing VM operation: G1CollectForAllocation

Memory protections (0 events):
No events

Nmethod flushes (20 events):
Event: 25.144 Thread 0x00000210653490a0 flushing  nmethod 0x0000021049710d10
Event: 25.146 Thread 0x00000210653490a0 flushing  nmethod 0x0000021049acb990
Event: 25.146 Thread 0x00000210653490a0 flushing  nmethod 0x0000021049ada690
Event: 25.147 Thread 0x00000210653490a0 flushing  nmethod 0x0000021049c0f490
Event: 25.149 Thread 0x00000210653490a0 flushing  nmethod 0x0000021049ddad10
Event: 25.149 Thread 0x00000210653490a0 flushing  nmethod 0x0000021049ee1010
Event: 25.150 Thread 0x00000210653490a0 flushing  nmethod 0x000002104a006110
Event: 25.151 Thread 0x00000210653490a0 flushing  nmethod 0x000002104a0cf010
Event: 25.153 Thread 0x00000210653490a0 flushing  nmethod 0x000002104a378110
Event: 25.154 Thread 0x00000210653490a0 flushing  nmethod 0x000002104a472210
Event: 25.154 Thread 0x00000210653490a0 flushing  nmethod 0x000002104a4bcb90
Event: 25.154 Thread 0x00000210653490a0 flushing  nmethod 0x000002104a4bd090
Event: 25.156 Thread 0x00000210653490a0 flushing  nmethod 0x000002104a771190
Event: 25.157 Thread 0x00000210653490a0 flushing  nmethod 0x000002104a850610
Event: 25.159 Thread 0x00000210653490a0 flushing  nmethod 0x000002104aaaf810
Event: 25.159 Thread 0x00000210653490a0 flushing  nmethod 0x000002104ab52690
Event: 25.159 Thread 0x00000210653490a0 flushing  nmethod 0x000002104ab86510
Event: 25.159 Thread 0x00000210653490a0 flushing  nmethod 0x000002104ab87910
Event: 25.159 Thread 0x00000210653490a0 flushing  nmethod 0x000002104ab8b490
Event: 25.159 Thread 0x00000210653490a0 flushing  nmethod 0x000002104ab8b810

Events (20 events):
Event: 20.331 Thread 0x000002106533cb40 Thread added: 0x00000210b8096410
Event: 20.334 Thread 0x000002106533cb40 Thread added: 0x00000210b809c3b0
Event: 20.697 Thread 0x00000210b809c3b0 Thread exited: 0x00000210b809c3b0
Event: 20.698 Thread 0x00000210b8096410 Thread exited: 0x00000210b8096410
Event: 20.786 Thread 0x000002106533cb40 Thread added: 0x00000210b8098e90
Event: 20.786 Thread 0x000002106533cb40 Thread added: 0x00000210b8096410
Event: 21.862 Thread 0x00000210af0b94a0 Thread exited: 0x00000210af0b94a0
Event: 22.350 Thread 0x00000210b8096410 Thread exited: 0x00000210b8096410
Event: 22.350 Thread 0x00000210b8098e90 Thread exited: 0x00000210b8098e90
Event: 22.434 Thread 0x00000210af0beab0 Thread exited: 0x00000210af0beab0
Event: 22.435 Thread 0x0000021040240320 Thread added: 0x00000210af0beab0
Event: 22.451 Thread 0x000002106533cb40 Thread added: 0x00000210b809ae70
Event: 22.512 Thread 0x0000021040240320 Thread added: 0x00000210af0bcc50
Event: 22.544 Thread 0x000002106533cb40 Thread added: 0x00000210b8098940
Event: 22.573 Thread 0x00000210af0bcc50 Thread added: 0x00000210ad83c1a0
Event: 23.518 Thread 0x00000210b8098940 Thread exited: 0x00000210b8098940
Event: 24.108 Thread 0x000002106533cb40 Thread added: 0x00000210b8096410
Event: 24.126 Thread 0x00000210b90019f0 Thread added: 0x00000210ad83c6b0
Event: 24.746 Thread 0x00000210b90019f0 Thread added: 0x00000210ad8389f0
Event: 24.937 Thread 0x00000210b90019f0 Thread added: 0x00000210ab908a90


Dynamic libraries:
0x00007ff7041a0000 - 0x00007ff7041ae000 	C:\Users\poe09\.jdks\temurin-17.0.20.1\bin\java.exe
0x00007fffef910000 - 0x00007fffefb08000 	C:\Windows\SYSTEM32\ntdll.dll
0x00007fffef050000 - 0x00007fffef111000 	C:\Windows\System32\KERNEL32.DLL
0x00007fffed420000 - 0x00007fffed71d000 	C:\Windows\System32\KERNELBASE.dll
0x00007fffed320000 - 0x00007fffed420000 	C:\Windows\System32\ucrtbase.dll
0x00007fffb3660000 - 0x00007fffb3678000 	C:\Users\poe09\.jdks\temurin-17.0.20.1\bin\jli.dll
0x00007fffb35d0000 - 0x00007fffb35ee000 	C:\Users\poe09\.jdks\temurin-17.0.20.1\bin\VCRUNTIME140.dll
0x00007fffef120000 - 0x00007fffef2bd000 	C:\Windows\System32\USER32.dll
0x00007fffed840000 - 0x00007fffed862000 	C:\Windows\System32\win32u.dll
0x00007fffcf080000 - 0x00007fffcf31a000 	C:\Windows\WinSxS\amd64_microsoft.windows.common-controls_6595b64144ccf1df_6.0.19041.4355_none_60b8b9eb71f62e16\COMCTL32.dll
0x00007fffef020000 - 0x00007fffef04b000 	C:\Windows\System32\GDI32.dll
0x00007fffef490000 - 0x00007fffef52e000 	C:\Windows\System32\msvcrt.dll
0x00007fffecf90000 - 0x00007fffed0a7000 	C:\Windows\System32\gdi32full.dll
0x00007fffed870000 - 0x00007fffed90d000 	C:\Windows\System32\msvcp_win.dll
0x00007fffee110000 - 0x00007fffee13f000 	C:\Windows\System32\IMM32.DLL
0x00007fffe9580000 - 0x00007fffe958c000 	C:\Users\poe09\.jdks\temurin-17.0.20.1\bin\vcruntime140_1.dll
0x00007fff9e130000 - 0x00007fff9e1bd000 	C:\Users\poe09\.jdks\temurin-17.0.20.1\bin\msvcp140.dll
0x00007fff01930000 - 0x00007fff0259c000 	C:\Users\poe09\.jdks\temurin-17.0.20.1\bin\server\jvm.dll
0x00007fffeef70000 - 0x00007fffef020000 	C:\Windows\System32\ADVAPI32.dll
0x00007fffef2c0000 - 0x00007fffef360000 	C:\Windows\System32\sechost.dll
0x00007fffee140000 - 0x00007fffee263000 	C:\Windows\System32\RPCRT4.dll
0x00007fffed0b0000 - 0x00007fffed0d7000 	C:\Windows\System32\bcrypt.dll
0x00007fffeef00000 - 0x00007fffeef6b000 	C:\Windows\System32\WS2_32.dll
0x00007fffec520000 - 0x00007fffec56b000 	C:\Windows\SYSTEM32\POWRPROF.dll
0x00007fffe31d0000 - 0x00007fffe31f7000 	C:\Windows\SYSTEM32\WINMM.dll
0x00007fffe6870000 - 0x00007fffe687a000 	C:\Windows\SYSTEM32\VERSION.dll
0x00007fffec390000 - 0x00007fffec3a2000 	C:\Windows\SYSTEM32\UMPDC.dll
0x00007fffead50000 - 0x00007fffead62000 	C:\Windows\SYSTEM32\kernel.appcore.dll
0x00007fffe9540000 - 0x00007fffe954a000 	C:\Users\poe09\.jdks\temurin-17.0.20.1\bin\jimage.dll
0x00007fffe2890000 - 0x00007fffe2a74000 	C:\Windows\SYSTEM32\DBGHELP.DLL
0x00007fffe1780000 - 0x00007fffe17b4000 	C:\Windows\SYSTEM32\dbgcore.DLL
0x00007fffed0e0000 - 0x00007fffed162000 	C:\Windows\System32\bcryptPrimitives.dll
0x00007fffaf4a0000 - 0x00007fffaf4c5000 	C:\Users\poe09\.jdks\temurin-17.0.20.1\bin\java.dll
0x00007fff9d380000 - 0x00007fff9d457000 	C:\Users\poe09\.jdks\temurin-17.0.20.1\bin\jsvml.dll
0x00007fffee270000 - 0x00007fffee9df000 	C:\Windows\System32\SHELL32.dll
0x00007fffeb030000 - 0x00007fffeb7d3000 	C:\Windows\SYSTEM32\windows.storage.dll
0x00007fffee9e0000 - 0x00007fffeed33000 	C:\Windows\System32\combase.dll
0x00007fffec9c0000 - 0x00007fffec9ee000 	C:\Windows\SYSTEM32\Wldp.dll
0x00007fffedbd0000 - 0x00007fffedc9d000 	C:\Windows\System32\OLEAUT32.dll
0x00007fffef640000 - 0x00007fffef6ed000 	C:\Windows\System32\SHCORE.dll
0x00007fffef560000 - 0x00007fffef5b5000 	C:\Windows\System32\shlwapi.dll
0x00007fffecec0000 - 0x00007fffecee4000 	C:\Windows\SYSTEM32\profapi.dll
0x00007fffb0500000 - 0x00007fffb051a000 	C:\Users\poe09\.jdks\temurin-17.0.20.1\bin\net.dll
0x00007fffe7ea0000 - 0x00007fffe7fad000 	C:\Windows\SYSTEM32\WINHTTP.dll
0x00007fffec720000 - 0x00007fffec78a000 	C:\Windows\system32\mswsock.dll
0x00007fffaee90000 - 0x00007fffaeea6000 	C:\Users\poe09\.jdks\temurin-17.0.20.1\bin\nio.dll
0x00007fffb2df0000 - 0x00007fffb2e08000 	C:\Users\poe09\.jdks\temurin-17.0.20.1\bin\zip.dll
0x00007fffc5780000 - 0x00007fffc5790000 	C:\Users\poe09\.jdks\temurin-17.0.20.1\bin\verify.dll
0x00007fffc4a70000 - 0x00007fffc4a7a000 	C:\Users\poe09\.jdks\temurin-17.0.20.1\bin\management.dll
0x00007fffb3270000 - 0x00007fffb327c000 	C:\Users\poe09\.jdks\temurin-17.0.20.1\bin\management_ext.dll
0x00007fffef480000 - 0x00007fffef488000 	C:\Windows\System32\PSAPI.DLL
0x00007fffc8ac0000 - 0x00007fffc8ad7000 	C:\Windows\system32\napinsp.dll
0x00007fffc8a70000 - 0x00007fffc8a8b000 	C:\Windows\system32\pnrpnsp.dll
0x00007fffc8a50000 - 0x00007fffc8a65000 	C:\Windows\system32\wshbth.dll
0x00007fffe92d0000 - 0x00007fffe92ed000 	C:\Windows\system32\NLAapi.dll
0x00007fffec3b0000 - 0x00007fffec3eb000 	C:\Windows\SYSTEM32\IPHLPAPI.DLL
0x00007fffec400000 - 0x00007fffec4ca000 	C:\Windows\SYSTEM32\DNSAPI.dll
0x00007fffef530000 - 0x00007fffef538000 	C:\Windows\System32\NSI.dll
0x00007fffc8a30000 - 0x00007fffc8a42000 	C:\Windows\System32\winrnr.dll
0x00007fffd65a0000 - 0x00007fffd65aa000 	C:\Windows\System32\rasadhlp.dll
0x00007fffd66c0000 - 0x00007fffd6740000 	C:\Windows\System32\fwpuclnt.dll
0x00007fffa0530000 - 0x00007fffa05a5000 	C:\Users\poe09\AppData\Local\Temp\lwjglwhite0hat1\3.3.1-build-7\lwjgl.dll
0x00007fff9f850000 - 0x00007fff9f8b1000 	C:\Users\poe09\AppData\Local\Temp\lwjglwhite0hat1\3.3.1-build-7\glfw.dll
0x00007fffa9680000 - 0x00007fffa96c5000 	C:\Windows\SYSTEM32\dinput8.dll
0x00007fffe69d0000 - 0x00007fffe69e1000 	C:\Windows\SYSTEM32\xinput1_4.dll
0x00007fffed170000 - 0x00007fffed1be000 	C:\Windows\System32\cfgmgr32.dll
0x00007fffecd20000 - 0x00007fffecd53000 	C:\Windows\SYSTEM32\DEVOBJ.dll
0x00007fffead20000 - 0x00007fffead4f000 	C:\Windows\SYSTEM32\dwmapi.dll
0x00007fffd6310000 - 0x00007fffd6462000 	C:\Windows\SYSTEM32\inputhost.dll
0x00007fffe9330000 - 0x00007fffe9487000 	C:\Windows\SYSTEM32\wintypes.dll
0x00007fffea000000 - 0x00007fffea0f2000 	C:\Windows\SYSTEM32\CoreMessaging.dll
0x00007fffe7b30000 - 0x00007fffe7c26000 	C:\Windows\SYSTEM32\PROPSYS.dll
0x00007fffe9ca0000 - 0x00007fffe9ffb000 	C:\Windows\SYSTEM32\CoreUIComponents.dll
0x00007fffec220000 - 0x00007fffec253000 	C:\Windows\SYSTEM32\ntmarta.dll
0x00007fffea940000 - 0x00007fffea9de000 	C:\Windows\system32\uxtheme.dll
0x00007fffef360000 - 0x00007fffef475000 	C:\Windows\System32\MSCTF.dll
0x00007fff9d460000 - 0x00007fff9d588000 	C:\Windows\SYSTEM32\opengl32.dll
0x00007fffb3680000 - 0x00007fffb36ac000 	C:\Windows\SYSTEM32\GLU32.dll
0x00007fffedb20000 - 0x00007fffedbc9000 	C:\Windows\System32\clbcatq.dll
0x00007ffe9e810000 - 0x00007ffea1135000 	C:\Windows\System32\DriverStore\FileRepository\nv_dispi.inf_amd64_adc55ecfca814224\nvoglv64.dll
0x00007fffedca0000 - 0x00007fffee10e000 	C:\Windows\System32\SETUPAPI.dll
0x00007fffed910000 - 0x00007fffeda3b000 	C:\Windows\System32\ole32.dll
0x00007fffe8030000 - 0x00007fffe8044000 	C:\Windows\SYSTEM32\WTSAPI32.dll
0x00007fffecb50000 - 0x00007fffecb62000 	C:\Windows\SYSTEM32\msasn1.dll
0x00007fffe6300000 - 0x00007fffe6331000 	C:\Windows\SYSTEM32\cryptnet.dll
0x00007fffed1c0000 - 0x00007fffed31c000 	C:\Windows\System32\CRYPT32.dll
0x00007fffec910000 - 0x00007fffec91c000 	C:\Windows\SYSTEM32\cryptbase.dll
0x00007fffe60a0000 - 0x00007fffe61e7000 	C:\Windows\SYSTEM32\drvstore.dll
0x00007fffed720000 - 0x00007fffed789000 	C:\Windows\System32\WINTRUST.dll
0x00007fffef540000 - 0x00007fffef55d000 	C:\Windows\System32\imagehlp.dll
0x00007fffec920000 - 0x00007fffec938000 	C:\Windows\SYSTEM32\CRYPTSP.dll
0x00007fffebfd0000 - 0x00007fffec004000 	C:\Windows\system32\rsaenh.dll
0x00007fffd7b50000 - 0x00007fffdc84f000 	C:\Windows\System32\DriverStore\FileRepository\nv_dispi.inf_amd64_adc55ecfca814224\nvgpucomp64.dll
0x00007fffe5790000 - 0x00007fffe57cb000 	C:\Windows\SYSTEM32\dxcore.dll
0x00007fffb46f0000 - 0x00007fffb485d000 	C:\Windows\system32\nvspcap64.dll
0x00007fffebc50000 - 0x00007fffebcab000 	C:\Windows\SYSTEM32\WINSTA.dll
0x00007fff088e0000 - 0x00007fff08b39000 	C:\Users\poe09\AppData\Local\Temp\lwjglwhite0hat1\3.3.1-build-7\jemalloc.dll
0x00007fff9f770000 - 0x00007fff9f7f1000 	C:\Users\poe09\AppData\Local\Temp\lwjglwhite0hat1\3.3.1-build-7\lwjgl_stb.dll
0x00007fffdebe0000 - 0x00007fffdecd9000 	C:\Windows\SYSTEM32\textinputframework.dll
0x00007fff9f710000 - 0x00007fff9f76d000 	C:\Users\poe09\AppData\Local\Temp\lwjglwhite0hat1\3.3.1-build-7\lwjgl_opengl.dll
0x00007fffece40000 - 0x00007fffece6e000 	C:\Windows\SYSTEM32\USERENV.dll
0x00007fffe79d0000 - 0x00007fffe79e7000 	C:\Windows\SYSTEM32\dhcpcsvc6.DLL
0x00007fffe7740000 - 0x00007fffe775d000 	C:\Windows\SYSTEM32\dhcpcsvc.DLL
0x00007fffa0340000 - 0x00007fffa0380000 	C:\Users\poe09\AppData\Local\Temp\jna-214797981\jna17648080753213594702.dll
0x00007fffcbfe0000 - 0x00007fffcbfff000 	C:\Windows\SYSTEM32\amsi.dll
0x00007fffcbdb0000 - 0x00007fffcbfdd000 	C:\Program Files (x86)\Kaspersky Lab\Kaspersky 21.26\x64\com_antivirus.dll
0x00007fffcdeb0000 - 0x00007fffcdebc000 	C:\Windows\SYSTEM32\Secur32.dll
0x00007fffecd60000 - 0x00007fffecd6a000 	C:\Windows\SYSTEM32\DPAPI.DLL
0x00007fffece70000 - 0x00007fffecea2000 	C:\Windows\SYSTEM32\SSPICLI.DLL
0x00007fffcbd50000 - 0x00007fffcbda4000 	C:\Program Files (x86)\Kaspersky Lab\Kaspersky 21.26\x64\product_info.dll
0x00007fffde470000 - 0x00007fffde4c3000 	C:\Windows\SYSTEM32\Pdh.dll
0x00007fffcb050000 - 0x00007fffcb05f000 	C:\Windows\System32\perfos.dll
0x00007fffb30f0000 - 0x00007fffb30fe000 	C:\Users\poe09\.jdks\temurin-17.0.20.1\bin\sunmscapi.dll
0x00007fffeca30000 - 0x00007fffeca59000 	C:\Windows\SYSTEM32\ncrypt.dll
0x00007fffec9f0000 - 0x00007fffeca2b000 	C:\Windows\SYSTEM32\NTASN1.dll
0x00007fffb3210000 - 0x00007fffb3219000 	C:\Users\poe09\.jdks\temurin-17.0.20.1\bin\extnet.dll
0x00007fffe5e10000 - 0x00007fffe5ebe000 	C:\Windows\SYSTEM32\mscms.dll
0x00007fffe5df0000 - 0x00007fffe5e01000 	C:\Windows\SYSTEM32\ColorAdapterClient.dll
0x00007fff9f6c0000 - 0x00007fff9f706000 	C:\Windows\SYSTEM32\icm32.dll
0x00007fff9b8a0000 - 0x00007fff9ba37000 	C:\Users\poe09\AppData\Local\Temp\lwjglwhite0hat1\3.3.1-build-7\OpenAL.dll
0x00007fffe76b0000 - 0x00007fffe7735000 	C:\Windows\System32\MMDevApi.dll
0x00007fffa12f0000 - 0x00007fffa147e000 	C:\Windows\System32\Speech\Common\sapi.dll
0x00007fffc5b30000 - 0x00007fffc5b3b000 	C:\Windows\SYSTEM32\msdmo.dll
0x00007fffb04e0000 - 0x00007fffb04fe000 	C:\Windows\SYSTEM32\MSACM32.dll
0x00007fffde7a0000 - 0x00007fffde7c6000 	C:\Windows\SYSTEM32\winmmbase.dll
0x00007fffd0910000 - 0x00007fffd0917000 	C:\Windows\system32\wshunix.dll
0x00007fffe77d0000 - 0x00007fffe7951000 	C:\Windows\SYSTEM32\AUDIOSES.DLL
0x00007fffeaa10000 - 0x00007fffeaa24000 	C:\Windows\SYSTEM32\resourcepolicyclient.dll

dbghelp: loaded successfully - version: 4.0.5 - missing functions: none
symbol engine: initialized successfully - sym options: 0x614 - pdb path: .;C:\Users\poe09\.jdks\temurin-17.0.20.1\bin;C:\Windows\SYSTEM32;C:\Windows\WinSxS\amd64_microsoft.windows.common-controls_6595b64144ccf1df_6.0.19041.4355_none_60b8b9eb71f62e16;C:\Users\poe09\.jdks\temurin-17.0.20.1\bin\server;C:\Users\poe09\AppData\Local\Temp\lwjglwhite0hat1\3.3.1-build-7;C:\Windows\System32\DriverStore\FileRepository\nv_dispi.inf_amd64_adc55ecfca814224;C:\Users\poe09\AppData\Local\Temp\jna-214797981;C:\Program Files (x86)\Kaspersky Lab\Kaspersky 21.26\x64;C:\Windows\System32\Speech\Common

VM Arguments:
jvm_args: -Dforge.enableGameTest=true -Dforge.logging.console.level=debug -Dforge.logging.markers=REGISTRIES -DignoreList=bootstraplauncher,securejarhandler,asm-commons,asm-util,asm-analysis,asm-tree,asm,JarJarFileSystems,client-extra,fmlcore,javafmllanguage,lowcodelanguage,mclanguage,forge- -Djava.net.preferIPv6Addresses=system -DlegacyClassPath.file=D:\Minecraft MODS\CultOfTheCryptids\cult_cryptids\build\classpath\runClient_minecraftClasspath.txt -DmergeModules=jna-5.10.0.jar,jna-platform-5.10.0.jar -Dmixin.env.refMapRemappingFile=D:\Minecraft MODS\CultOfTheCryptids\cult_cryptids/build/createSrgToMcp/output.srg -Dmixin.env.remapRefMap=true --module-path=C:\Users\poe09\.gradle\caches\modules-2\files-2.1\cpw.mods\bootstraplauncher\1.1.2\c546e00443d8432cda6baa1c860346980742628\bootstraplauncher-1.1.2.jar;C:\Users\poe09\.gradle\caches\modules-2\files-2.1\cpw.mods\securejarhandler\2.1.10\51e6a22c6c716beb11e244bf5b8be480f51dd6b5\securejarhandler-2.1.10.jar;C:\Users\poe09\.gradle\caches\modules-2\files-2.1\org.ow2.asm\asm-commons\9.7\e86dda4696d3c185fcc95d8d311904e7ce38a53f\asm-commons-9.7.jar;C:\Users\poe09\.gradle\caches\modules-2\files-2.1\org.ow2.asm\asm-util\9.7\c0655519f24d92af2202cb681cd7c1569df6ead6\asm-util-9.7.jar;C:\Users\poe09\.gradle\caches\modules-2\files-2.1\org.ow2.asm\asm-analysis\9.7\e4a258b7eb96107106c0599f0061cfc1832fe07a\asm-analysis-9.7.jar;C:\Users\poe09\.gradle\caches\modules-2\files-2.1\org.ow2.asm\asm-tree\9.7\e446a17b175bfb733b87c5c2560ccb4e57d69f1a\asm-tree-9.7.jar;C:\Users\poe09\.gradle\caches\modules-2\files-2.1\org.ow2.asm\asm\9.7\73d7b3086e14beb604ced229c302feff6449723\asm-9.7.jar;C:\Users\poe09\.gradle\caches\modules-2\files-2.1\net.minecraftforge\JarJarFileSystems\0.3.19\2464eb7d6b9ddb9db36a82cf8a95193e5c6fe020\JarJarFileSystems-0.3.19.jar --add-modules=ALL-MODULE-PATH --add-opens=java.base/java.util.jar=cpw.mods.securejarhandler --add-opens=java.base/java.lang.invoke=cpw.mods.securejarhandler --add-exports=java.base/sun.security.util=cpw.mods.securejarhandler --add-exports=jdk.naming.dns/com.sun.jndi.dns=java.naming -XX:HeapDumpPath=MojangTricksIntelDriversForPerformance_javaw.exe_minecraft.exe.heapdump -Dfile.encoding=UTF-8 -Duser.country=RU -Duser.language=ru -Duser.variant 
java_command: cpw.mods.bootstraplauncher.BootstrapLauncher --launchTarget forgeclientuserdev --version MOD_DEV --assetIndex 5 --assetsDir C:\Users\poe09\.gradle\caches\forge_gradle\assets --gameDir . --fml.forgeVersion 47.3.0 --fml.mcVersion 1.20.1 --fml.forgeGroup net.minecraftforge --fml.mcpVersion 20230612.114412
java_class_path (initial): D:\Minecraft MODS\CultOfTheCryptids\cult_cryptids\build\classes\java\main;D:\Minecraft MODS\CultOfTheCryptids\cult_cryptids\build\resources\main;C:\Users\poe09\.gradle\caches\forge_gradle\deobf_dependencies\software\bernie\geckolib\geckolib-forge-1.20.1\4.4.4_mapped_official_1.20.1\geckolib-forge-1.20.1-4.4.4_mapped_official_1.20.1.jar;C:\Users\poe09\.gradle\caches\modules-2\files-2.1\com.eliotlash.mclib\mclib\20\3383672fb61b6a210e8fb93ffdd9fdae4549e4fc\mclib-20.jar;C:\Users\poe09\.gradle\caches\forge_gradle\minecraft_user_repo\net\minecraftforge\forge\1.20.1-47.3.0_mapped_official_1.20.1\forge-1.20.1-47.3.0_mapped_official_1.20.1-recomp.jar;C:\Users\poe09\.gradle\caches\forge_gradle\minecraft_repo\versions\1.20.1\client-extra.jar;C:\Users\poe09\.gradle\caches\modules-2\files-2.1\net.minecraftforge\fmlearlydisplay\1.20.1-47.3.0\91e33682894f35862e9ce29d633e3258120952f0\fmlearlydisplay-1.20.1-47.3.0.jar;C:\Users\poe09\.gradle\caches\modules-2\files-2.1\net.minecraftforge\javafmllanguage\1.20.1-47.3.0\d7ebc62120f202109e300e084ca1a31a7b946a62\javafmllanguage-1.20.1-47.3.0.jar;C:\Users\poe09\.gradle\caches\modules-2\files-2.1\net.minecraftforge\lowcodelanguage\1.20.1-47.3.0\1bf3e845ea0ce750096da8c71c8364b188ab74d4\lowcodelanguage-1.20.1-47.3.0.jar;C:\Users\poe09\.gradle\caches\modules-2\files-2.1\net.minecraftforge\mclanguage\1.20.1-47.3.0\6093682e943ddccbabf70539319d7f2fe64db2e7\mclanguage-1.20.1-47.3.0.jar;C:\Users\poe09\.gradle\caches\modules-2\files-2.1\net.minecraftforge\fmlcore\1.20.1-47.3.0\3b6be96aba3e323f3c918e8ef6a96312d82d76ad\fmlcore-1.20.1-47.3.0.jar;C:\Users\poe09\.gradle\caches\modules-2\files-2.1\net.minecraftforge\fmlloader\1.20.1-47.3.0\547850469c8a336b4c60cb8619f6cd421e9e5f55\fmlloader-1.20.1-47.3.0.jar;C:\Users\poe09\.gradle\caches\modules-2\files-2.1\net.minecraftforge\JarJarSelector\0.3.19\376cc9c8ea60720cf027c01fc033de915699801c\JarJarSelector-0.3.19.jar;C:\Users\poe09\.gradle\caches\modules-2\files-2.1\net.minecraftfor
Launcher Type: SUN_STANDARD

[Global flags]
     intx CICompilerCount                          = 4                                         {product} {ergonomic}
     uint ConcGCThreads                            = 2                                         {product} {ergonomic}
     uint G1ConcRefinementThreads                  = 8                                         {product} {ergonomic}
   size_t G1HeapRegionSize                         = 2097152                                   {product} {ergonomic}
    uintx GCDrainStackTargetSize                   = 64                                        {product} {ergonomic}
    ccstr HeapDumpPath                             = MojangTricksIntelDriversForPerformance_javaw.exe_minecraft.exe.heapdump         {manageable} {command line}
   size_t InitialHeapSize                          = 268435456                                 {product} {ergonomic}
   size_t MarkStackSize                            = 4194304                                   {product} {ergonomic}
   size_t MaxHeapSize                              = 4282384384                                {product} {ergonomic}
   size_t MaxNewSize                               = 2569011200                                {product} {ergonomic}
   size_t MinHeapDeltaBytes                        = 2097152                                   {product} {ergonomic}
   size_t MinHeapSize                              = 8388608                                   {product} {ergonomic}
    uintx NonNMethodCodeHeapSize                   = 5839372                                {pd product} {ergonomic}
    uintx NonProfiledCodeHeapSize                  = 122909434                              {pd product} {ergonomic}
    uintx ProfiledCodeHeapSize                     = 122909434                              {pd product} {ergonomic}
    uintx ReservedCodeCacheSize                    = 251658240                              {pd product} {ergonomic}
     bool SegmentedCodeCache                       = true                                      {product} {ergonomic}
   size_t SoftMaxHeapSize                          = 4282384384                             {manageable} {ergonomic}
     bool UseCompressedClassPointers               = true                           {product lp64_product} {ergonomic}
     bool UseCompressedOops                        = true                           {product lp64_product} {ergonomic}
     bool UseG1GC                                  = true                                      {product} {ergonomic}
     bool UseLargePagesIndividualAllocation        = false                                  {pd product} {ergonomic}

Logging:
Log output configuration:
 #0: stdout all=warning uptime,level,tags
 #1: stderr all=off uptime,level,tags

Environment Variables:
PATH=C:\ffmpeg\bin;C:\Program Files (x86)\Common Files\Oracle\Java\javapath;C:\Windows\system32;C:\Windows;C:\Windows\System32\Wbem;C:\Windows\System32\WindowsPowerShell\v1.0\;C:\Windows\System32\OpenSSH\;C:\Program Files (x86)\NVIDIA Corporation\PhysX\Common;C:\Users\poe09\AppData\Local\Microsoft\WindowsApps;C:\Program Files\NVIDIA Corporation\NVIDIA app\NvDLISR;C:\Program Files\dotnet\;C:\Program Files\Cloudflare\Cloudflare WARP\;C:\Program Files\Git\cmd;C:\Users\poe09\AppData\Local\Microsoft\WindowsApps;
USERNAME=white0hat1
OS=Windows_NT
PROCESSOR_IDENTIFIER=AMD64 Family 23 Model 113 Stepping 0, AuthenticAMD
TMP=C:\Users\poe09\AppData\Local\Temp
TEMP=C:\Users\poe09\AppData\Local\Temp



Periodic native trim disabled


---------------  S Y S T E M  ---------------

OS:
 Windows 10 , 64 bit Build 19041 (10.0.19041.4842)
OS uptime: 0 days 6:45 hours

CPU: total 8 (initial active 8) (8 cores per cpu, 2 threads per core) family 23 model 113 stepping 0 microcode 0x0, cx8, cmov, fxsr, ht, mmx, 3dnowpref, sse, sse2, sse3, ssse3, sse4a, sse4.1, sse4.2, popcnt, lzcnt, tsc, tscinvbit, avx, avx2, aes, clmul, bmi1, bmi2, adx, sha, fma, vzeroupper, clflush, clflushopt
Processor Information for all 8 processors :
  Max Mhz: 3593, Current Mhz: 3593, Mhz Limit: 3593

Memory: 4k page, system-wide physical 16332M (2763M free)
TotalPageFile size 20428M (AvailPageFile size 1095M)
current process WorkingSet (physical memory assigned to process): 1741M, peak: 1741M
current process commit charge ("private bytes"): 2155M, peak: 3251M

vm_info: OpenJDK 64-Bit Server VM (17.0.20.1+1) for windows-amd64 JRE (17.0.20.1+1), built on Aug 18 2026 20:44:09 by "admin" with MS VC++ 17.12 (VS2022)

END.
