#
# There is insufficient memory for the Java Runtime Environment to continue.
# Native memory allocation (mmap) failed to map 446693376 bytes. Error detail: G1 virtual space
# Possible reasons:
#   The system is out of physical RAM or swap space
#   This process is running with CompressedOops enabled, and the Java Heap may be blocking the growth of the native heap
# Possible solutions:
#   Reduce memory load on the system
#   Increase physical memory or swap space
#   Check if swap backing store is full
#   Decrease Java heap size (-Xmx/-Xms)
#   Decrease number of Java threads
#   Decrease Java thread stack sizes (-Xss)
#   Set larger code cache with -XX:ReservedCodeCacheSize=
#   JVM is running with Zero Based Compressed Oops mode in which the Java heap is
#     placed in the first 32GB address space. The Java Heap base address is the
#     maximum limit for the native heap growth. Please use -XX:HeapBaseMinAddress
#     to set the Java Heap base and to place the Java Heap above 32GB virtual address.
# This output file may be truncated or incomplete.
#
#  Out of Memory Error (os_windows.cpp:3630), pid=14552, tid=17828
#
# JRE version: OpenJDK Runtime Environment Temurin-17.0.20.1+1 (17.0.20.1+1) (build 17.0.20.1+1)
# Java VM: OpenJDK 64-Bit Server VM Temurin-17.0.20.1+1 (17.0.20.1+1, mixed mode, sharing, tiered, compressed oops, compressed class ptrs, g1 gc, windows-amd64)
# No core dump will be written. Minidumps are not enabled by default on client versions of Windows
#

---------------  S U M M A R Y ------------

Command Line: -Dforge.enableGameTest=true -Dforge.logging.console.level=debug -Dforge.logging.markers=REGISTRIES -DignoreList=bootstraplauncher,securejarhandler,asm-commons,asm-util,asm-analysis,asm-tree,asm,JarJarFileSystems,client-extra,fmlcore,javafmllanguage,lowcodelanguage,mclanguage,forge- -Djava.net.preferIPv6Addresses=system -DlegacyClassPath.file=D:\Minecraft MODS\CultOfTheCryptids\cult_cryptids\build\classpath\runClient_minecraftClasspath.txt -DmergeModules=jna-5.10.0.jar,jna-platform-5.10.0.jar -Dmixin.env.refMapRemappingFile=D:\Minecraft MODS\CultOfTheCryptids\cult_cryptids/build/createSrgToMcp/output.srg -Dmixin.env.remapRefMap=true --module-path=C:\Users\poe09\.gradle\caches\modules-2\files-2.1\cpw.mods\bootstraplauncher\1.1.2\c546e00443d8432cda6baa1c860346980742628\bootstraplauncher-1.1.2.jar;C:\Users\poe09\.gradle\caches\modules-2\files-2.1\cpw.mods\securejarhandler\2.1.10\51e6a22c6c716beb11e244bf5b8be480f51dd6b5\securejarhandler-2.1.10.jar;C:\Users\poe09\.gradle\caches\modules-2\files-2.1\org.ow2.asm\asm-commons\9.7\e86dda4696d3c185fcc95d8d311904e7ce38a53f\asm-commons-9.7.jar;C:\Users\poe09\.gradle\caches\modules-2\files-2.1\org.ow2.asm\asm-util\9.7\c0655519f24d92af2202cb681cd7c1569df6ead6\asm-util-9.7.jar;C:\Users\poe09\.gradle\caches\modules-2\files-2.1\org.ow2.asm\asm-analysis\9.7\e4a258b7eb96107106c0599f0061cfc1832fe07a\asm-analysis-9.7.jar;C:\Users\poe09\.gradle\caches\modules-2\files-2.1\org.ow2.asm\asm-tree\9.7\e446a17b175bfb733b87c5c2560ccb4e57d69f1a\asm-tree-9.7.jar;C:\Users\poe09\.gradle\caches\modules-2\files-2.1\org.ow2.asm\asm\9.7\73d7b3086e14beb604ced229c302feff6449723\asm-9.7.jar;C:\Users\poe09\.gradle\caches\modules-2\files-2.1\net.minecraftforge\JarJarFileSystems\0.3.19\2464eb7d6b9ddb9db36a82cf8a95193e5c6fe020\JarJarFileSystems-0.3.19.jar --add-modules=ALL-MODULE-PATH --add-opens=java.base/java.util.jar=cpw.mods.securejarhandler --add-opens=java.base/java.lang.invoke=cpw.mods.securejarhandler --add-exports=java.base/sun.security.util=cpw.mods.securejarhandler --add-exports=jdk.naming.dns/com.sun.jndi.dns=java.naming -XX:HeapDumpPath=MojangTricksIntelDriversForPerformance_javaw.exe_minecraft.exe.heapdump -Dfile.encoding=UTF-8 -Duser.country=RU -Duser.language=ru -Duser.variant cpw.mods.bootstraplauncher.BootstrapLauncher --launchTarget forgeclientuserdev --version MOD_DEV --assetIndex 5 --assetsDir C:\Users\poe09\.gradle\caches\forge_gradle\assets --gameDir . --fml.forgeVersion 47.3.0 --fml.mcVersion 1.20.1 --fml.forgeGroup net.minecraftforge --fml.mcpVersion 20230612.114412

Host: AMD Ryzen 3 3100 4-Core Processor              , 8 cores, 15G,  Windows 10 , 64 bit Build 19041 (10.0.19041.4842)
Time: Sun Sep 27 20:50:09 2026 RTZ 2 (s 10 , 64 bit Build 19041 (10.0.19041.4842) elapsed time: 87.144401 seconds (0d 0h 1m 27s)

---------------  T H R E A D  ---------------

Current thread (0x00000211c315eb50):  VMThread "VM Thread" [stack: 0x0000006fb0a00000,0x0000006fb0b00000] [id=17828]

Stack: [0x0000006fb0a00000,0x0000006fb0b00000]
Native frames: (J=compiled Java code, j=interpreted, Vv=VM code, C=native code)
V  [jvm.dll+0x684d39]
V  [jvm.dll+0x83a565]
V  [jvm.dll+0x83bfde]
V  [jvm.dll+0x83c663]
V  [jvm.dll+0x2490cf]
V  [jvm.dll+0x681af9]
V  [jvm.dll+0x6768ba]
V  [jvm.dll+0x309467]
V  [jvm.dll+0x310a56]
V  [jvm.dll+0x360f3e]
V  [jvm.dll+0x36117d]
V  [jvm.dll+0x2e04ec]
V  [jvm.dll+0x2e3576]
V  [jvm.dll+0x2edcb4]
V  [jvm.dll+0x320f1d]
V  [jvm.dll+0x840e7d]
V  [jvm.dll+0x841bb3]
V  [jvm.dll+0x8420df]
V  [jvm.dll+0x8424c5]
V  [jvm.dll+0x84258e]
V  [jvm.dll+0x7eb17c]
V  [jvm.dll+0x683c07]
C  [ucrtbase.dll+0x21bb2]
C  [KERNEL32.DLL+0x17374]
C  [ntdll.dll+0x4cc91]

VM_Operation (0x0000006fb06ff4d0): G1PauseRemark, mode: safepoint, requested by thread 0x000002119e5b01d0


---------------  P R O C E S S  ---------------

Threads class SMR info:
_java_thread_list=0x000002120bed5020, length=44, elements={
0x000002119e4ce970, 0x00000211c3163da0, 0x00000211c3164b30, 0x00000211c317c430,
0x00000211c317cd00, 0x00000211c317f5e0, 0x00000211c3181ec0, 0x00000211c3183b80,
0x00000211c3184540, 0x00000211c3185250, 0x00000211c3757e10, 0x00000211c37e0190,
0x000002120b493b40, 0x000002120a012c30, 0x000002120a00ea60, 0x000002120a013140,
0x000002120a013650, 0x000002120a00c1e0, 0x000002120b492c10, 0x000002120b4921f0,
0x000002120ed4ce50, 0x000002120ed46910, 0x000002120ed46e20, 0x000002120ed4a5d0,
0x000002120ed4a0c0, 0x000002120ed459e0, 0x000002120ed48770, 0x000002120ed47d50,
0x000002120ed4aae0, 0x000002120ed4d360, 0x000002120ed48260, 0x00000212187880e0,
0x000002121878ccd0, 0x0000021218788b00, 0x000002121878eb30, 0x000002121878e110,
0x000002121878a960, 0x00000212187885f0, 0x000002121878ae70, 0x000002121878b380,
0x000002121878d1e0, 0x000002121878f040, 0x000002121908e1d0, 0x00000212190901b0
}

Java Threads: ( => current thread )
  0x000002119e4ce970 JavaThread "Render thread" [_thread_blocked, id=19208, stack(0x0000006fb0400000,0x0000006fb0500000)]
  0x00000211c3163da0 JavaThread "Reference Handler" daemon [_thread_blocked, id=18456, stack(0x0000006fb0b00000,0x0000006fb0c00000)]
  0x00000211c3164b30 JavaThread "Finalizer" daemon [_thread_blocked, id=8720, stack(0x0000006fb0c00000,0x0000006fb0d00000)]
  0x00000211c317c430 JavaThread "Signal Dispatcher" daemon [_thread_blocked, id=19516, stack(0x0000006fb0d00000,0x0000006fb0e00000)]
  0x00000211c317cd00 JavaThread "Attach Listener" daemon [_thread_blocked, id=4360, stack(0x0000006fb0e00000,0x0000006fb0f00000)]
  0x00000211c317f5e0 JavaThread "Service Thread" daemon [_thread_blocked, id=20964, stack(0x0000006fb0f00000,0x0000006fb1000000)]
  0x00000211c3181ec0 JavaThread "Monitor Deflation Thread" daemon [_thread_blocked, id=19584, stack(0x0000006fb1000000,0x0000006fb1100000)]
  0x00000211c3183b80 JavaThread "C2 CompilerThread0" daemon [_thread_blocked, id=12068, stack(0x0000006fb1100000,0x0000006fb1200000)]
  0x00000211c3184540 JavaThread "C1 CompilerThread0" daemon [_thread_blocked, id=4028, stack(0x0000006fb1200000,0x0000006fb1300000)]
  0x00000211c3185250 JavaThread "Sweeper thread" daemon [_thread_blocked, id=19752, stack(0x0000006fb1300000,0x0000006fb1400000)]
  0x00000211c3757e10 JavaThread "Common-Cleaner" daemon [_thread_blocked, id=1332, stack(0x0000006fb1400000,0x0000006fb1500000)]
  0x00000211c37e0190 JavaThread "Notification Thread" daemon [_thread_blocked, id=17040, stack(0x0000006fb1600000,0x0000006fb1700000)]
  0x000002120b493b40 JavaThread "JNA Cleaner" daemon [_thread_blocked, id=19012, stack(0x0000006fb2f00000,0x0000006fb3000000)]
  0x000002120a012c30 JavaThread "Timer hack thread" daemon [_thread_blocked, id=20232, stack(0x0000006fb3100000,0x0000006fb3200000)]
  0x000002120a00ea60 JavaThread "Yggdrasil Key Fetcher" daemon [_thread_blocked, id=21036, stack(0x0000006fb3300000,0x0000006fb3400000)]
  0x000002120a013140 JavaThread "modloading-worker-0" daemon [_thread_blocked, id=13224, stack(0x0000006fb2a00000,0x0000006fb2b00000)]
  0x000002120a013650 JavaThread "modloading-worker-0" daemon [_thread_blocked, id=16436, stack(0x0000006fb3600000,0x0000006fb3700000)]
  0x000002120a00c1e0 JavaThread "modloading-worker-0" daemon [_thread_blocked, id=20792, stack(0x0000006fb3700000,0x0000006fb3800000)]
  0x000002120b492c10 JavaThread "modloading-worker-0" daemon [_thread_blocked, id=15156, stack(0x0000006fb3800000,0x0000006fb3900000)]
  0x000002120b4921f0 JavaThread "modloading-worker-0" daemon [_thread_blocked, id=3368, stack(0x0000006fb3900000,0x0000006fb3a00000)]
  0x000002120ed4ce50 JavaThread "Worker-Main-1" daemon [_thread_blocked, id=19764, stack(0x0000006fb3d00000,0x0000006fb3e00000)]
  0x000002120ed46910 JavaThread "Worker-Main-2" daemon [_thread_blocked, id=9576, stack(0x0000006fb3e00000,0x0000006fb3f00000)]
  0x000002120ed46e20 JavaThread "Worker-Main-3" daemon [_thread_blocked, id=20668, stack(0x0000006fb3f00000,0x0000006fb4000000)]
  0x000002120ed4a5d0 JavaThread "Worker-Main-4" daemon [_thread_blocked, id=9396, stack(0x0000006fb4000000,0x0000006fb4100000)]
  0x000002120ed4a0c0 JavaThread "Worker-Main-5" daemon [_thread_blocked, id=18352, stack(0x0000006fb4100000,0x0000006fb4200000)]
  0x000002120ed459e0 JavaThread "Worker-Main-6" daemon [_thread_blocked, id=9288, stack(0x0000006fb4200000,0x0000006fb4300000)]
  0x000002120ed48770 JavaThread "Worker-Main-7" daemon [_thread_blocked, id=18152, stack(0x0000006fb4300000,0x0000006fb4400000)]
  0x000002120ed47d50 JavaThread "Thread-3" daemon [_thread_blocked, id=11668, stack(0x0000006fb4400000,0x0000006fb4500000)]
  0x000002120ed4aae0 JavaThread "FileSystemWatchService" daemon [_thread_in_native, id=19700, stack(0x0000006fb4500000,0x0000006fb4600000)]
  0x000002120ed4d360 JavaThread "IO-Worker-8" [_thread_blocked, id=9320, stack(0x0000006fb4700000,0x0000006fb4800000)]
  0x000002120ed48260 JavaThread "HttpClient-1-SelectorManager" daemon [_thread_in_native, id=17640, stack(0x0000006fb4800000,0x0000006fb4900000)]
  0x00000212187880e0 JavaThread "FileSystemWatchService" daemon [_thread_in_native, id=16696, stack(0x0000006fb4d00000,0x0000006fb4e00000)]
  0x000002121878ccd0 JavaThread "IO-Worker-9" [_thread_blocked, id=19228, stack(0x0000006fb4e00000,0x0000006fb4f00000)]
  0x0000021218788b00 JavaThread "IO-Worker-10" [_thread_blocked, id=20060, stack(0x0000006fb5000000,0x0000006fb5100000)]
  0x000002121878eb30 JavaThread "IO-Worker-11" [_thread_blocked, id=11228, stack(0x0000006fb5100000,0x0000006fb5200000)]
  0x000002121878e110 JavaThread "Java2D Disposer" daemon [_thread_blocked, id=21472, stack(0x0000006fb3a00000,0x0000006fb3b00000)]
  0x000002121878a960 JavaThread "Netty Server IO #0" daemon [_thread_in_native, id=8204, stack(0x0000006fb5200000,0x0000006fb5300000)]
  0x00000212187885f0 JavaThread "Netty Local Client IO #0" daemon [_thread_blocked, id=17384, stack(0x0000006fb5300000,0x0000006fb5400000)]
  0x000002121878ae70 JavaThread "Netty Server IO #1" daemon [_thread_in_native, id=3952, stack(0x0000006fb5400000,0x0000006fb5500000)]
  0x000002121878b380 JavaThread "Sound engine" daemon [_thread_blocked, id=18276, stack(0x0000006fb0200000,0x0000006fb0300000)]
  0x000002121878d1e0 JavaThread "Server thread" [_thread_blocked, id=17968, stack(0x0000006fb0100000,0x0000006fb0200000)]
  0x000002121878f040 JavaThread "FileSystemWatchService" daemon [_thread_in_native, id=21232, stack(0x0000006fb2400000,0x0000006fb2500000)]
  0x000002121908e1d0 JavaThread "C2 CompilerThread1" daemon [_thread_blocked, id=19736, stack(0x0000006fb1500000,0x0000006fb1600000)]
  0x00000212190901b0 JavaThread "C2 CompilerThread2" daemon [_thread_blocked, id=9408, stack(0x0000006fb1d00000,0x0000006fb1e00000)]

Other Threads:
=>0x00000211c315eb50 VMThread "VM Thread" [stack: 0x0000006fb0a00000,0x0000006fb0b00000] [id=17828]
  0x00000211c37e0670 WatcherThread [stack: 0x0000006fb1700000,0x0000006fb1800000] [id=20880]
  0x000002119e59f430 GCTaskThread "GC Thread#0" [stack: 0x0000006fb0500000,0x0000006fb0600000] [id=15236]
  0x000002120934aa30 GCTaskThread "GC Thread#1" [stack: 0x0000006fb1800000,0x0000006fb1900000] [id=296]
  0x000002120934acf0 GCTaskThread "GC Thread#2" [stack: 0x0000006fb1900000,0x0000006fb1a00000] [id=15296]
  0x000002120934afb0 GCTaskThread "GC Thread#3" [stack: 0x0000006fb1a00000,0x0000006fb1b00000] [id=18464]
  0x000002120934b270 GCTaskThread "GC Thread#4" [stack: 0x0000006fb1b00000,0x0000006fb1c00000] [id=15492]
  0x00000212095ae6b0 GCTaskThread "GC Thread#5" [stack: 0x0000006fb1c00000,0x0000006fb1d00000] [id=19564]
  0x000002120a4c7bd0 GCTaskThread "GC Thread#6" [stack: 0x0000006fb1e00000,0x0000006fb1f00000] [id=16908]
  0x000002120d9176f0 GCTaskThread "GC Thread#7" [stack: 0x0000006fb2800000,0x0000006fb2900000] [id=20104]
  0x000002119e5b01d0 ConcurrentGCThread "G1 Main Marker" [stack: 0x0000006fb0600000,0x0000006fb0700000] [id=11640]
  0x000002119e5b12a0 ConcurrentGCThread "G1 Conc#0" [stack: 0x0000006fb0700000,0x0000006fb0800000] [id=16736]
  0x000002120ae78be0 ConcurrentGCThread "G1 Conc#1" [stack: 0x0000006fb2900000,0x0000006fb2a00000] [id=9584]
  0x000002119e5ce8d0 ConcurrentGCThread "G1 Refine#0" [stack: 0x0000006fb0800000,0x0000006fb0900000] [id=20148]
  0x000002120eeffa90 ConcurrentGCThread "G1 Refine#1" [stack: 0x0000006fb2b00000,0x0000006fb2c00000] [id=17292]
  0x000002120eeffd80 ConcurrentGCThread "G1 Refine#2" [stack: 0x0000006fb2c00000,0x0000006fb2d00000] [id=17660]
  0x000002120ef00070 ConcurrentGCThread "G1 Refine#3" [stack: 0x0000006fb2d00000,0x0000006fb2e00000] [id=11896]
  0x000002120ef00650 ConcurrentGCThread "G1 Refine#4" [stack: 0x0000006fb2e00000,0x0000006fb2f00000] [id=20504]
  0x000002120f5b8b30 ConcurrentGCThread "G1 Refine#5" [stack: 0x0000006fb3200000,0x0000006fb3300000] [id=1068]
  0x000002120f5b6210 ConcurrentGCThread "G1 Refine#6" [stack: 0x0000006fb2200000,0x0000006fb2300000] [id=12464]
  0x000002120d73ad10 ConcurrentGCThread "G1 Refine#7" [stack: 0x0000006fb4f00000,0x0000006fb5000000] [id=20508]
  0x00000211c3096af0 ConcurrentGCThread "G1 Service" [stack: 0x0000006fb0900000,0x0000006fb0a00000] [id=13864]

Threads with active compile tasks:
C2 CompilerThread0  87165 33431       4       net.minecraft.world.level.lighting.LayerLightSectionStorage::markNewInconsistencies (303 bytes)
C2 CompilerThread1  87165 33437       4       net.minecraft.server.level.ThreadedLevelLightEngine::runUpdate (162 bytes)
C2 CompilerThread2  87165 33436 %     4       net.minecraft.world.level.chunk.storage.ChunkSerializer::read @ 170 (1424 bytes)

VM state: at safepoint (normal execution)

VM Mutex/Monitor currently owned by a thread:  ([mutex/lock_event])
[0x000002119e52ff80] Threads_lock - owner thread: 0x00000211c315eb50
[0x000002119e530910] Heap_lock - owner thread: 0x000002119e5b01d0

Heap address: 0x0000000700c00000, size: 4084 MB, Compressed Oops mode: Zero based, Oop shift amount: 3

CDS archive(s) mapped at: [0x00000211c4000000-0x00000211c4bb0000-0x00000211c4bb0000), size 12255232, SharedBaseAddress: 0x00000211c4000000, ArchiveRelocationMode: 1.
Compressed class space mapped at: 0x00000211c5000000-0x0000021205000000, reserved size: 1073741824
Narrow klass base: 0x00000211c4000000, Narrow klass shift: 0, Narrow klass range: 0x100000000

GC Precious Log:
 CPUs: 8 total, 8 available
 Memory: 16332M
 Large Page Support: Disabled
 NUMA Support: Disabled
 Compressed Oops: Enabled (Zero based)
 Heap Region Size: 2M
 Heap Min Capacity: 8M
 Heap Initial Capacity: 256M
 Heap Max Capacity: 4084M
 Pre-touch: Disabled
 Parallel Workers: 8
 Concurrent Workers: 2
 Concurrent Refinement Workers: 8
 Periodic GC: Disabled

Heap:
 garbage-first heap   total 1980416K, used 1446911K [0x0000000700c00000, 0x0000000800000000)
  region size 2048K, 21 young (43008K), 7 survivors (14336K)
 Metaspace       used 127746K, committed 129664K, reserved 1179648K
  class space    used 18328K, committed 19200K, reserved 1048576K

Heap Regions: E=young(eden), S=young(survivor), O=old, HS=humongous(starts), HC=humongous(continues), CS=collection set, F=free, OA=open archive, CA=closed archive, TAMS=top-at-mark-start (previous, next)
|   0|0x0000000700c00000, 0x0000000700e00000, 0x0000000700e00000|100%|HS|  |TAMS 0x0000000700e00000, 0x0000000700c00000| Complete 
|   1|0x0000000700e00000, 0x0000000701000000, 0x0000000701000000|100%| O|  |TAMS 0x0000000701000000, 0x0000000700e00000| Untracked 
|   2|0x0000000701000000, 0x0000000701200000, 0x0000000701200000|100%| O|  |TAMS 0x0000000701200000, 0x0000000701000000| Untracked 
|   3|0x0000000701200000, 0x0000000701400000, 0x0000000701400000|100%|HS|  |TAMS 0x0000000701400000, 0x0000000701200000| Complete 
|   4|0x0000000701400000, 0x0000000701600000, 0x0000000701600000|100%| O|  |TAMS 0x0000000701600000, 0x0000000701400000| Untracked 
|   5|0x0000000701600000, 0x0000000701800000, 0x0000000701800000|100%| O|  |TAMS 0x0000000701800000, 0x0000000701600000| Untracked 
|   6|0x0000000701800000, 0x0000000701a00000, 0x0000000701a00000|100%|HS|  |TAMS 0x0000000701a00000, 0x0000000701800000| Complete 
|   7|0x0000000701a00000, 0x0000000701c00000, 0x0000000701c00000|100%|HS|  |TAMS 0x0000000701c00000, 0x0000000701a00000| Complete 
|   8|0x0000000701c00000, 0x0000000701e00000, 0x0000000701e00000|100%| O|  |TAMS 0x0000000701e00000, 0x0000000701c00000| Untracked 
|   9|0x0000000701e00000, 0x0000000702000000, 0x0000000702000000|100%| O|  |TAMS 0x0000000702000000, 0x0000000701e00000| Updating 
|  10|0x0000000702000000, 0x0000000702200000, 0x0000000702200000|100%| O|  |TAMS 0x0000000702200000, 0x0000000702000000| Untracked 
|  11|0x0000000702200000, 0x0000000702400000, 0x0000000702400000|100%|HS|  |TAMS 0x0000000702400000, 0x0000000702200000| Complete 
|  12|0x0000000702400000, 0x0000000702600000, 0x0000000702600000|100%| O|  |TAMS 0x0000000702600000, 0x0000000702400000| Untracked 
|  13|0x0000000702600000, 0x0000000702800000, 0x0000000702800000|100%| O|  |TAMS 0x0000000702800000, 0x0000000702600000| Untracked 
|  14|0x0000000702800000, 0x0000000702a00000, 0x0000000702a00000|100%| O|  |TAMS 0x0000000702a00000, 0x0000000702800000| Untracked 
|  15|0x0000000702a00000, 0x0000000702c00000, 0x0000000702c00000|100%| O|  |TAMS 0x0000000702c00000, 0x0000000702a00000| Untracked 
|  16|0x0000000702c00000, 0x0000000702e00000, 0x0000000702e00000|100%| O|  |TAMS 0x0000000702e00000, 0x0000000702c00000| Updating 
|  17|0x0000000702e00000, 0x0000000703000000, 0x0000000703000000|100%| O|  |TAMS 0x0000000703000000, 0x0000000702e00000| Untracked 
|  18|0x0000000703000000, 0x0000000703200000, 0x0000000703200000|100%| O|  |TAMS 0x0000000703200000, 0x0000000703000000| Untracked 
|  19|0x0000000703200000, 0x0000000703400000, 0x0000000703400000|100%| O|  |TAMS 0x0000000703400000, 0x0000000703200000| Untracked 
|  20|0x0000000703400000, 0x0000000703600000, 0x0000000703600000|100%| O|  |TAMS 0x0000000703600000, 0x0000000703400000| Untracked 
|  21|0x0000000703600000, 0x0000000703800000, 0x0000000703800000|100%| O|  |TAMS 0x0000000703800000, 0x0000000703600000| Untracked 
|  22|0x0000000703800000, 0x0000000703a00000, 0x0000000703a00000|100%| O|  |TAMS 0x0000000703a00000, 0x0000000703800000| Updating 
|  23|0x0000000703a00000, 0x0000000703c00000, 0x0000000703c00000|100%| O|  |TAMS 0x0000000703c00000, 0x0000000703a00000| Untracked 
|  24|0x0000000703c00000, 0x0000000703e00000, 0x0000000703e00000|100%| O|  |TAMS 0x0000000703e00000, 0x0000000703c00000| Untracked 
|  25|0x0000000703e00000, 0x0000000704000000, 0x0000000704000000|100%| O|  |TAMS 0x0000000704000000, 0x0000000703e00000| Untracked 
|  26|0x0000000704000000, 0x0000000704200000, 0x0000000704200000|100%| O|  |TAMS 0x0000000704200000, 0x0000000704000000| Untracked 
|  27|0x0000000704200000, 0x0000000704400000, 0x0000000704400000|100%| O|  |TAMS 0x0000000704400000, 0x0000000704200000| Untracked 
|  28|0x0000000704400000, 0x0000000704600000, 0x0000000704600000|100%| O|  |TAMS 0x0000000704600000, 0x0000000704400000| Untracked 
|  29|0x0000000704600000, 0x0000000704800000, 0x0000000704800000|100%| O|  |TAMS 0x0000000704800000, 0x0000000704600000| Untracked 
|  30|0x0000000704800000, 0x0000000704a00000, 0x0000000704a00000|100%| O|  |TAMS 0x0000000704a00000, 0x0000000704800000| Untracked 
|  31|0x0000000704a00000, 0x0000000704c00000, 0x0000000704c00000|100%| O|  |TAMS 0x0000000704c00000, 0x0000000704a00000| Untracked 
|  32|0x0000000704c00000, 0x0000000704e00000, 0x0000000704e00000|100%| O|  |TAMS 0x0000000704e00000, 0x0000000704c00000| Untracked 
|  33|0x0000000704e00000, 0x0000000705000000, 0x0000000705000000|100%| O|  |TAMS 0x0000000705000000, 0x0000000704e00000| Updating 
|  34|0x0000000705000000, 0x0000000705200000, 0x0000000705200000|100%| O|  |TAMS 0x0000000705200000, 0x0000000705000000| Updating 
|  35|0x0000000705200000, 0x0000000705400000, 0x0000000705400000|100%| O|  |TAMS 0x0000000705400000, 0x0000000705200000| Untracked 
|  36|0x0000000705400000, 0x0000000705600000, 0x0000000705600000|100%| O|  |TAMS 0x0000000705600000, 0x0000000705400000| Updating 
|  37|0x0000000705600000, 0x0000000705800000, 0x0000000705800000|100%| O|  |TAMS 0x0000000705800000, 0x0000000705600000| Untracked 
|  38|0x0000000705800000, 0x0000000705a00000, 0x0000000705a00000|100%| O|  |TAMS 0x0000000705a00000, 0x0000000705800000| Untracked 
|  39|0x0000000705a00000, 0x0000000705c00000, 0x0000000705c00000|100%| O|  |TAMS 0x0000000705c00000, 0x0000000705a00000| Untracked 
|  40|0x0000000705c00000, 0x0000000705e00000, 0x0000000705e00000|100%| O|  |TAMS 0x0000000705e00000, 0x0000000705c00000| Untracked 
|  41|0x0000000705e00000, 0x0000000706000000, 0x0000000706000000|100%| O|  |TAMS 0x0000000706000000, 0x0000000705e00000| Untracked 
|  42|0x0000000706000000, 0x0000000706200000, 0x0000000706200000|100%| O|  |TAMS 0x0000000706200000, 0x0000000706000000| Updating 
|  43|0x0000000706200000, 0x0000000706400000, 0x0000000706400000|100%| O|  |TAMS 0x0000000706400000, 0x0000000706200000| Untracked 
|  44|0x0000000706400000, 0x0000000706600000, 0x0000000706600000|100%| O|  |TAMS 0x0000000706600000, 0x0000000706400000| Updating 
|  45|0x0000000706600000, 0x0000000706800000, 0x0000000706800000|100%|HS|  |TAMS 0x0000000706800000, 0x0000000706600000| Complete 
|  46|0x0000000706800000, 0x0000000706a00000, 0x0000000706a00000|100%|HC|  |TAMS 0x0000000706a00000, 0x0000000706800000| Complete 
|  47|0x0000000706a00000, 0x0000000706c00000, 0x0000000706c00000|100%|HC|  |TAMS 0x0000000706c00000, 0x0000000706a00000| Complete 
|  48|0x0000000706c00000, 0x0000000706e00000, 0x0000000706e00000|100%|HC|  |TAMS 0x0000000706e00000, 0x0000000706c00000| Complete 
|  49|0x0000000706e00000, 0x0000000707000000, 0x0000000707000000|100%|HC|  |TAMS 0x0000000707000000, 0x0000000706e00000| Complete 
|  50|0x0000000707000000, 0x0000000707200000, 0x0000000707200000|100%|HC|  |TAMS 0x0000000707200000, 0x0000000707000000| Complete 
|  51|0x0000000707200000, 0x0000000707400000, 0x0000000707400000|100%| O|  |TAMS 0x0000000707400000, 0x0000000707200000| Untracked 
|  52|0x0000000707400000, 0x0000000707600000, 0x0000000707600000|100%| O|  |TAMS 0x0000000707600000, 0x0000000707400000| Untracked 
|  53|0x0000000707600000, 0x0000000707800000, 0x0000000707800000|100%| O|  |TAMS 0x0000000707800000, 0x0000000707600000| Untracked 
|  54|0x0000000707800000, 0x0000000707a00000, 0x0000000707a00000|100%| O|  |TAMS 0x0000000707a00000, 0x0000000707800000| Untracked 
|  55|0x0000000707a00000, 0x0000000707c00000, 0x0000000707c00000|100%| O|  |TAMS 0x0000000707c00000, 0x0000000707a00000| Updating 
|  56|0x0000000707c00000, 0x0000000707e00000, 0x0000000707e00000|100%| O|  |TAMS 0x0000000707e00000, 0x0000000707c00000| Untracked 
|  57|0x0000000707e00000, 0x0000000708000000, 0x0000000708000000|100%| O|  |TAMS 0x0000000708000000, 0x0000000707e00000| Untracked 
|  58|0x0000000708000000, 0x0000000708200000, 0x0000000708200000|100%| O|  |TAMS 0x0000000708200000, 0x0000000708000000| Untracked 
|  59|0x0000000708200000, 0x0000000708400000, 0x0000000708400000|100%| O|  |TAMS 0x0000000708400000, 0x0000000708200000| Untracked 
|  60|0x0000000708400000, 0x0000000708600000, 0x0000000708600000|100%| O|  |TAMS 0x0000000708600000, 0x0000000708400000| Untracked 
|  61|0x0000000708600000, 0x0000000708800000, 0x0000000708800000|100%| O|  |TAMS 0x0000000708800000, 0x0000000708600000| Untracked 
|  62|0x0000000708800000, 0x0000000708a00000, 0x0000000708a00000|100%| O|  |TAMS 0x0000000708a00000, 0x0000000708800000| Untracked 
|  63|0x0000000708a00000, 0x0000000708c00000, 0x0000000708c00000|100%| O|  |TAMS 0x0000000708c00000, 0x0000000708a00000| Untracked 
|  64|0x0000000708c00000, 0x0000000708e00000, 0x0000000708e00000|100%| O|  |TAMS 0x0000000708e00000, 0x0000000708c00000| Untracked 
|  65|0x0000000708e00000, 0x0000000709000000, 0x0000000709000000|100%| O|  |TAMS 0x0000000709000000, 0x0000000708e00000| Untracked 
|  66|0x0000000709000000, 0x0000000709200000, 0x0000000709200000|100%| O|  |TAMS 0x0000000709200000, 0x0000000709000000| Untracked 
|  67|0x0000000709200000, 0x0000000709400000, 0x0000000709400000|100%| O|  |TAMS 0x0000000709400000, 0x0000000709200000| Updating 
|  68|0x0000000709400000, 0x0000000709600000, 0x0000000709600000|100%| O|  |TAMS 0x0000000709600000, 0x0000000709400000| Untracked 
|  69|0x0000000709600000, 0x0000000709800000, 0x0000000709800000|100%| O|  |TAMS 0x0000000709800000, 0x0000000709600000| Untracked 
|  70|0x0000000709800000, 0x0000000709a00000, 0x0000000709a00000|100%| O|  |TAMS 0x0000000709a00000, 0x0000000709800000| Untracked 
|  71|0x0000000709a00000, 0x0000000709c00000, 0x0000000709c00000|100%| O|  |TAMS 0x0000000709c00000, 0x0000000709a00000| Untracked 
|  72|0x0000000709c00000, 0x0000000709e00000, 0x0000000709e00000|100%| O|  |TAMS 0x0000000709e00000, 0x0000000709c00000| Untracked 
|  73|0x0000000709e00000, 0x000000070a000000, 0x000000070a000000|100%| O|  |TAMS 0x000000070a000000, 0x0000000709e00000| Untracked 
|  74|0x000000070a000000, 0x000000070a200000, 0x000000070a200000|100%| O|  |TAMS 0x000000070a200000, 0x000000070a000000| Untracked 
|  75|0x000000070a200000, 0x000000070a400000, 0x000000070a400000|100%| O|  |TAMS 0x000000070a400000, 0x000000070a200000| Updating 
|  76|0x000000070a400000, 0x000000070a600000, 0x000000070a600000|100%| O|  |TAMS 0x000000070a600000, 0x000000070a400000| Untracked 
|  77|0x000000070a600000, 0x000000070a800000, 0x000000070a800000|100%| O|  |TAMS 0x000000070a800000, 0x000000070a600000| Untracked 
|  78|0x000000070a800000, 0x000000070aa00000, 0x000000070aa00000|100%| O|  |TAMS 0x000000070aa00000, 0x000000070a800000| Untracked 
|  79|0x000000070aa00000, 0x000000070ac00000, 0x000000070ac00000|100%| O|  |TAMS 0x000000070ac00000, 0x000000070aa00000| Untracked 
|  80|0x000000070ac00000, 0x000000070ae00000, 0x000000070ae00000|100%| O|  |TAMS 0x000000070ae00000, 0x000000070ac00000| Untracked 
|  81|0x000000070ae00000, 0x000000070b000000, 0x000000070b000000|100%| O|  |TAMS 0x000000070b000000, 0x000000070ae00000| Untracked 
|  82|0x000000070b000000, 0x000000070b200000, 0x000000070b200000|100%| O|  |TAMS 0x000000070b200000, 0x000000070b000000| Untracked 
|  83|0x000000070b200000, 0x000000070b400000, 0x000000070b400000|100%| O|  |TAMS 0x000000070b400000, 0x000000070b200000| Untracked 
|  84|0x000000070b400000, 0x000000070b600000, 0x000000070b600000|100%| O|  |TAMS 0x000000070b600000, 0x000000070b400000| Updating 
|  85|0x000000070b600000, 0x000000070b800000, 0x000000070b800000|100%| O|  |TAMS 0x000000070b800000, 0x000000070b600000| Updating 
|  86|0x000000070b800000, 0x000000070ba00000, 0x000000070ba00000|100%| O|  |TAMS 0x000000070ba00000, 0x000000070b800000| Untracked 
|  87|0x000000070ba00000, 0x000000070bc00000, 0x000000070bc00000|100%| O|  |TAMS 0x000000070bc00000, 0x000000070ba00000| Untracked 
|  88|0x000000070bc00000, 0x000000070be00000, 0x000000070be00000|100%| O|  |TAMS 0x000000070be00000, 0x000000070bc00000| Updating 
|  89|0x000000070be00000, 0x000000070c000000, 0x000000070c000000|100%| O|  |TAMS 0x000000070c000000, 0x000000070be00000| Untracked 
|  90|0x000000070c000000, 0x000000070c200000, 0x000000070c200000|100%| O|  |TAMS 0x000000070c200000, 0x000000070c000000| Untracked 
|  91|0x000000070c200000, 0x000000070c400000, 0x000000070c400000|100%| O|  |TAMS 0x000000070c400000, 0x000000070c200000| Untracked 
|  92|0x000000070c400000, 0x000000070c600000, 0x000000070c600000|100%| O|  |TAMS 0x000000070c600000, 0x000000070c400000| Untracked 
|  93|0x000000070c600000, 0x000000070c800000, 0x000000070c800000|100%| O|  |TAMS 0x000000070c800000, 0x000000070c600000| Untracked 
|  94|0x000000070c800000, 0x000000070ca00000, 0x000000070ca00000|100%| O|  |TAMS 0x000000070ca00000, 0x000000070c800000| Untracked 
|  95|0x000000070ca00000, 0x000000070cc00000, 0x000000070cc00000|100%| O|  |TAMS 0x000000070cc00000, 0x000000070ca00000| Untracked 
|  96|0x000000070cc00000, 0x000000070ce00000, 0x000000070ce00000|100%| O|  |TAMS 0x000000070ce00000, 0x000000070cc00000| Untracked 
|  97|0x000000070ce00000, 0x000000070d000000, 0x000000070d000000|100%| O|  |TAMS 0x000000070d000000, 0x000000070ce00000| Untracked 
|  98|0x000000070d000000, 0x000000070d200000, 0x000000070d200000|100%| O|  |TAMS 0x000000070d200000, 0x000000070d000000| Untracked 
|  99|0x000000070d200000, 0x000000070d400000, 0x000000070d400000|100%| O|  |TAMS 0x000000070d400000, 0x000000070d200000| Untracked 
| 100|0x000000070d400000, 0x000000070d600000, 0x000000070d600000|100%| O|  |TAMS 0x000000070d600000, 0x000000070d400000| Updating 
| 101|0x000000070d600000, 0x000000070d800000, 0x000000070d800000|100%| O|  |TAMS 0x000000070d800000, 0x000000070d600000| Updating 
| 102|0x000000070d800000, 0x000000070da00000, 0x000000070da00000|100%| O|  |TAMS 0x000000070da00000, 0x000000070d800000| Updating 
| 103|0x000000070da00000, 0x000000070dc00000, 0x000000070dc00000|100%| O|  |TAMS 0x000000070dc00000, 0x000000070da00000| Updating 
| 104|0x000000070dc00000, 0x000000070de00000, 0x000000070de00000|100%| O|  |TAMS 0x000000070de00000, 0x000000070dc00000| Updating 
| 105|0x000000070de00000, 0x000000070e000000, 0x000000070e000000|100%| O|  |TAMS 0x000000070e000000, 0x000000070de00000| Updating 
| 106|0x000000070e000000, 0x000000070e200000, 0x000000070e200000|100%| O|  |TAMS 0x000000070e200000, 0x000000070e000000| Untracked 
| 107|0x000000070e200000, 0x000000070e400000, 0x000000070e400000|100%| O|  |TAMS 0x000000070e400000, 0x000000070e200000| Untracked 
| 108|0x000000070e400000, 0x000000070e600000, 0x000000070e600000|100%| O|  |TAMS 0x000000070e600000, 0x000000070e400000| Untracked 
| 109|0x000000070e600000, 0x000000070e800000, 0x000000070e800000|100%| O|  |TAMS 0x000000070e800000, 0x000000070e600000| Untracked 
| 110|0x000000070e800000, 0x000000070ea00000, 0x000000070ea00000|100%| O|  |TAMS 0x000000070ea00000, 0x000000070e800000| Untracked 
| 111|0x000000070ea00000, 0x000000070ec00000, 0x000000070ec00000|100%| O|  |TAMS 0x000000070ec00000, 0x000000070ea00000| Untracked 
| 112|0x000000070ec00000, 0x000000070ee00000, 0x000000070ee00000|100%| O|  |TAMS 0x000000070ee00000, 0x000000070ec00000| Untracked 
| 113|0x000000070ee00000, 0x000000070f000000, 0x000000070f000000|100%| O|  |TAMS 0x000000070f000000, 0x000000070ee00000| Untracked 
| 114|0x000000070f000000, 0x000000070f200000, 0x000000070f200000|100%| O|  |TAMS 0x000000070f200000, 0x000000070f000000| Untracked 
| 115|0x000000070f200000, 0x000000070f400000, 0x000000070f400000|100%| O|  |TAMS 0x000000070f400000, 0x000000070f200000| Updating 
| 116|0x000000070f400000, 0x000000070f600000, 0x000000070f600000|100%| O|  |TAMS 0x000000070f600000, 0x000000070f400000| Updating 
| 117|0x000000070f600000, 0x000000070f800000, 0x000000070f800000|100%| O|  |TAMS 0x000000070f800000, 0x000000070f600000| Untracked 
| 118|0x000000070f800000, 0x000000070fa00000, 0x000000070fa00000|100%| O|  |TAMS 0x000000070fa00000, 0x000000070f800000| Untracked 
| 119|0x000000070fa00000, 0x000000070fc00000, 0x000000070fc00000|100%| O|  |TAMS 0x000000070fc00000, 0x000000070fa00000| Untracked 
| 120|0x000000070fc00000, 0x000000070fe00000, 0x000000070fe00000|100%| O|  |TAMS 0x000000070fe00000, 0x000000070fc00000| Untracked 
| 121|0x000000070fe00000, 0x0000000710000000, 0x0000000710000000|100%| O|  |TAMS 0x0000000710000000, 0x000000070fe00000| Untracked 
| 122|0x0000000710000000, 0x0000000710200000, 0x0000000710200000|100%| O|  |TAMS 0x0000000710200000, 0x0000000710000000| Untracked 
| 123|0x0000000710200000, 0x0000000710400000, 0x0000000710400000|100%| O|  |TAMS 0x0000000710400000, 0x0000000710200000| Untracked 
| 124|0x0000000710400000, 0x0000000710600000, 0x0000000710600000|100%| O|  |TAMS 0x0000000710600000, 0x0000000710400000| Untracked 
| 125|0x0000000710600000, 0x0000000710800000, 0x0000000710800000|100%| O|  |TAMS 0x0000000710800000, 0x0000000710600000| Untracked 
| 126|0x0000000710800000, 0x0000000710a00000, 0x0000000710a00000|100%| O|  |TAMS 0x0000000710a00000, 0x0000000710800000| Untracked 
| 127|0x0000000710a00000, 0x0000000710c00000, 0x0000000710c00000|100%| O|  |TAMS 0x0000000710c00000, 0x0000000710a00000| Untracked 
| 128|0x0000000710c00000, 0x0000000710e00000, 0x0000000710e00000|100%| O|  |TAMS 0x0000000710e00000, 0x0000000710c00000| Untracked 
| 129|0x0000000710e00000, 0x0000000711000000, 0x0000000711000000|100%| O|  |TAMS 0x0000000711000000, 0x0000000710e00000| Untracked 
| 130|0x0000000711000000, 0x0000000711200000, 0x0000000711200000|100%| O|  |TAMS 0x0000000711200000, 0x0000000711000000| Untracked 
| 131|0x0000000711200000, 0x0000000711400000, 0x0000000711400000|100%| O|  |TAMS 0x0000000711400000, 0x0000000711200000| Untracked 
| 132|0x0000000711400000, 0x0000000711600000, 0x0000000711600000|100%| O|  |TAMS 0x0000000711600000, 0x0000000711400000| Untracked 
| 133|0x0000000711600000, 0x0000000711800000, 0x0000000711800000|100%| O|  |TAMS 0x0000000711800000, 0x0000000711600000| Untracked 
| 134|0x0000000711800000, 0x0000000711a00000, 0x0000000711a00000|100%| O|  |TAMS 0x0000000711a00000, 0x0000000711800000| Untracked 
| 135|0x0000000711a00000, 0x0000000711c00000, 0x0000000711c00000|100%| O|  |TAMS 0x0000000711c00000, 0x0000000711a00000| Untracked 
| 136|0x0000000711c00000, 0x0000000711e00000, 0x0000000711e00000|100%| O|  |TAMS 0x0000000711e00000, 0x0000000711c00000| Untracked 
| 137|0x0000000711e00000, 0x0000000712000000, 0x0000000712000000|100%| O|  |TAMS 0x0000000712000000, 0x0000000711e00000| Untracked 
| 138|0x0000000712000000, 0x0000000712200000, 0x0000000712200000|100%| O|  |TAMS 0x0000000712200000, 0x0000000712000000| Untracked 
| 139|0x0000000712200000, 0x0000000712400000, 0x0000000712400000|100%| O|  |TAMS 0x0000000712400000, 0x0000000712200000| Untracked 
| 140|0x0000000712400000, 0x0000000712600000, 0x0000000712600000|100%| O|  |TAMS 0x0000000712600000, 0x0000000712400000| Untracked 
| 141|0x0000000712600000, 0x0000000712800000, 0x0000000712800000|100%| O|  |TAMS 0x0000000712800000, 0x0000000712600000| Untracked 
| 142|0x0000000712800000, 0x0000000712a00000, 0x0000000712a00000|100%| O|  |TAMS 0x0000000712a00000, 0x0000000712800000| Updating 
| 143|0x0000000712a00000, 0x0000000712c00000, 0x0000000712c00000|100%| O|  |TAMS 0x0000000712c00000, 0x0000000712a00000| Updating 
| 144|0x0000000712c00000, 0x0000000712c00000, 0x0000000712e00000|  0%| F|  |TAMS 0x0000000712c00000, 0x0000000712c00000| Untracked 
| 145|0x0000000712e00000, 0x0000000712e00000, 0x0000000713000000|  0%| F|  |TAMS 0x0000000712e00000, 0x0000000712e00000| Untracked 
| 146|0x0000000713000000, 0x0000000713000000, 0x0000000713200000|  0%| F|  |TAMS 0x0000000713000000, 0x0000000713000000| Untracked 
| 147|0x0000000713200000, 0x0000000713200000, 0x0000000713400000|  0%| F|  |TAMS 0x0000000713200000, 0x0000000713200000| Untracked 
| 148|0x0000000713400000, 0x0000000713600000, 0x0000000713600000|100%| O|  |TAMS 0x0000000713600000, 0x0000000713400000| Updating 
| 149|0x0000000713600000, 0x0000000713800000, 0x0000000713800000|100%| O|  |TAMS 0x0000000713800000, 0x0000000713600000| Updating 
| 150|0x0000000713800000, 0x0000000713a00000, 0x0000000713a00000|100%| O|  |TAMS 0x0000000713a00000, 0x0000000713800000| Updating 
| 151|0x0000000713a00000, 0x0000000713c00000, 0x0000000713c00000|100%| O|  |TAMS 0x0000000713c00000, 0x0000000713a00000| Updating 
| 152|0x0000000713c00000, 0x0000000713e00000, 0x0000000713e00000|100%| O|  |TAMS 0x0000000713e00000, 0x0000000713c00000| Updating 
| 153|0x0000000713e00000, 0x0000000714000000, 0x0000000714000000|100%| O|  |TAMS 0x0000000714000000, 0x0000000713e00000| Updating 
| 154|0x0000000714000000, 0x0000000714200000, 0x0000000714200000|100%| O|  |TAMS 0x0000000714200000, 0x0000000714000000| Untracked 
| 155|0x0000000714200000, 0x0000000714200000, 0x0000000714400000|  0%| F|  |TAMS 0x0000000714200000, 0x0000000714200000| Untracked 
| 156|0x0000000714400000, 0x0000000714400000, 0x0000000714600000|  0%| F|  |TAMS 0x0000000714400000, 0x0000000714400000| Untracked 
| 157|0x0000000714600000, 0x0000000714800000, 0x0000000714800000|100%| O|  |TAMS 0x0000000714800000, 0x0000000714600000| Updating 
| 158|0x0000000714800000, 0x0000000714a00000, 0x0000000714a00000|100%| O|  |TAMS 0x0000000714a00000, 0x0000000714800000| Updating 
| 159|0x0000000714a00000, 0x0000000714c00000, 0x0000000714c00000|100%| O|  |TAMS 0x0000000714c00000, 0x0000000714a00000| Updating 
| 160|0x0000000714c00000, 0x0000000714e00000, 0x0000000714e00000|100%| O|  |TAMS 0x0000000714e00000, 0x0000000714c00000| Updating 
| 161|0x0000000714e00000, 0x0000000715000000, 0x0000000715000000|100%| O|  |TAMS 0x0000000715000000, 0x0000000714e00000| Updating 
| 162|0x0000000715000000, 0x0000000715200000, 0x0000000715200000|100%| O|  |TAMS 0x0000000715200000, 0x0000000715000000| Updating 
| 163|0x0000000715200000, 0x0000000715400000, 0x0000000715400000|100%| O|  |TAMS 0x0000000715400000, 0x0000000715200000| Updating 
| 164|0x0000000715400000, 0x0000000715600000, 0x0000000715600000|100%| O|  |TAMS 0x0000000715600000, 0x0000000715400000| Updating 
| 165|0x0000000715600000, 0x0000000715800000, 0x0000000715800000|100%| O|  |TAMS 0x0000000715800000, 0x0000000715600000| Untracked 
| 166|0x0000000715800000, 0x0000000715a00000, 0x0000000715a00000|100%| O|  |TAMS 0x0000000715a00000, 0x0000000715800000| Updating 
| 167|0x0000000715a00000, 0x0000000715c00000, 0x0000000715c00000|100%| O|  |TAMS 0x0000000715c00000, 0x0000000715a00000| Updating 
| 168|0x0000000715c00000, 0x0000000715e00000, 0x0000000715e00000|100%| O|  |TAMS 0x0000000715e00000, 0x0000000715c00000| Updating 
| 169|0x0000000715e00000, 0x0000000716000000, 0x0000000716000000|100%| O|  |TAMS 0x0000000716000000, 0x0000000715e00000| Updating 
| 170|0x0000000716000000, 0x0000000716200000, 0x0000000716200000|100%| O|  |TAMS 0x0000000716200000, 0x0000000716000000| Updating 
| 171|0x0000000716200000, 0x0000000716400000, 0x0000000716400000|100%| O|  |TAMS 0x0000000716400000, 0x0000000716200000| Updating 
| 172|0x0000000716400000, 0x0000000716600000, 0x0000000716600000|100%| O|  |TAMS 0x0000000716600000, 0x0000000716400000| Updating 
| 173|0x0000000716600000, 0x0000000716800000, 0x0000000716800000|100%| O|  |TAMS 0x0000000716800000, 0x0000000716600000| Updating 
| 174|0x0000000716800000, 0x0000000716a00000, 0x0000000716a00000|100%| O|  |TAMS 0x0000000716a00000, 0x0000000716800000| Updating 
| 175|0x0000000716a00000, 0x0000000716c00000, 0x0000000716c00000|100%| O|  |TAMS 0x0000000716c00000, 0x0000000716a00000| Updating 
| 176|0x0000000716c00000, 0x0000000716c00000, 0x0000000716e00000|  0%| F|  |TAMS 0x0000000716c00000, 0x0000000716c00000| Untracked 
| 177|0x0000000716e00000, 0x0000000716e00000, 0x0000000717000000|  0%| F|  |TAMS 0x0000000716e00000, 0x0000000716e00000| Untracked 
| 178|0x0000000717000000, 0x0000000717200000, 0x0000000717200000|100%| O|  |TAMS 0x0000000717200000, 0x0000000717000000| Updating 
| 179|0x0000000717200000, 0x0000000717400000, 0x0000000717400000|100%| O|  |TAMS 0x0000000717400000, 0x0000000717200000| Updating 
| 180|0x0000000717400000, 0x0000000717600000, 0x0000000717600000|100%| O|  |TAMS 0x0000000717600000, 0x0000000717400000| Updating 
| 181|0x0000000717600000, 0x0000000717800000, 0x0000000717800000|100%| O|  |TAMS 0x0000000717800000, 0x0000000717600000| Updating 
| 182|0x0000000717800000, 0x0000000717a00000, 0x0000000717a00000|100%| O|  |TAMS 0x0000000717a00000, 0x0000000717800000| Updating 
| 183|0x0000000717a00000, 0x0000000717c00000, 0x0000000717c00000|100%| O|  |TAMS 0x0000000717c00000, 0x0000000717a00000| Updating 
| 184|0x0000000717c00000, 0x0000000717e00000, 0x0000000717e00000|100%| O|  |TAMS 0x0000000717e00000, 0x0000000717c00000| Updating 
| 185|0x0000000717e00000, 0x0000000718000000, 0x0000000718000000|100%| O|  |TAMS 0x0000000718000000, 0x0000000717e00000| Updating 
| 186|0x0000000718000000, 0x0000000718200000, 0x0000000718200000|100%| O|  |TAMS 0x0000000718200000, 0x0000000718000000| Updating 
| 187|0x0000000718200000, 0x0000000718400000, 0x0000000718400000|100%| O|  |TAMS 0x0000000718400000, 0x0000000718200000| Updating 
| 188|0x0000000718400000, 0x0000000718600000, 0x0000000718600000|100%| O|  |TAMS 0x0000000718600000, 0x0000000718400000| Updating 
| 189|0x0000000718600000, 0x0000000718800000, 0x0000000718800000|100%| O|  |TAMS 0x0000000718800000, 0x0000000718600000| Updating 
| 190|0x0000000718800000, 0x0000000718a00000, 0x0000000718a00000|100%| O|  |TAMS 0x0000000718a00000, 0x0000000718800000| Updating 
| 191|0x0000000718a00000, 0x0000000718a00000, 0x0000000718c00000|  0%| F|  |TAMS 0x0000000718a00000, 0x0000000718a00000| Untracked 
| 192|0x0000000718c00000, 0x0000000718c00000, 0x0000000718e00000|  0%| F|  |TAMS 0x0000000718c00000, 0x0000000718c00000| Untracked 
| 193|0x0000000718e00000, 0x0000000719000000, 0x0000000719000000|100%| O|  |TAMS 0x0000000719000000, 0x0000000718e00000| Updating 
| 194|0x0000000719000000, 0x0000000719200000, 0x0000000719200000|100%| O|  |TAMS 0x0000000719200000, 0x0000000719000000| Updating 
| 195|0x0000000719200000, 0x0000000719400000, 0x0000000719400000|100%| O|  |TAMS 0x0000000719400000, 0x0000000719200000| Updating 
| 196|0x0000000719400000, 0x0000000719600000, 0x0000000719600000|100%| O|  |TAMS 0x0000000719600000, 0x0000000719400000| Updating 
| 197|0x0000000719600000, 0x0000000719600000, 0x0000000719800000|  0%| F|  |TAMS 0x0000000719600000, 0x0000000719600000| Untracked 
| 198|0x0000000719800000, 0x0000000719a00000, 0x0000000719a00000|100%| O|  |TAMS 0x0000000719a00000, 0x0000000719800000| Updating 
| 199|0x0000000719a00000, 0x0000000719c00000, 0x0000000719c00000|100%| O|  |TAMS 0x0000000719c00000, 0x0000000719a00000| Updating 
| 200|0x0000000719c00000, 0x0000000719e00000, 0x0000000719e00000|100%| O|  |TAMS 0x0000000719e00000, 0x0000000719c00000| Updating 
| 201|0x0000000719e00000, 0x000000071a000000, 0x000000071a000000|100%| O|  |TAMS 0x000000071a000000, 0x0000000719e00000| Updating 
| 202|0x000000071a000000, 0x000000071a200000, 0x000000071a200000|100%| O|  |TAMS 0x000000071a200000, 0x000000071a000000| Updating 
| 203|0x000000071a200000, 0x000000071a200000, 0x000000071a400000|  0%| F|  |TAMS 0x000000071a200000, 0x000000071a200000| Untracked 
| 204|0x000000071a400000, 0x000000071a600000, 0x000000071a600000|100%| O|  |TAMS 0x000000071a600000, 0x000000071a400000| Updating 
| 205|0x000000071a600000, 0x000000071a800000, 0x000000071a800000|100%| O|  |TAMS 0x000000071a800000, 0x000000071a600000| Updating 
| 206|0x000000071a800000, 0x000000071aa00000, 0x000000071aa00000|100%| O|  |TAMS 0x000000071aa00000, 0x000000071a800000| Updating 
| 207|0x000000071aa00000, 0x000000071ac00000, 0x000000071ac00000|100%| O|  |TAMS 0x000000071ac00000, 0x000000071aa00000| Updating 
| 208|0x000000071ac00000, 0x000000071ae00000, 0x000000071ae00000|100%| O|  |TAMS 0x000000071ae00000, 0x000000071ac00000| Updating 
| 209|0x000000071ae00000, 0x000000071b000000, 0x000000071b000000|100%| O|  |TAMS 0x000000071b000000, 0x000000071ae00000| Updating 
| 210|0x000000071b000000, 0x000000071b200000, 0x000000071b200000|100%| O|  |TAMS 0x000000071b200000, 0x000000071b000000| Updating 
| 211|0x000000071b200000, 0x000000071b400000, 0x000000071b400000|100%| O|  |TAMS 0x000000071b400000, 0x000000071b200000| Updating 
| 212|0x000000071b400000, 0x000000071b600000, 0x000000071b600000|100%| O|  |TAMS 0x000000071b600000, 0x000000071b400000| Updating 
| 213|0x000000071b600000, 0x000000071b800000, 0x000000071b800000|100%| O|  |TAMS 0x000000071b800000, 0x000000071b600000| Updating 
| 214|0x000000071b800000, 0x000000071b800000, 0x000000071ba00000|  0%| F|  |TAMS 0x000000071b800000, 0x000000071b800000| Untracked 
| 215|0x000000071ba00000, 0x000000071ba00000, 0x000000071bc00000|  0%| F|  |TAMS 0x000000071ba00000, 0x000000071ba00000| Untracked 
| 216|0x000000071bc00000, 0x000000071be00000, 0x000000071be00000|100%| O|  |TAMS 0x000000071be00000, 0x000000071bc00000| Updating 
| 217|0x000000071be00000, 0x000000071c000000, 0x000000071c000000|100%| O|  |TAMS 0x000000071c000000, 0x000000071be00000| Updating 
| 218|0x000000071c000000, 0x000000071c200000, 0x000000071c200000|100%| O|  |TAMS 0x000000071c200000, 0x000000071c000000| Updating 
| 219|0x000000071c200000, 0x000000071c200000, 0x000000071c400000|  0%| F|  |TAMS 0x000000071c200000, 0x000000071c200000| Untracked 
| 220|0x000000071c400000, 0x000000071c600000, 0x000000071c600000|100%| O|  |TAMS 0x000000071c600000, 0x000000071c400000| Updating 
| 221|0x000000071c600000, 0x000000071c600000, 0x000000071c800000|  0%| F|  |TAMS 0x000000071c600000, 0x000000071c600000| Untracked 
| 222|0x000000071c800000, 0x000000071ca00000, 0x000000071ca00000|100%| O|  |TAMS 0x000000071ca00000, 0x000000071c800000| Updating 
| 223|0x000000071ca00000, 0x000000071cc00000, 0x000000071cc00000|100%| O|  |TAMS 0x000000071cc00000, 0x000000071ca00000| Updating 
| 224|0x000000071cc00000, 0x000000071ce00000, 0x000000071ce00000|100%| O|  |TAMS 0x000000071ce00000, 0x000000071cc00000| Updating 
| 225|0x000000071ce00000, 0x000000071d000000, 0x000000071d000000|100%| O|  |TAMS 0x000000071d000000, 0x000000071ce00000| Updating 
| 226|0x000000071d000000, 0x000000071d200000, 0x000000071d200000|100%| O|  |TAMS 0x000000071d200000, 0x000000071d000000| Updating 
| 227|0x000000071d200000, 0x000000071d400000, 0x000000071d400000|100%| O|  |TAMS 0x000000071d400000, 0x000000071d200000| Updating 
| 228|0x000000071d400000, 0x000000071d600000, 0x000000071d600000|100%| O|  |TAMS 0x000000071d600000, 0x000000071d400000| Updating 
| 229|0x000000071d600000, 0x000000071d800000, 0x000000071d800000|100%| O|  |TAMS 0x000000071d800000, 0x000000071d600000| Updating 
| 230|0x000000071d800000, 0x000000071da00000, 0x000000071da00000|100%| O|  |TAMS 0x000000071da00000, 0x000000071d800000| Updating 
| 231|0x000000071da00000, 0x000000071dc00000, 0x000000071dc00000|100%| O|  |TAMS 0x000000071dc00000, 0x000000071da00000| Updating 
| 232|0x000000071dc00000, 0x000000071de00000, 0x000000071de00000|100%| O|  |TAMS 0x000000071de00000, 0x000000071dc00000| Updating 
| 233|0x000000071de00000, 0x000000071e000000, 0x000000071e000000|100%| O|  |TAMS 0x000000071e000000, 0x000000071de00000| Updating 
| 234|0x000000071e000000, 0x000000071e200000, 0x000000071e200000|100%| O|  |TAMS 0x000000071e200000, 0x000000071e000000| Updating 
| 235|0x000000071e200000, 0x000000071e400000, 0x000000071e400000|100%| O|  |TAMS 0x000000071e400000, 0x000000071e200000| Updating 
| 236|0x000000071e400000, 0x000000071e600000, 0x000000071e600000|100%| O|  |TAMS 0x000000071e600000, 0x000000071e400000| Updating 
| 237|0x000000071e600000, 0x000000071e600000, 0x000000071e800000|  0%| F|  |TAMS 0x000000071e600000, 0x000000071e600000| Untracked 
| 238|0x000000071e800000, 0x000000071ea00000, 0x000000071ea00000|100%| O|  |TAMS 0x000000071ea00000, 0x000000071e800000| Updating 
| 239|0x000000071ea00000, 0x000000071ec00000, 0x000000071ec00000|100%| O|  |TAMS 0x000000071ec00000, 0x000000071ea00000| Updating 
| 240|0x000000071ec00000, 0x000000071ee00000, 0x000000071ee00000|100%| O|  |TAMS 0x000000071ee00000, 0x000000071ec00000| Updating 
| 241|0x000000071ee00000, 0x000000071f000000, 0x000000071f000000|100%| O|  |TAMS 0x000000071f000000, 0x000000071ee00000| Updating 
| 242|0x000000071f000000, 0x000000071f200000, 0x000000071f200000|100%| O|  |TAMS 0x000000071f200000, 0x000000071f000000| Updating 
| 243|0x000000071f200000, 0x000000071f400000, 0x000000071f400000|100%| O|  |TAMS 0x000000071f400000, 0x000000071f200000| Updating 
| 244|0x000000071f400000, 0x000000071f600000, 0x000000071f600000|100%| O|  |TAMS 0x000000071f600000, 0x000000071f400000| Updating 
| 245|0x000000071f600000, 0x000000071f800000, 0x000000071f800000|100%| O|  |TAMS 0x000000071f800000, 0x000000071f600000| Updating 
| 246|0x000000071f800000, 0x000000071fa00000, 0x000000071fa00000|100%| O|  |TAMS 0x000000071fa00000, 0x000000071f800000| Updating 
| 247|0x000000071fa00000, 0x000000071fc00000, 0x000000071fc00000|100%| O|  |TAMS 0x000000071fc00000, 0x000000071fa00000| Updating 
| 248|0x000000071fc00000, 0x000000071fe00000, 0x000000071fe00000|100%| O|  |TAMS 0x000000071fe00000, 0x000000071fc00000| Updating 
| 249|0x000000071fe00000, 0x0000000720000000, 0x0000000720000000|100%| O|  |TAMS 0x0000000720000000, 0x000000071fe00000| Updating 
| 250|0x0000000720000000, 0x0000000720200000, 0x0000000720200000|100%| O|  |TAMS 0x0000000720200000, 0x0000000720000000| Updating 
| 251|0x0000000720200000, 0x0000000720400000, 0x0000000720400000|100%| O|  |TAMS 0x0000000720400000, 0x0000000720200000| Updating 
| 252|0x0000000720400000, 0x0000000720600000, 0x0000000720600000|100%| O|  |TAMS 0x0000000720600000, 0x0000000720400000| Updating 
| 253|0x0000000720600000, 0x0000000720800000, 0x0000000720800000|100%| O|  |TAMS 0x0000000720800000, 0x0000000720600000| Updating 
| 254|0x0000000720800000, 0x0000000720a00000, 0x0000000720a00000|100%| O|  |TAMS 0x0000000720a00000, 0x0000000720800000| Updating 
| 255|0x0000000720a00000, 0x0000000720c00000, 0x0000000720c00000|100%| O|  |TAMS 0x0000000720c00000, 0x0000000720a00000| Updating 
| 256|0x0000000720c00000, 0x0000000720c00000, 0x0000000720e00000|  0%| F|  |TAMS 0x0000000720c00000, 0x0000000720c00000| Untracked 
| 257|0x0000000720e00000, 0x0000000721000000, 0x0000000721000000|100%| O|  |TAMS 0x0000000721000000, 0x0000000720e00000| Updating 
| 258|0x0000000721000000, 0x0000000721200000, 0x0000000721200000|100%| O|  |TAMS 0x0000000721200000, 0x0000000721000000| Updating 
| 259|0x0000000721200000, 0x0000000721400000, 0x0000000721400000|100%| O|  |TAMS 0x0000000721400000, 0x0000000721200000| Updating 
| 260|0x0000000721400000, 0x0000000721600000, 0x0000000721600000|100%| O|  |TAMS 0x0000000721600000, 0x0000000721400000| Updating 
| 261|0x0000000721600000, 0x0000000721800000, 0x0000000721800000|100%| O|  |TAMS 0x0000000721800000, 0x0000000721600000| Updating 
| 262|0x0000000721800000, 0x0000000721800000, 0x0000000721a00000|  0%| F|  |TAMS 0x0000000721800000, 0x0000000721800000| Untracked 
| 263|0x0000000721a00000, 0x0000000721a00000, 0x0000000721c00000|  0%| F|  |TAMS 0x0000000721a00000, 0x0000000721a00000| Untracked 
| 264|0x0000000721c00000, 0x0000000721e00000, 0x0000000721e00000|100%| O|  |TAMS 0x0000000721e00000, 0x0000000721c00000| Updating 
| 265|0x0000000721e00000, 0x0000000722000000, 0x0000000722000000|100%| O|  |TAMS 0x0000000722000000, 0x0000000721e00000| Updating 
| 266|0x0000000722000000, 0x0000000722200000, 0x0000000722200000|100%| O|  |TAMS 0x0000000722200000, 0x0000000722000000| Updating 
| 267|0x0000000722200000, 0x0000000722400000, 0x0000000722400000|100%| O|  |TAMS 0x0000000722400000, 0x0000000722200000| Updating 
| 268|0x0000000722400000, 0x0000000722600000, 0x0000000722600000|100%| O|  |TAMS 0x0000000722600000, 0x0000000722400000| Updating 
| 269|0x0000000722600000, 0x0000000722800000, 0x0000000722800000|100%| O|  |TAMS 0x0000000722800000, 0x0000000722600000| Updating 
| 270|0x0000000722800000, 0x0000000722a00000, 0x0000000722a00000|100%| O|  |TAMS 0x0000000722a00000, 0x0000000722800000| Updating 
| 271|0x0000000722a00000, 0x0000000722c00000, 0x0000000722c00000|100%| O|  |TAMS 0x0000000722c00000, 0x0000000722a00000| Updating 
| 272|0x0000000722c00000, 0x0000000722e00000, 0x0000000722e00000|100%| O|  |TAMS 0x0000000722e00000, 0x0000000722c00000| Updating 
| 273|0x0000000722e00000, 0x0000000723000000, 0x0000000723000000|100%| O|  |TAMS 0x0000000723000000, 0x0000000722e00000| Updating 
| 274|0x0000000723000000, 0x0000000723200000, 0x0000000723200000|100%| O|  |TAMS 0x0000000723200000, 0x0000000723000000| Updating 
| 275|0x0000000723200000, 0x0000000723400000, 0x0000000723400000|100%| O|  |TAMS 0x0000000723400000, 0x0000000723200000| Updating 
| 276|0x0000000723400000, 0x0000000723600000, 0x0000000723600000|100%| O|  |TAMS 0x0000000723600000, 0x0000000723400000| Updating 
| 277|0x0000000723600000, 0x0000000723800000, 0x0000000723800000|100%| O|  |TAMS 0x0000000723800000, 0x0000000723600000| Updating 
| 278|0x0000000723800000, 0x0000000723a00000, 0x0000000723a00000|100%| O|  |TAMS 0x0000000723a00000, 0x0000000723800000| Updating 
| 279|0x0000000723a00000, 0x0000000723c00000, 0x0000000723c00000|100%| O|  |TAMS 0x0000000723c00000, 0x0000000723a00000| Updating 
| 280|0x0000000723c00000, 0x0000000723c00000, 0x0000000723e00000|  0%| F|  |TAMS 0x0000000723c00000, 0x0000000723c00000| Untracked 
| 281|0x0000000723e00000, 0x0000000724000000, 0x0000000724000000|100%| O|  |TAMS 0x0000000724000000, 0x0000000723e00000| Updating 
| 282|0x0000000724000000, 0x0000000724200000, 0x0000000724200000|100%| O|  |TAMS 0x0000000724200000, 0x0000000724000000| Updating 
| 283|0x0000000724200000, 0x0000000724400000, 0x0000000724400000|100%| O|  |TAMS 0x0000000724400000, 0x0000000724200000| Updating 
| 284|0x0000000724400000, 0x0000000724400000, 0x0000000724600000|  0%| F|  |TAMS 0x0000000724400000, 0x0000000724400000| Untracked 
| 285|0x0000000724600000, 0x0000000724800000, 0x0000000724800000|100%| O|  |TAMS 0x0000000724800000, 0x0000000724600000| Updating 
| 286|0x0000000724800000, 0x0000000724a00000, 0x0000000724a00000|100%| O|  |TAMS 0x0000000724a00000, 0x0000000724800000| Updating 
| 287|0x0000000724a00000, 0x0000000724a00000, 0x0000000724c00000|  0%| F|  |TAMS 0x0000000724a00000, 0x0000000724a00000| Untracked 
| 288|0x0000000724c00000, 0x0000000724c00000, 0x0000000724e00000|  0%| F|  |TAMS 0x0000000724c00000, 0x0000000724c00000| Untracked 
| 289|0x0000000724e00000, 0x0000000725000000, 0x0000000725000000|100%| O|  |TAMS 0x0000000725000000, 0x0000000724e00000| Updating 
| 290|0x0000000725000000, 0x0000000725200000, 0x0000000725200000|100%| O|  |TAMS 0x0000000725200000, 0x0000000725000000| Updating 
| 291|0x0000000725200000, 0x0000000725400000, 0x0000000725400000|100%| O|  |TAMS 0x0000000725400000, 0x0000000725200000| Updating 
| 292|0x0000000725400000, 0x0000000725600000, 0x0000000725600000|100%| O|  |TAMS 0x0000000725600000, 0x0000000725400000| Updating 
| 293|0x0000000725600000, 0x0000000725800000, 0x0000000725800000|100%| O|  |TAMS 0x0000000725800000, 0x0000000725600000| Updating 
| 294|0x0000000725800000, 0x0000000725800000, 0x0000000725a00000|  0%| F|  |TAMS 0x0000000725800000, 0x0000000725800000| Untracked 
| 295|0x0000000725a00000, 0x0000000725a00000, 0x0000000725c00000|  0%| F|  |TAMS 0x0000000725a00000, 0x0000000725a00000| Untracked 
| 296|0x0000000725c00000, 0x0000000725c00000, 0x0000000725e00000|  0%| F|  |TAMS 0x0000000725c00000, 0x0000000725c00000| Untracked 
| 297|0x0000000725e00000, 0x0000000726000000, 0x0000000726000000|100%| O|  |TAMS 0x0000000726000000, 0x0000000725e00000| Updating 
| 298|0x0000000726000000, 0x0000000726000000, 0x0000000726200000|  0%| F|  |TAMS 0x0000000726000000, 0x0000000726000000| Untracked 
| 299|0x0000000726200000, 0x0000000726200000, 0x0000000726400000|  0%| F|  |TAMS 0x0000000726200000, 0x0000000726200000| Untracked 
| 300|0x0000000726400000, 0x0000000726600000, 0x0000000726600000|100%| O|  |TAMS 0x0000000726600000, 0x0000000726400000| Updating 
| 301|0x0000000726600000, 0x0000000726600000, 0x0000000726800000|  0%| F|  |TAMS 0x0000000726600000, 0x0000000726600000| Untracked 
| 302|0x0000000726800000, 0x0000000726800000, 0x0000000726a00000|  0%| F|  |TAMS 0x0000000726800000, 0x0000000726800000| Untracked 
| 303|0x0000000726a00000, 0x0000000726c00000, 0x0000000726c00000|100%| O|  |TAMS 0x0000000726c00000, 0x0000000726a00000| Updating 
| 304|0x0000000726c00000, 0x0000000726e00000, 0x0000000726e00000|100%| O|  |TAMS 0x0000000726e00000, 0x0000000726c00000| Updating 
| 305|0x0000000726e00000, 0x0000000727000000, 0x0000000727000000|100%| O|  |TAMS 0x0000000727000000, 0x0000000726e00000| Updating 
| 306|0x0000000727000000, 0x0000000727200000, 0x0000000727200000|100%| O|  |TAMS 0x0000000727200000, 0x0000000727000000| Updating 
| 307|0x0000000727200000, 0x0000000727400000, 0x0000000727400000|100%| O|  |TAMS 0x0000000727400000, 0x0000000727200000| Updating 
| 308|0x0000000727400000, 0x0000000727600000, 0x0000000727600000|100%| O|  |TAMS 0x0000000727600000, 0x0000000727400000| Updating 
| 309|0x0000000727600000, 0x0000000727800000, 0x0000000727800000|100%| O|  |TAMS 0x0000000727800000, 0x0000000727600000| Updating 
| 310|0x0000000727800000, 0x0000000727a00000, 0x0000000727a00000|100%| O|  |TAMS 0x0000000727a00000, 0x0000000727800000| Updating 
| 311|0x0000000727a00000, 0x0000000727c00000, 0x0000000727c00000|100%| O|  |TAMS 0x0000000727c00000, 0x0000000727a00000| Updating 
| 312|0x0000000727c00000, 0x0000000727e00000, 0x0000000727e00000|100%| O|  |TAMS 0x0000000727e00000, 0x0000000727c00000| Updating 
| 313|0x0000000727e00000, 0x0000000728000000, 0x0000000728000000|100%| O|  |TAMS 0x0000000728000000, 0x0000000727e00000| Updating 
| 314|0x0000000728000000, 0x0000000728200000, 0x0000000728200000|100%| O|  |TAMS 0x0000000728200000, 0x0000000728000000| Updating 
| 315|0x0000000728200000, 0x0000000728400000, 0x0000000728400000|100%| O|  |TAMS 0x0000000728400000, 0x0000000728200000| Updating 
| 316|0x0000000728400000, 0x0000000728600000, 0x0000000728600000|100%| O|  |TAMS 0x0000000728600000, 0x0000000728400000| Updating 
| 317|0x0000000728600000, 0x0000000728800000, 0x0000000728800000|100%| O|  |TAMS 0x0000000728800000, 0x0000000728600000| Updating 
| 318|0x0000000728800000, 0x0000000728a00000, 0x0000000728a00000|100%| O|  |TAMS 0x0000000728a00000, 0x0000000728800000| Updating 
| 319|0x0000000728a00000, 0x0000000728c00000, 0x0000000728c00000|100%| O|  |TAMS 0x0000000728c00000, 0x0000000728a00000| Updating 
| 320|0x0000000728c00000, 0x0000000728e00000, 0x0000000728e00000|100%| O|  |TAMS 0x0000000728e00000, 0x0000000728c00000| Updating 
| 321|0x0000000728e00000, 0x0000000729000000, 0x0000000729000000|100%| O|  |TAMS 0x0000000729000000, 0x0000000728e00000| Updating 
| 322|0x0000000729000000, 0x0000000729200000, 0x0000000729200000|100%| O|  |TAMS 0x0000000729200000, 0x0000000729000000| Updating 
| 323|0x0000000729200000, 0x0000000729400000, 0x0000000729400000|100%| O|  |TAMS 0x0000000729400000, 0x0000000729200000| Updating 
| 324|0x0000000729400000, 0x0000000729600000, 0x0000000729600000|100%| O|  |TAMS 0x0000000729600000, 0x0000000729400000| Updating 
| 325|0x0000000729600000, 0x0000000729800000, 0x0000000729800000|100%| O|  |TAMS 0x0000000729800000, 0x0000000729600000| Updating 
| 326|0x0000000729800000, 0x0000000729a00000, 0x0000000729a00000|100%| O|  |TAMS 0x0000000729a00000, 0x0000000729800000| Updating 
| 327|0x0000000729a00000, 0x0000000729c00000, 0x0000000729c00000|100%| O|  |TAMS 0x0000000729c00000, 0x0000000729a00000| Updating 
| 328|0x0000000729c00000, 0x0000000729e00000, 0x0000000729e00000|100%| O|  |TAMS 0x0000000729e00000, 0x0000000729c00000| Updating 
| 329|0x0000000729e00000, 0x000000072a000000, 0x000000072a000000|100%| O|  |TAMS 0x000000072a000000, 0x0000000729e00000| Updating 
| 330|0x000000072a000000, 0x000000072a200000, 0x000000072a200000|100%| O|  |TAMS 0x000000072a200000, 0x000000072a000000| Updating 
| 331|0x000000072a200000, 0x000000072a400000, 0x000000072a400000|100%| O|  |TAMS 0x000000072a400000, 0x000000072a200000| Updating 
| 332|0x000000072a400000, 0x000000072a600000, 0x000000072a600000|100%| O|  |TAMS 0x000000072a600000, 0x000000072a400000| Updating 
| 333|0x000000072a600000, 0x000000072a800000, 0x000000072a800000|100%| O|  |TAMS 0x000000072a800000, 0x000000072a600000| Updating 
| 334|0x000000072a800000, 0x000000072aa00000, 0x000000072aa00000|100%| O|  |TAMS 0x000000072aa00000, 0x000000072a800000| Updating 
| 335|0x000000072aa00000, 0x000000072ac00000, 0x000000072ac00000|100%| O|  |TAMS 0x000000072ac00000, 0x000000072aa00000| Updating 
| 336|0x000000072ac00000, 0x000000072ae00000, 0x000000072ae00000|100%| O|  |TAMS 0x000000072ae00000, 0x000000072ac00000| Updating 
| 337|0x000000072ae00000, 0x000000072b000000, 0x000000072b000000|100%| O|  |TAMS 0x000000072b000000, 0x000000072ae00000| Updating 
| 338|0x000000072b000000, 0x000000072b200000, 0x000000072b200000|100%| O|  |TAMS 0x000000072b200000, 0x000000072b000000| Updating 
| 339|0x000000072b200000, 0x000000072b400000, 0x000000072b400000|100%| O|  |TAMS 0x000000072b400000, 0x000000072b200000| Updating 
| 340|0x000000072b400000, 0x000000072b600000, 0x000000072b600000|100%| O|  |TAMS 0x000000072b600000, 0x000000072b400000| Updating 
| 341|0x000000072b600000, 0x000000072b800000, 0x000000072b800000|100%| O|  |TAMS 0x000000072b800000, 0x000000072b600000| Updating 
| 342|0x000000072b800000, 0x000000072ba00000, 0x000000072ba00000|100%| O|  |TAMS 0x000000072ba00000, 0x000000072b800000| Updating 
| 343|0x000000072ba00000, 0x000000072bc00000, 0x000000072bc00000|100%| O|  |TAMS 0x000000072bc00000, 0x000000072ba00000| Updating 
| 344|0x000000072bc00000, 0x000000072be00000, 0x000000072be00000|100%| O|  |TAMS 0x000000072be00000, 0x000000072bc00000| Updating 
| 345|0x000000072be00000, 0x000000072c000000, 0x000000072c000000|100%| O|  |TAMS 0x000000072c000000, 0x000000072be00000| Updating 
| 346|0x000000072c000000, 0x000000072c200000, 0x000000072c200000|100%| O|  |TAMS 0x000000072c200000, 0x000000072c000000| Updating 
| 347|0x000000072c200000, 0x000000072c400000, 0x000000072c400000|100%| O|  |TAMS 0x000000072c400000, 0x000000072c200000| Updating 
| 348|0x000000072c400000, 0x000000072c600000, 0x000000072c600000|100%| O|  |TAMS 0x000000072c600000, 0x000000072c400000| Updating 
| 349|0x000000072c600000, 0x000000072c800000, 0x000000072c800000|100%| O|  |TAMS 0x000000072c800000, 0x000000072c600000| Updating 
| 350|0x000000072c800000, 0x000000072ca00000, 0x000000072ca00000|100%| O|  |TAMS 0x000000072ca00000, 0x000000072c800000| Updating 
| 351|0x000000072ca00000, 0x000000072cc00000, 0x000000072cc00000|100%| O|  |TAMS 0x000000072cc00000, 0x000000072ca00000| Updating 
| 352|0x000000072cc00000, 0x000000072ce00000, 0x000000072ce00000|100%| O|  |TAMS 0x000000072ce00000, 0x000000072cc00000| Updating 
| 353|0x000000072ce00000, 0x000000072d000000, 0x000000072d000000|100%| O|  |TAMS 0x000000072d000000, 0x000000072ce00000| Updating 
| 354|0x000000072d000000, 0x000000072d000000, 0x000000072d200000|  0%| F|  |TAMS 0x000000072d000000, 0x000000072d000000| Untracked 
| 355|0x000000072d200000, 0x000000072d200000, 0x000000072d400000|  0%| F|  |TAMS 0x000000072d200000, 0x000000072d200000| Untracked 
| 356|0x000000072d400000, 0x000000072d400000, 0x000000072d600000|  0%| F|  |TAMS 0x000000072d400000, 0x000000072d400000| Untracked 
| 357|0x000000072d600000, 0x000000072d600000, 0x000000072d800000|  0%| F|  |TAMS 0x000000072d600000, 0x000000072d600000| Untracked 
| 358|0x000000072d800000, 0x000000072d800000, 0x000000072da00000|  0%| F|  |TAMS 0x000000072d800000, 0x000000072d800000| Untracked 
| 359|0x000000072da00000, 0x000000072da00000, 0x000000072dc00000|  0%| F|  |TAMS 0x000000072da00000, 0x000000072da00000| Untracked 
| 360|0x000000072dc00000, 0x000000072de00000, 0x000000072de00000|100%| O|  |TAMS 0x000000072de00000, 0x000000072dc00000| Updating 
| 361|0x000000072de00000, 0x000000072e000000, 0x000000072e000000|100%| O|  |TAMS 0x000000072e000000, 0x000000072de00000| Updating 
| 362|0x000000072e000000, 0x000000072e200000, 0x000000072e200000|100%| O|  |TAMS 0x000000072e200000, 0x000000072e000000| Updating 
| 363|0x000000072e200000, 0x000000072e400000, 0x000000072e400000|100%| O|  |TAMS 0x000000072e400000, 0x000000072e200000| Updating 
| 364|0x000000072e400000, 0x000000072e600000, 0x000000072e600000|100%| O|  |TAMS 0x000000072e600000, 0x000000072e400000| Updating 
| 365|0x000000072e600000, 0x000000072e800000, 0x000000072e800000|100%| O|  |TAMS 0x000000072e800000, 0x000000072e600000| Updating 
| 366|0x000000072e800000, 0x000000072ea00000, 0x000000072ea00000|100%| O|  |TAMS 0x000000072ea00000, 0x000000072e800000| Updating 
| 367|0x000000072ea00000, 0x000000072ec00000, 0x000000072ec00000|100%| O|  |TAMS 0x000000072ec00000, 0x000000072ea00000| Updating 
| 368|0x000000072ec00000, 0x000000072ee00000, 0x000000072ee00000|100%| O|  |TAMS 0x000000072ee00000, 0x000000072ec00000| Updating 
| 369|0x000000072ee00000, 0x000000072f000000, 0x000000072f000000|100%| O|  |TAMS 0x000000072f000000, 0x000000072ee00000| Updating 
| 370|0x000000072f000000, 0x000000072f200000, 0x000000072f200000|100%| O|  |TAMS 0x000000072f200000, 0x000000072f000000| Updating 
| 371|0x000000072f200000, 0x000000072f400000, 0x000000072f400000|100%| O|  |TAMS 0x000000072f400000, 0x000000072f200000| Updating 
| 372|0x000000072f400000, 0x000000072f600000, 0x000000072f600000|100%| O|  |TAMS 0x000000072f600000, 0x000000072f400000| Updating 
| 373|0x000000072f600000, 0x000000072f800000, 0x000000072f800000|100%| O|  |TAMS 0x000000072f800000, 0x000000072f600000| Updating 
| 374|0x000000072f800000, 0x000000072fa00000, 0x000000072fa00000|100%| O|  |TAMS 0x000000072fa00000, 0x000000072f800000| Updating 
| 375|0x000000072fa00000, 0x000000072fc00000, 0x000000072fc00000|100%| O|  |TAMS 0x000000072fc00000, 0x000000072fa00000| Updating 
| 376|0x000000072fc00000, 0x000000072fe00000, 0x000000072fe00000|100%| O|  |TAMS 0x000000072fe00000, 0x000000072fc00000| Updating 
| 377|0x000000072fe00000, 0x0000000730000000, 0x0000000730000000|100%| O|  |TAMS 0x0000000730000000, 0x000000072fe00000| Updating 
| 378|0x0000000730000000, 0x0000000730200000, 0x0000000730200000|100%| O|  |TAMS 0x0000000730200000, 0x0000000730000000| Updating 
| 379|0x0000000730200000, 0x0000000730400000, 0x0000000730400000|100%| O|  |TAMS 0x0000000730400000, 0x0000000730200000| Updating 
| 380|0x0000000730400000, 0x0000000730600000, 0x0000000730600000|100%| O|  |TAMS 0x0000000730600000, 0x0000000730400000| Updating 
| 381|0x0000000730600000, 0x0000000730800000, 0x0000000730800000|100%| O|  |TAMS 0x0000000730800000, 0x0000000730600000| Updating 
| 382|0x0000000730800000, 0x0000000730a00000, 0x0000000730a00000|100%| O|  |TAMS 0x0000000730a00000, 0x0000000730800000| Updating 
| 383|0x0000000730a00000, 0x0000000730c00000, 0x0000000730c00000|100%| O|  |TAMS 0x0000000730c00000, 0x0000000730a00000| Updating 
| 384|0x0000000730c00000, 0x0000000730e00000, 0x0000000730e00000|100%| O|  |TAMS 0x0000000730e00000, 0x0000000730c00000| Updating 
| 385|0x0000000730e00000, 0x0000000731000000, 0x0000000731000000|100%| O|  |TAMS 0x0000000731000000, 0x0000000730e00000| Updating 
| 386|0x0000000731000000, 0x0000000731200000, 0x0000000731200000|100%| O|  |TAMS 0x0000000731200000, 0x0000000731000000| Updating 
| 387|0x0000000731200000, 0x0000000731400000, 0x0000000731400000|100%| O|  |TAMS 0x0000000731400000, 0x0000000731200000| Updating 
| 388|0x0000000731400000, 0x0000000731600000, 0x0000000731600000|100%| O|  |TAMS 0x0000000731600000, 0x0000000731400000| Updating 
| 389|0x0000000731600000, 0x0000000731800000, 0x0000000731800000|100%| O|  |TAMS 0x0000000731800000, 0x0000000731600000| Updating 
| 390|0x0000000731800000, 0x0000000731a00000, 0x0000000731a00000|100%| O|  |TAMS 0x0000000731a00000, 0x0000000731800000| Updating 
| 391|0x0000000731a00000, 0x0000000731c00000, 0x0000000731c00000|100%| O|  |TAMS 0x0000000731c00000, 0x0000000731a00000| Updating 
| 392|0x0000000731c00000, 0x0000000731e00000, 0x0000000731e00000|100%| O|  |TAMS 0x0000000731e00000, 0x0000000731c00000| Updating 
| 393|0x0000000731e00000, 0x0000000732000000, 0x0000000732000000|100%| O|  |TAMS 0x0000000732000000, 0x0000000731e00000| Updating 
| 394|0x0000000732000000, 0x0000000732200000, 0x0000000732200000|100%| O|  |TAMS 0x0000000732200000, 0x0000000732000000| Updating 
| 395|0x0000000732200000, 0x0000000732400000, 0x0000000732400000|100%| O|  |TAMS 0x0000000732400000, 0x0000000732200000| Updating 
| 396|0x0000000732400000, 0x0000000732600000, 0x0000000732600000|100%| O|  |TAMS 0x0000000732600000, 0x0000000732400000| Updating 
| 397|0x0000000732600000, 0x0000000732800000, 0x0000000732800000|100%| O|  |TAMS 0x0000000732800000, 0x0000000732600000| Updating 
| 398|0x0000000732800000, 0x0000000732a00000, 0x0000000732a00000|100%| O|  |TAMS 0x0000000732a00000, 0x0000000732800000| Updating 
| 399|0x0000000732a00000, 0x0000000732c00000, 0x0000000732c00000|100%| O|  |TAMS 0x0000000732c00000, 0x0000000732a00000| Updating 
| 400|0x0000000732c00000, 0x0000000732e00000, 0x0000000732e00000|100%| O|  |TAMS 0x0000000732e00000, 0x0000000732c00000| Updating 
| 401|0x0000000732e00000, 0x0000000733000000, 0x0000000733000000|100%| O|  |TAMS 0x0000000733000000, 0x0000000732e00000| Updating 
| 402|0x0000000733000000, 0x0000000733200000, 0x0000000733200000|100%| O|  |TAMS 0x0000000733200000, 0x0000000733000000| Updating 
| 403|0x0000000733200000, 0x0000000733400000, 0x0000000733400000|100%| O|  |TAMS 0x0000000733400000, 0x0000000733200000| Updating 
| 404|0x0000000733400000, 0x0000000733600000, 0x0000000733600000|100%| O|  |TAMS 0x0000000733600000, 0x0000000733400000| Updating 
| 405|0x0000000733600000, 0x0000000733800000, 0x0000000733800000|100%| O|  |TAMS 0x0000000733800000, 0x0000000733600000| Updating 
| 406|0x0000000733800000, 0x0000000733a00000, 0x0000000733a00000|100%| O|  |TAMS 0x0000000733a00000, 0x0000000733800000| Updating 
| 407|0x0000000733a00000, 0x0000000733c00000, 0x0000000733c00000|100%| O|  |TAMS 0x0000000733c00000, 0x0000000733a00000| Updating 
| 408|0x0000000733c00000, 0x0000000733e00000, 0x0000000733e00000|100%| O|  |TAMS 0x0000000733e00000, 0x0000000733c00000| Untracked 
| 409|0x0000000733e00000, 0x0000000734000000, 0x0000000734000000|100%| O|  |TAMS 0x0000000734000000, 0x0000000733e00000| Updating 
| 410|0x0000000734000000, 0x0000000734200000, 0x0000000734200000|100%| O|  |TAMS 0x0000000734200000, 0x0000000734000000| Untracked 
| 411|0x0000000734200000, 0x0000000734400000, 0x0000000734400000|100%| O|  |TAMS 0x0000000734400000, 0x0000000734200000| Untracked 
| 412|0x0000000734400000, 0x0000000734600000, 0x0000000734600000|100%| O|  |TAMS 0x0000000734600000, 0x0000000734400000| Untracked 
| 413|0x0000000734600000, 0x0000000734800000, 0x0000000734800000|100%| O|  |TAMS 0x0000000734800000, 0x0000000734600000| Updating 
| 414|0x0000000734800000, 0x0000000734a00000, 0x0000000734a00000|100%| O|  |TAMS 0x0000000734a00000, 0x0000000734800000| Updating 
| 415|0x0000000734a00000, 0x0000000734c00000, 0x0000000734c00000|100%| O|  |TAMS 0x0000000734c00000, 0x0000000734a00000| Updating 
| 416|0x0000000734c00000, 0x0000000734e00000, 0x0000000734e00000|100%| O|  |TAMS 0x0000000734e00000, 0x0000000734c00000| Updating 
| 417|0x0000000734e00000, 0x0000000735000000, 0x0000000735000000|100%| O|  |TAMS 0x0000000735000000, 0x0000000734e00000| Untracked 
| 418|0x0000000735000000, 0x0000000735200000, 0x0000000735200000|100%| O|  |TAMS 0x0000000735200000, 0x0000000735000000| Updating 
| 419|0x0000000735200000, 0x0000000735400000, 0x0000000735400000|100%| O|  |TAMS 0x0000000735400000, 0x0000000735200000| Untracked 
| 420|0x0000000735400000, 0x0000000735600000, 0x0000000735600000|100%| O|  |TAMS 0x0000000735600000, 0x0000000735400000| Untracked 
| 421|0x0000000735600000, 0x0000000735800000, 0x0000000735800000|100%| O|  |TAMS 0x0000000735800000, 0x0000000735600000| Untracked 
| 422|0x0000000735800000, 0x0000000735a00000, 0x0000000735a00000|100%| O|  |TAMS 0x0000000735a00000, 0x0000000735800000| Untracked 
| 423|0x0000000735a00000, 0x0000000735c00000, 0x0000000735c00000|100%| O|  |TAMS 0x0000000735c00000, 0x0000000735a00000| Updating 
| 424|0x0000000735c00000, 0x0000000735e00000, 0x0000000735e00000|100%| O|  |TAMS 0x0000000735e00000, 0x0000000735c00000| Untracked 
| 425|0x0000000735e00000, 0x0000000736000000, 0x0000000736000000|100%| O|  |TAMS 0x0000000736000000, 0x0000000735e00000| Untracked 
| 426|0x0000000736000000, 0x0000000736200000, 0x0000000736200000|100%| O|  |TAMS 0x0000000736200000, 0x0000000736000000| Untracked 
| 427|0x0000000736200000, 0x0000000736400000, 0x0000000736400000|100%| O|  |TAMS 0x0000000736400000, 0x0000000736200000| Untracked 
| 428|0x0000000736400000, 0x0000000736600000, 0x0000000736600000|100%| O|  |TAMS 0x0000000736600000, 0x0000000736400000| Updating 
| 429|0x0000000736600000, 0x0000000736800000, 0x0000000736800000|100%| O|  |TAMS 0x0000000736800000, 0x0000000736600000| Updating 
| 430|0x0000000736800000, 0x0000000736a00000, 0x0000000736a00000|100%| O|  |TAMS 0x0000000736a00000, 0x0000000736800000| Updating 
| 431|0x0000000736a00000, 0x0000000736c00000, 0x0000000736c00000|100%| O|  |TAMS 0x0000000736c00000, 0x0000000736a00000| Untracked 
| 432|0x0000000736c00000, 0x0000000736e00000, 0x0000000736e00000|100%| O|  |TAMS 0x0000000736e00000, 0x0000000736c00000| Untracked 
| 433|0x0000000736e00000, 0x0000000737000000, 0x0000000737000000|100%| O|  |TAMS 0x0000000737000000, 0x0000000736e00000| Untracked 
| 434|0x0000000737000000, 0x0000000737200000, 0x0000000737200000|100%| O|  |TAMS 0x0000000737200000, 0x0000000737000000| Untracked 
| 435|0x0000000737200000, 0x0000000737400000, 0x0000000737400000|100%| O|  |TAMS 0x0000000737400000, 0x0000000737200000| Untracked 
| 436|0x0000000737400000, 0x0000000737600000, 0x0000000737600000|100%| O|  |TAMS 0x0000000737600000, 0x0000000737400000| Untracked 
| 437|0x0000000737600000, 0x0000000737800000, 0x0000000737800000|100%| O|  |TAMS 0x0000000737800000, 0x0000000737600000| Untracked 
| 438|0x0000000737800000, 0x0000000737a00000, 0x0000000737a00000|100%| O|  |TAMS 0x0000000737a00000, 0x0000000737800000| Untracked 
| 439|0x0000000737a00000, 0x0000000737c00000, 0x0000000737c00000|100%| O|  |TAMS 0x0000000737c00000, 0x0000000737a00000| Untracked 
| 440|0x0000000737c00000, 0x0000000737e00000, 0x0000000737e00000|100%| O|  |TAMS 0x0000000737e00000, 0x0000000737c00000| Untracked 
| 441|0x0000000737e00000, 0x0000000738000000, 0x0000000738000000|100%| O|  |TAMS 0x0000000738000000, 0x0000000737e00000| Untracked 
| 442|0x0000000738000000, 0x0000000738200000, 0x0000000738200000|100%| O|  |TAMS 0x0000000738200000, 0x0000000738000000| Untracked 
| 443|0x0000000738200000, 0x0000000738400000, 0x0000000738400000|100%| O|  |TAMS 0x0000000738400000, 0x0000000738200000| Untracked 
| 444|0x0000000738400000, 0x0000000738600000, 0x0000000738600000|100%| O|  |TAMS 0x0000000738600000, 0x0000000738400000| Untracked 
| 445|0x0000000738600000, 0x00000007387ffff8, 0x0000000738800000| 99%| O|  |TAMS 0x00000007387ffff8, 0x0000000738600000| Untracked 
| 446|0x0000000738800000, 0x0000000738a00000, 0x0000000738a00000|100%| O|  |TAMS 0x0000000738a00000, 0x0000000738800000| Untracked 
| 447|0x0000000738a00000, 0x0000000738c00000, 0x0000000738c00000|100%| O|  |TAMS 0x0000000738c00000, 0x0000000738a00000| Untracked 
| 448|0x0000000738c00000, 0x0000000738e00000, 0x0000000738e00000|100%| O|  |TAMS 0x0000000738e00000, 0x0000000738c00000| Untracked 
| 449|0x0000000738e00000, 0x0000000739000000, 0x0000000739000000|100%| O|  |TAMS 0x0000000739000000, 0x0000000738e00000| Untracked 
| 450|0x0000000739000000, 0x0000000739200000, 0x0000000739200000|100%| O|  |TAMS 0x0000000739200000, 0x0000000739000000| Untracked 
| 451|0x0000000739200000, 0x0000000739400000, 0x0000000739400000|100%| O|  |TAMS 0x0000000739400000, 0x0000000739200000| Untracked 
| 452|0x0000000739400000, 0x0000000739600000, 0x0000000739600000|100%| O|  |TAMS 0x0000000739600000, 0x0000000739400000| Untracked 
| 453|0x0000000739600000, 0x0000000739800000, 0x0000000739800000|100%| O|  |TAMS 0x0000000739800000, 0x0000000739600000| Untracked 
| 454|0x0000000739800000, 0x0000000739a00000, 0x0000000739a00000|100%| O|  |TAMS 0x0000000739a00000, 0x0000000739800000| Untracked 
| 455|0x0000000739a00000, 0x0000000739c00000, 0x0000000739c00000|100%| O|  |TAMS 0x0000000739c00000, 0x0000000739a00000| Untracked 
| 456|0x0000000739c00000, 0x0000000739e00000, 0x0000000739e00000|100%| O|  |TAMS 0x0000000739e00000, 0x0000000739c00000| Untracked 
| 457|0x0000000739e00000, 0x000000073a000000, 0x000000073a000000|100%| O|  |TAMS 0x000000073a000000, 0x0000000739e00000| Untracked 
| 458|0x000000073a000000, 0x000000073a200000, 0x000000073a200000|100%| O|  |TAMS 0x000000073a200000, 0x000000073a000000| Untracked 
| 459|0x000000073a200000, 0x000000073a400000, 0x000000073a400000|100%| O|  |TAMS 0x000000073a400000, 0x000000073a200000| Untracked 
| 460|0x000000073a400000, 0x000000073a600000, 0x000000073a600000|100%| O|  |TAMS 0x000000073a600000, 0x000000073a400000| Untracked 
| 461|0x000000073a600000, 0x000000073a800000, 0x000000073a800000|100%| O|  |TAMS 0x000000073a800000, 0x000000073a600000| Untracked 
| 462|0x000000073a800000, 0x000000073aa00000, 0x000000073aa00000|100%| O|  |TAMS 0x000000073aa00000, 0x000000073a800000| Untracked 
| 463|0x000000073aa00000, 0x000000073ac00000, 0x000000073ac00000|100%| O|  |TAMS 0x000000073ac00000, 0x000000073aa00000| Untracked 
| 464|0x000000073ac00000, 0x000000073ae00000, 0x000000073ae00000|100%| O|  |TAMS 0x000000073ae00000, 0x000000073ac00000| Untracked 
| 465|0x000000073ae00000, 0x000000073b000000, 0x000000073b000000|100%| O|  |TAMS 0x000000073b000000, 0x000000073ae00000| Untracked 
| 466|0x000000073b000000, 0x000000073b200000, 0x000000073b200000|100%| O|  |TAMS 0x000000073b200000, 0x000000073b000000| Untracked 
| 467|0x000000073b200000, 0x000000073b400000, 0x000000073b400000|100%| O|  |TAMS 0x000000073b400000, 0x000000073b200000| Untracked 
| 468|0x000000073b400000, 0x000000073b600000, 0x000000073b600000|100%| O|  |TAMS 0x000000073b600000, 0x000000073b400000| Untracked 
| 469|0x000000073b600000, 0x000000073b800000, 0x000000073b800000|100%| O|  |TAMS 0x000000073b800000, 0x000000073b600000| Untracked 
| 470|0x000000073b800000, 0x000000073ba00000, 0x000000073ba00000|100%| O|  |TAMS 0x000000073ba00000, 0x000000073b800000| Untracked 
| 471|0x000000073ba00000, 0x000000073bc00000, 0x000000073bc00000|100%| O|  |TAMS 0x000000073bc00000, 0x000000073ba00000| Untracked 
| 472|0x000000073bc00000, 0x000000073be00000, 0x000000073be00000|100%| O|  |TAMS 0x000000073be00000, 0x000000073bc00000| Untracked 
| 473|0x000000073be00000, 0x000000073c000000, 0x000000073c000000|100%| O|  |TAMS 0x000000073c000000, 0x000000073be00000| Untracked 
| 474|0x000000073c000000, 0x000000073c200000, 0x000000073c200000|100%| O|  |TAMS 0x000000073c200000, 0x000000073c000000| Untracked 
| 475|0x000000073c200000, 0x000000073c400000, 0x000000073c400000|100%| O|  |TAMS 0x000000073c400000, 0x000000073c200000| Untracked 
| 476|0x000000073c400000, 0x000000073c600000, 0x000000073c600000|100%| O|  |TAMS 0x000000073c600000, 0x000000073c400000| Untracked 
| 477|0x000000073c600000, 0x000000073c800000, 0x000000073c800000|100%| O|  |TAMS 0x000000073c800000, 0x000000073c600000| Untracked 
| 478|0x000000073c800000, 0x000000073ca00000, 0x000000073ca00000|100%| O|  |TAMS 0x000000073ca00000, 0x000000073c800000| Untracked 
| 479|0x000000073ca00000, 0x000000073cc00000, 0x000000073cc00000|100%| O|  |TAMS 0x000000073cc00000, 0x000000073ca00000| Untracked 
| 480|0x000000073cc00000, 0x000000073ce00000, 0x000000073ce00000|100%| O|  |TAMS 0x000000073ce00000, 0x000000073cc00000| Untracked 
| 481|0x000000073ce00000, 0x000000073d000000, 0x000000073d000000|100%| O|  |TAMS 0x000000073d000000, 0x000000073ce00000| Untracked 
| 482|0x000000073d000000, 0x000000073d200000, 0x000000073d200000|100%| O|  |TAMS 0x000000073d200000, 0x000000073d000000| Untracked 
| 483|0x000000073d200000, 0x000000073d400000, 0x000000073d400000|100%| O|  |TAMS 0x000000073d400000, 0x000000073d200000| Untracked 
| 484|0x000000073d400000, 0x000000073d600000, 0x000000073d600000|100%| O|  |TAMS 0x000000073d54ce00, 0x000000073d400000| Untracked 
| 485|0x000000073d600000, 0x000000073d800000, 0x000000073d800000|100%| O|  |TAMS 0x000000073d600000, 0x000000073d600000| Untracked 
| 486|0x000000073d800000, 0x000000073da00000, 0x000000073da00000|100%| O|  |TAMS 0x000000073d800000, 0x000000073d800000| Untracked 
| 487|0x000000073da00000, 0x000000073dc00000, 0x000000073dc00000|100%| O|  |TAMS 0x000000073da00000, 0x000000073da00000| Untracked 
| 488|0x000000073dc00000, 0x000000073de00000, 0x000000073de00000|100%| O|  |TAMS 0x000000073dc00000, 0x000000073dc00000| Untracked 
| 489|0x000000073de00000, 0x000000073e000000, 0x000000073e000000|100%| O|  |TAMS 0x000000073de00000, 0x000000073de00000| Untracked 
| 490|0x000000073e000000, 0x000000073e200000, 0x000000073e200000|100%| O|  |TAMS 0x000000073e000000, 0x000000073e000000| Untracked 
| 491|0x000000073e200000, 0x000000073e400000, 0x000000073e400000|100%| O|  |TAMS 0x000000073e200000, 0x000000073e200000| Untracked 
| 492|0x000000073e400000, 0x000000073e600000, 0x000000073e600000|100%| O|  |TAMS 0x000000073e400000, 0x000000073e400000| Untracked 
| 493|0x000000073e600000, 0x000000073e800000, 0x000000073e800000|100%| O|  |TAMS 0x000000073e600000, 0x000000073e600000| Untracked 
| 494|0x000000073e800000, 0x000000073ea00000, 0x000000073ea00000|100%| O|  |TAMS 0x000000073e800000, 0x000000073e800000| Untracked 
| 495|0x000000073ea00000, 0x000000073ec00000, 0x000000073ec00000|100%| O|  |TAMS 0x000000073ea00000, 0x000000073ea00000| Untracked 
| 496|0x000000073ec00000, 0x000000073ee00000, 0x000000073ee00000|100%| O|  |TAMS 0x000000073ec00000, 0x000000073ec00000| Untracked 
| 497|0x000000073ee00000, 0x000000073f000000, 0x000000073f000000|100%| O|  |TAMS 0x000000073ee00000, 0x000000073ee00000| Untracked 
| 498|0x000000073f000000, 0x000000073f200000, 0x000000073f200000|100%| O|  |TAMS 0x000000073f000000, 0x000000073f000000| Untracked 
| 499|0x000000073f200000, 0x000000073f400000, 0x000000073f400000|100%| O|  |TAMS 0x000000073f200000, 0x000000073f200000| Untracked 
| 500|0x000000073f400000, 0x000000073f600000, 0x000000073f600000|100%| O|  |TAMS 0x000000073f400000, 0x000000073f400000| Untracked 
| 501|0x000000073f600000, 0x000000073f800000, 0x000000073f800000|100%| O|  |TAMS 0x000000073f600000, 0x000000073f600000| Untracked 
| 502|0x000000073f800000, 0x000000073fa00000, 0x000000073fa00000|100%| O|  |TAMS 0x000000073f800000, 0x000000073f800000| Untracked 
| 503|0x000000073fa00000, 0x000000073fc00000, 0x000000073fc00000|100%| O|  |TAMS 0x000000073fa00000, 0x000000073fa00000| Untracked 
| 504|0x000000073fc00000, 0x000000073fe00000, 0x000000073fe00000|100%| O|  |TAMS 0x000000073fc00000, 0x000000073fc00000| Untracked 
| 505|0x000000073fe00000, 0x0000000740000000, 0x0000000740000000|100%| O|  |TAMS 0x000000073fe00000, 0x000000073fe00000| Untracked 
| 506|0x0000000740000000, 0x0000000740200000, 0x0000000740200000|100%| O|  |TAMS 0x0000000740000000, 0x0000000740000000| Untracked 
| 507|0x0000000740200000, 0x0000000740400000, 0x0000000740400000|100%| O|  |TAMS 0x0000000740200000, 0x0000000740200000| Untracked 
| 508|0x0000000740400000, 0x0000000740600000, 0x0000000740600000|100%| O|  |TAMS 0x0000000740400000, 0x0000000740400000| Untracked 
| 509|0x0000000740600000, 0x0000000740800000, 0x0000000740800000|100%| O|  |TAMS 0x0000000740600000, 0x0000000740600000| Untracked 
| 510|0x0000000740800000, 0x0000000740a00000, 0x0000000740a00000|100%| O|  |TAMS 0x0000000740800000, 0x0000000740800000| Untracked 
| 511|0x0000000740a00000, 0x0000000740c00000, 0x0000000740c00000|100%| O|  |TAMS 0x0000000740a00000, 0x0000000740a00000| Untracked 
| 512|0x0000000740c00000, 0x0000000740e00000, 0x0000000740e00000|100%| O|  |TAMS 0x0000000740c00000, 0x0000000740c00000| Untracked 
| 513|0x0000000740e00000, 0x0000000741000000, 0x0000000741000000|100%| O|  |TAMS 0x0000000740e00000, 0x0000000740e00000| Untracked 
| 514|0x0000000741000000, 0x0000000741200000, 0x0000000741200000|100%| O|  |TAMS 0x0000000741000000, 0x0000000741000000| Untracked 
| 515|0x0000000741200000, 0x0000000741400000, 0x0000000741400000|100%| O|  |TAMS 0x0000000741200000, 0x0000000741200000| Untracked 
| 516|0x0000000741400000, 0x0000000741600000, 0x0000000741600000|100%| O|  |TAMS 0x0000000741400000, 0x0000000741400000| Untracked 
| 517|0x0000000741600000, 0x0000000741800000, 0x0000000741800000|100%| O|  |TAMS 0x0000000741600000, 0x0000000741600000| Untracked 
| 518|0x0000000741800000, 0x0000000741a00000, 0x0000000741a00000|100%| O|  |TAMS 0x0000000741800000, 0x0000000741800000| Untracked 
| 519|0x0000000741a00000, 0x0000000741c00000, 0x0000000741c00000|100%| O|  |TAMS 0x0000000741a00000, 0x0000000741a00000| Untracked 
| 520|0x0000000741c00000, 0x0000000741e00000, 0x0000000741e00000|100%| O|  |TAMS 0x0000000741c00000, 0x0000000741c00000| Untracked 
| 521|0x0000000741e00000, 0x0000000742000000, 0x0000000742000000|100%| O|  |TAMS 0x0000000741e00000, 0x0000000741e00000| Untracked 
| 522|0x0000000742000000, 0x0000000742200000, 0x0000000742200000|100%| O|  |TAMS 0x0000000742000000, 0x0000000742000000| Untracked 
| 523|0x0000000742200000, 0x0000000742400000, 0x0000000742400000|100%| O|  |TAMS 0x0000000742200000, 0x0000000742200000| Untracked 
| 524|0x0000000742400000, 0x0000000742600000, 0x0000000742600000|100%| O|  |TAMS 0x0000000742400000, 0x0000000742400000| Untracked 
| 525|0x0000000742600000, 0x0000000742800000, 0x0000000742800000|100%| O|  |TAMS 0x0000000742600000, 0x0000000742600000| Untracked 
| 526|0x0000000742800000, 0x0000000742a00000, 0x0000000742a00000|100%| O|  |TAMS 0x0000000742800000, 0x0000000742800000| Untracked 
| 527|0x0000000742a00000, 0x0000000742c00000, 0x0000000742c00000|100%| O|  |TAMS 0x0000000742a00000, 0x0000000742a00000| Untracked 
| 528|0x0000000742c00000, 0x0000000742e00000, 0x0000000742e00000|100%| O|  |TAMS 0x0000000742c00000, 0x0000000742c00000| Untracked 
| 529|0x0000000742e00000, 0x0000000743000000, 0x0000000743000000|100%| O|  |TAMS 0x0000000742e00000, 0x0000000742e00000| Untracked 
| 530|0x0000000743000000, 0x0000000743200000, 0x0000000743200000|100%| O|  |TAMS 0x0000000743000000, 0x0000000743000000| Untracked 
| 531|0x0000000743200000, 0x0000000743400000, 0x0000000743400000|100%| O|  |TAMS 0x0000000743200000, 0x0000000743200000| Untracked 
| 532|0x0000000743400000, 0x0000000743600000, 0x0000000743600000|100%| O|  |TAMS 0x0000000743400000, 0x0000000743400000| Untracked 
| 533|0x0000000743600000, 0x0000000743800000, 0x0000000743800000|100%| O|  |TAMS 0x0000000743600000, 0x0000000743600000| Untracked 
| 534|0x0000000743800000, 0x0000000743a00000, 0x0000000743a00000|100%| O|  |TAMS 0x0000000743800000, 0x0000000743800000| Untracked 
| 535|0x0000000743a00000, 0x0000000743c00000, 0x0000000743c00000|100%| O|  |TAMS 0x0000000743a00000, 0x0000000743a00000| Untracked 
| 536|0x0000000743c00000, 0x0000000743e00000, 0x0000000743e00000|100%| O|  |TAMS 0x0000000743c00000, 0x0000000743c00000| Untracked 
| 537|0x0000000743e00000, 0x0000000744000000, 0x0000000744000000|100%| O|  |TAMS 0x0000000743e00000, 0x0000000743e00000| Untracked 
| 538|0x0000000744000000, 0x0000000744200000, 0x0000000744200000|100%| O|  |TAMS 0x0000000744000000, 0x0000000744000000| Untracked 
| 539|0x0000000744200000, 0x0000000744400000, 0x0000000744400000|100%| O|  |TAMS 0x0000000744200000, 0x0000000744200000| Untracked 
| 540|0x0000000744400000, 0x0000000744600000, 0x0000000744600000|100%| O|  |TAMS 0x0000000744400000, 0x0000000744400000| Untracked 
| 541|0x0000000744600000, 0x0000000744800000, 0x0000000744800000|100%| O|  |TAMS 0x0000000744600000, 0x0000000744600000| Untracked 
| 542|0x0000000744800000, 0x0000000744a00000, 0x0000000744a00000|100%| O|  |TAMS 0x0000000744800000, 0x0000000744800000| Untracked 
| 543|0x0000000744a00000, 0x0000000744c00000, 0x0000000744c00000|100%| O|  |TAMS 0x0000000744a00000, 0x0000000744a00000| Untracked 
| 544|0x0000000744c00000, 0x0000000744e00000, 0x0000000744e00000|100%| O|  |TAMS 0x0000000744c00000, 0x0000000744c00000| Untracked 
| 545|0x0000000744e00000, 0x0000000745000000, 0x0000000745000000|100%| O|  |TAMS 0x0000000744e00000, 0x0000000744e00000| Untracked 
| 546|0x0000000745000000, 0x0000000745200000, 0x0000000745200000|100%| O|  |TAMS 0x0000000745000000, 0x0000000745000000| Untracked 
| 547|0x0000000745200000, 0x0000000745400000, 0x0000000745400000|100%| O|  |TAMS 0x0000000745200000, 0x0000000745200000| Untracked 
| 548|0x0000000745400000, 0x0000000745600000, 0x0000000745600000|100%| O|  |TAMS 0x0000000745400000, 0x0000000745400000| Untracked 
| 549|0x0000000745600000, 0x0000000745800000, 0x0000000745800000|100%| O|  |TAMS 0x0000000745600000, 0x0000000745600000| Untracked 
| 550|0x0000000745800000, 0x0000000745a00000, 0x0000000745a00000|100%| O|  |TAMS 0x0000000745800000, 0x0000000745800000| Untracked 
| 551|0x0000000745a00000, 0x0000000745c00000, 0x0000000745c00000|100%| O|  |TAMS 0x0000000745a00000, 0x0000000745a00000| Untracked 
| 552|0x0000000745c00000, 0x0000000745e00000, 0x0000000745e00000|100%| O|  |TAMS 0x0000000745c00000, 0x0000000745c00000| Untracked 
| 553|0x0000000745e00000, 0x0000000746000000, 0x0000000746000000|100%| O|  |TAMS 0x0000000745e00000, 0x0000000745e00000| Untracked 
| 554|0x0000000746000000, 0x0000000746200000, 0x0000000746200000|100%| O|  |TAMS 0x0000000746000000, 0x0000000746000000| Untracked 
| 555|0x0000000746200000, 0x0000000746400000, 0x0000000746400000|100%| O|  |TAMS 0x0000000746200000, 0x0000000746200000| Untracked 
| 556|0x0000000746400000, 0x0000000746600000, 0x0000000746600000|100%| O|  |TAMS 0x0000000746400000, 0x0000000746400000| Untracked 
| 557|0x0000000746600000, 0x0000000746800000, 0x0000000746800000|100%| O|  |TAMS 0x0000000746600000, 0x0000000746600000| Untracked 
| 558|0x0000000746800000, 0x0000000746a00000, 0x0000000746a00000|100%| O|  |TAMS 0x0000000746800000, 0x0000000746800000| Untracked 
| 559|0x0000000746a00000, 0x0000000746c00000, 0x0000000746c00000|100%| O|  |TAMS 0x0000000746a00000, 0x0000000746a00000| Untracked 
| 560|0x0000000746c00000, 0x0000000746e00000, 0x0000000746e00000|100%| O|  |TAMS 0x0000000746c00000, 0x0000000746c00000| Untracked 
| 561|0x0000000746e00000, 0x0000000747000000, 0x0000000747000000|100%| O|  |TAMS 0x0000000746e00000, 0x0000000746e00000| Untracked 
| 562|0x0000000747000000, 0x0000000747200000, 0x0000000747200000|100%| O|  |TAMS 0x0000000747000000, 0x0000000747000000| Untracked 
| 563|0x0000000747200000, 0x0000000747400000, 0x0000000747400000|100%| O|  |TAMS 0x0000000747200000, 0x0000000747200000| Untracked 
| 564|0x0000000747400000, 0x0000000747600000, 0x0000000747600000|100%| O|  |TAMS 0x0000000747400000, 0x0000000747400000| Untracked 
| 565|0x0000000747600000, 0x0000000747800000, 0x0000000747800000|100%| O|  |TAMS 0x0000000747600000, 0x0000000747600000| Untracked 
| 566|0x0000000747800000, 0x0000000747a00000, 0x0000000747a00000|100%| O|  |TAMS 0x0000000747800000, 0x0000000747800000| Untracked 
| 567|0x0000000747a00000, 0x0000000747c00000, 0x0000000747c00000|100%| O|  |TAMS 0x0000000747a00000, 0x0000000747a00000| Untracked 
| 568|0x0000000747c00000, 0x0000000747e00000, 0x0000000747e00000|100%| O|  |TAMS 0x0000000747c00000, 0x0000000747c00000| Untracked 
| 569|0x0000000747e00000, 0x0000000748000000, 0x0000000748000000|100%| O|  |TAMS 0x0000000747e00000, 0x0000000747e00000| Untracked 
| 570|0x0000000748000000, 0x0000000748200000, 0x0000000748200000|100%| O|  |TAMS 0x0000000748000000, 0x0000000748000000| Untracked 
| 571|0x0000000748200000, 0x0000000748400000, 0x0000000748400000|100%| O|  |TAMS 0x0000000748200000, 0x0000000748200000| Untracked 
| 572|0x0000000748400000, 0x0000000748600000, 0x0000000748600000|100%| O|  |TAMS 0x0000000748400000, 0x0000000748400000| Untracked 
| 573|0x0000000748600000, 0x0000000748800000, 0x0000000748800000|100%| O|  |TAMS 0x0000000748600000, 0x0000000748600000| Untracked 
| 574|0x0000000748800000, 0x0000000748a00000, 0x0000000748a00000|100%| O|  |TAMS 0x0000000748800000, 0x0000000748800000| Untracked 
| 575|0x0000000748a00000, 0x0000000748c00000, 0x0000000748c00000|100%| O|  |TAMS 0x0000000748a00000, 0x0000000748a00000| Untracked 
| 576|0x0000000748c00000, 0x0000000748e00000, 0x0000000748e00000|100%| O|  |TAMS 0x0000000748c00000, 0x0000000748c00000| Untracked 
| 577|0x0000000748e00000, 0x0000000749000000, 0x0000000749000000|100%| O|  |TAMS 0x0000000748e00000, 0x0000000748e00000| Untracked 
| 578|0x0000000749000000, 0x0000000749200000, 0x0000000749200000|100%| O|  |TAMS 0x0000000749000000, 0x0000000749000000| Untracked 
| 579|0x0000000749200000, 0x0000000749400000, 0x0000000749400000|100%| O|  |TAMS 0x0000000749200000, 0x0000000749200000| Untracked 
| 580|0x0000000749400000, 0x0000000749600000, 0x0000000749600000|100%| O|  |TAMS 0x0000000749400000, 0x0000000749400000| Untracked 
| 581|0x0000000749600000, 0x0000000749800000, 0x0000000749800000|100%| O|  |TAMS 0x0000000749600000, 0x0000000749600000| Untracked 
| 582|0x0000000749800000, 0x0000000749a00000, 0x0000000749a00000|100%| O|  |TAMS 0x0000000749800000, 0x0000000749800000| Untracked 
| 583|0x0000000749a00000, 0x0000000749c00000, 0x0000000749c00000|100%| O|  |TAMS 0x0000000749a00000, 0x0000000749a00000| Untracked 
| 584|0x0000000749c00000, 0x0000000749e00000, 0x0000000749e00000|100%| O|  |TAMS 0x0000000749c00000, 0x0000000749c00000| Untracked 
| 585|0x0000000749e00000, 0x000000074a000000, 0x000000074a000000|100%| O|  |TAMS 0x0000000749e00000, 0x0000000749e00000| Untracked 
| 586|0x000000074a000000, 0x000000074a200000, 0x000000074a200000|100%| O|  |TAMS 0x000000074a000000, 0x000000074a000000| Untracked 
| 587|0x000000074a200000, 0x000000074a400000, 0x000000074a400000|100%| O|  |TAMS 0x000000074a200000, 0x000000074a200000| Untracked 
| 588|0x000000074a400000, 0x000000074a600000, 0x000000074a600000|100%| O|  |TAMS 0x000000074a400000, 0x000000074a400000| Untracked 
| 589|0x000000074a600000, 0x000000074a800000, 0x000000074a800000|100%| O|  |TAMS 0x000000074a600000, 0x000000074a600000| Untracked 
| 590|0x000000074a800000, 0x000000074aa00000, 0x000000074aa00000|100%| O|  |TAMS 0x000000074a800000, 0x000000074a800000| Untracked 
| 591|0x000000074aa00000, 0x000000074ac00000, 0x000000074ac00000|100%| O|  |TAMS 0x000000074aa00000, 0x000000074aa00000| Untracked 
| 592|0x000000074ac00000, 0x000000074ae00000, 0x000000074ae00000|100%| O|  |TAMS 0x000000074ac00000, 0x000000074ac00000| Untracked 
| 593|0x000000074ae00000, 0x000000074b000000, 0x000000074b000000|100%| O|  |TAMS 0x000000074ae00000, 0x000000074ae00000| Untracked 
| 594|0x000000074b000000, 0x000000074b200000, 0x000000074b200000|100%| O|  |TAMS 0x000000074b000000, 0x000000074b000000| Untracked 
| 595|0x000000074b200000, 0x000000074b400000, 0x000000074b400000|100%| O|  |TAMS 0x000000074b200000, 0x000000074b200000| Untracked 
| 596|0x000000074b400000, 0x000000074b600000, 0x000000074b600000|100%| O|  |TAMS 0x000000074b400000, 0x000000074b400000| Untracked 
| 597|0x000000074b600000, 0x000000074b800000, 0x000000074b800000|100%| O|  |TAMS 0x000000074b600000, 0x000000074b600000| Untracked 
| 598|0x000000074b800000, 0x000000074ba00000, 0x000000074ba00000|100%| O|  |TAMS 0x000000074b800000, 0x000000074b800000| Untracked 
| 599|0x000000074ba00000, 0x000000074bc00000, 0x000000074bc00000|100%| O|  |TAMS 0x000000074ba00000, 0x000000074ba00000| Untracked 
| 600|0x000000074bc00000, 0x000000074be00000, 0x000000074be00000|100%| O|  |TAMS 0x000000074bc00000, 0x000000074bc00000| Untracked 
| 601|0x000000074be00000, 0x000000074c000000, 0x000000074c000000|100%| O|  |TAMS 0x000000074be00000, 0x000000074be00000| Untracked 
| 602|0x000000074c000000, 0x000000074c200000, 0x000000074c200000|100%| O|  |TAMS 0x000000074c000000, 0x000000074c000000| Untracked 
| 603|0x000000074c200000, 0x000000074c400000, 0x000000074c400000|100%| O|  |TAMS 0x000000074c200000, 0x000000074c200000| Untracked 
| 604|0x000000074c400000, 0x000000074c600000, 0x000000074c600000|100%| O|  |TAMS 0x000000074c400000, 0x000000074c400000| Untracked 
| 605|0x000000074c600000, 0x000000074c800000, 0x000000074c800000|100%| O|  |TAMS 0x000000074c600000, 0x000000074c600000| Untracked 
| 606|0x000000074c800000, 0x000000074ca00000, 0x000000074ca00000|100%| O|  |TAMS 0x000000074c800000, 0x000000074c800000| Untracked 
| 607|0x000000074ca00000, 0x000000074cc00000, 0x000000074cc00000|100%| O|  |TAMS 0x000000074ca00000, 0x000000074ca00000| Untracked 
| 608|0x000000074cc00000, 0x000000074ce00000, 0x000000074ce00000|100%| O|  |TAMS 0x000000074cc00000, 0x000000074cc00000| Untracked 
| 609|0x000000074ce00000, 0x000000074d000000, 0x000000074d000000|100%| O|  |TAMS 0x000000074ce00000, 0x000000074ce00000| Untracked 
| 610|0x000000074d000000, 0x000000074d200000, 0x000000074d200000|100%| O|  |TAMS 0x000000074d000000, 0x000000074d000000| Untracked 
| 611|0x000000074d200000, 0x000000074d400000, 0x000000074d400000|100%| O|  |TAMS 0x000000074d200000, 0x000000074d200000| Untracked 
| 612|0x000000074d400000, 0x000000074d600000, 0x000000074d600000|100%| O|  |TAMS 0x000000074d400000, 0x000000074d400000| Untracked 
| 613|0x000000074d600000, 0x000000074d800000, 0x000000074d800000|100%| O|  |TAMS 0x000000074d600000, 0x000000074d600000| Untracked 
| 614|0x000000074d800000, 0x000000074da00000, 0x000000074da00000|100%| O|  |TAMS 0x000000074d800000, 0x000000074d800000| Untracked 
| 615|0x000000074da00000, 0x000000074dc00000, 0x000000074dc00000|100%| O|  |TAMS 0x000000074da00000, 0x000000074da00000| Untracked 
| 616|0x000000074dc00000, 0x000000074de00000, 0x000000074de00000|100%| O|  |TAMS 0x000000074dc00000, 0x000000074dc00000| Untracked 
| 617|0x000000074de00000, 0x000000074e000000, 0x000000074e000000|100%| O|  |TAMS 0x000000074de00000, 0x000000074de00000| Untracked 
| 618|0x000000074e000000, 0x000000074e200000, 0x000000074e200000|100%| O|  |TAMS 0x000000074e000000, 0x000000074e000000| Untracked 
| 619|0x000000074e200000, 0x000000074e400000, 0x000000074e400000|100%| O|  |TAMS 0x000000074e200000, 0x000000074e200000| Untracked 
| 620|0x000000074e400000, 0x000000074e600000, 0x000000074e600000|100%| O|  |TAMS 0x000000074e400000, 0x000000074e400000| Untracked 
| 621|0x000000074e600000, 0x000000074e800000, 0x000000074e800000|100%| O|  |TAMS 0x000000074e600000, 0x000000074e600000| Untracked 
| 622|0x000000074e800000, 0x000000074ea00000, 0x000000074ea00000|100%| O|  |TAMS 0x000000074e800000, 0x000000074e800000| Untracked 
| 623|0x000000074ea00000, 0x000000074ec00000, 0x000000074ec00000|100%| O|  |TAMS 0x000000074ea00000, 0x000000074ea00000| Untracked 
| 624|0x000000074ec00000, 0x000000074ee00000, 0x000000074ee00000|100%| O|  |TAMS 0x000000074ec00000, 0x000000074ec00000| Untracked 
| 625|0x000000074ee00000, 0x000000074f000000, 0x000000074f000000|100%| O|  |TAMS 0x000000074ee00000, 0x000000074ee00000| Untracked 
| 626|0x000000074f000000, 0x000000074f200000, 0x000000074f200000|100%| O|  |TAMS 0x000000074f000000, 0x000000074f000000| Untracked 
| 627|0x000000074f200000, 0x000000074f400000, 0x000000074f400000|100%| O|  |TAMS 0x000000074f200000, 0x000000074f200000| Untracked 
| 628|0x000000074f400000, 0x000000074f600000, 0x000000074f600000|100%| O|  |TAMS 0x000000074f400000, 0x000000074f400000| Untracked 
| 629|0x000000074f600000, 0x000000074f800000, 0x000000074f800000|100%| O|  |TAMS 0x000000074f600000, 0x000000074f600000| Untracked 
| 630|0x000000074f800000, 0x000000074fa00000, 0x000000074fa00000|100%| O|  |TAMS 0x000000074f800000, 0x000000074f800000| Untracked 
| 631|0x000000074fa00000, 0x000000074fc00000, 0x000000074fc00000|100%| O|  |TAMS 0x000000074fa00000, 0x000000074fa00000| Untracked 
| 632|0x000000074fc00000, 0x000000074fe00000, 0x000000074fe00000|100%| O|  |TAMS 0x000000074fc00000, 0x000000074fc00000| Untracked 
| 633|0x000000074fe00000, 0x0000000750000000, 0x0000000750000000|100%| O|  |TAMS 0x000000074fe00000, 0x000000074fe00000| Untracked 
| 634|0x0000000750000000, 0x0000000750200000, 0x0000000750200000|100%| O|  |TAMS 0x0000000750000000, 0x0000000750000000| Untracked 
| 635|0x0000000750200000, 0x0000000750400000, 0x0000000750400000|100%| O|  |TAMS 0x0000000750200000, 0x0000000750200000| Untracked 
| 636|0x0000000750400000, 0x0000000750600000, 0x0000000750600000|100%| O|  |TAMS 0x0000000750400000, 0x0000000750400000| Untracked 
| 637|0x0000000750600000, 0x0000000750800000, 0x0000000750800000|100%| O|  |TAMS 0x0000000750600000, 0x0000000750600000| Untracked 
| 638|0x0000000750800000, 0x0000000750a00000, 0x0000000750a00000|100%| O|  |TAMS 0x0000000750800000, 0x0000000750800000| Untracked 
| 639|0x0000000750a00000, 0x0000000750c00000, 0x0000000750c00000|100%| O|  |TAMS 0x0000000750a00000, 0x0000000750a00000| Untracked 
| 640|0x0000000750c00000, 0x0000000750e00000, 0x0000000750e00000|100%| O|  |TAMS 0x0000000750c00000, 0x0000000750c00000| Untracked 
| 641|0x0000000750e00000, 0x0000000751000000, 0x0000000751000000|100%| O|  |TAMS 0x0000000750e00000, 0x0000000750e00000| Untracked 
| 642|0x0000000751000000, 0x0000000751200000, 0x0000000751200000|100%| O|  |TAMS 0x0000000751000000, 0x0000000751000000| Untracked 
| 643|0x0000000751200000, 0x0000000751400000, 0x0000000751400000|100%| O|  |TAMS 0x0000000751200000, 0x0000000751200000| Untracked 
| 644|0x0000000751400000, 0x0000000751600000, 0x0000000751600000|100%| O|  |TAMS 0x0000000751400000, 0x0000000751400000| Untracked 
| 645|0x0000000751600000, 0x0000000751800000, 0x0000000751800000|100%| O|  |TAMS 0x0000000751600000, 0x0000000751600000| Untracked 
| 646|0x0000000751800000, 0x0000000751a00000, 0x0000000751a00000|100%| O|  |TAMS 0x0000000751800000, 0x0000000751800000| Untracked 
| 647|0x0000000751a00000, 0x0000000751c00000, 0x0000000751c00000|100%| O|  |TAMS 0x0000000751a00000, 0x0000000751a00000| Untracked 
| 648|0x0000000751c00000, 0x0000000751e00000, 0x0000000751e00000|100%| O|  |TAMS 0x0000000751c00000, 0x0000000751c00000| Untracked 
| 649|0x0000000751e00000, 0x0000000752000000, 0x0000000752000000|100%| O|  |TAMS 0x0000000751e00000, 0x0000000751e00000| Untracked 
| 650|0x0000000752000000, 0x0000000752200000, 0x0000000752200000|100%| O|  |TAMS 0x0000000752000000, 0x0000000752000000| Untracked 
| 651|0x0000000752200000, 0x0000000752400000, 0x0000000752400000|100%| O|  |TAMS 0x0000000752200000, 0x0000000752200000| Untracked 
| 652|0x0000000752400000, 0x0000000752600000, 0x0000000752600000|100%| O|  |TAMS 0x0000000752400000, 0x0000000752400000| Untracked 
| 653|0x0000000752600000, 0x0000000752800000, 0x0000000752800000|100%| O|  |TAMS 0x0000000752600000, 0x0000000752600000| Untracked 
| 654|0x0000000752800000, 0x0000000752a00000, 0x0000000752a00000|100%| O|  |TAMS 0x0000000752800000, 0x0000000752800000| Untracked 
| 655|0x0000000752a00000, 0x0000000752c00000, 0x0000000752c00000|100%| O|  |TAMS 0x0000000752a00000, 0x0000000752a00000| Untracked 
| 656|0x0000000752c00000, 0x0000000752e00000, 0x0000000752e00000|100%| O|  |TAMS 0x0000000752c00000, 0x0000000752c00000| Untracked 
| 657|0x0000000752e00000, 0x0000000753000000, 0x0000000753000000|100%| O|  |TAMS 0x0000000752e00000, 0x0000000752e00000| Untracked 
| 658|0x0000000753000000, 0x0000000753200000, 0x0000000753200000|100%| O|  |TAMS 0x0000000753000000, 0x0000000753000000| Untracked 
| 659|0x0000000753200000, 0x0000000753400000, 0x0000000753400000|100%| O|  |TAMS 0x0000000753200000, 0x0000000753200000| Untracked 
| 660|0x0000000753400000, 0x0000000753600000, 0x0000000753600000|100%| O|  |TAMS 0x0000000753400000, 0x0000000753400000| Untracked 
| 661|0x0000000753600000, 0x0000000753800000, 0x0000000753800000|100%| O|  |TAMS 0x0000000753600000, 0x0000000753600000| Untracked 
| 662|0x0000000753800000, 0x0000000753a00000, 0x0000000753a00000|100%| O|  |TAMS 0x0000000753800000, 0x0000000753800000| Untracked 
| 663|0x0000000753a00000, 0x0000000753c00000, 0x0000000753c00000|100%| O|  |TAMS 0x0000000753a00000, 0x0000000753a00000| Untracked 
| 664|0x0000000753c00000, 0x0000000753e00000, 0x0000000753e00000|100%| O|  |TAMS 0x0000000753c00000, 0x0000000753c00000| Untracked 
| 665|0x0000000753e00000, 0x0000000754000000, 0x0000000754000000|100%| O|  |TAMS 0x0000000753e00000, 0x0000000753e00000| Untracked 
| 666|0x0000000754000000, 0x0000000754200000, 0x0000000754200000|100%| O|  |TAMS 0x0000000754000000, 0x0000000754000000| Untracked 
| 667|0x0000000754200000, 0x0000000754400000, 0x0000000754400000|100%| O|  |TAMS 0x0000000754200000, 0x0000000754200000| Untracked 
| 668|0x0000000754400000, 0x0000000754600000, 0x0000000754600000|100%| O|  |TAMS 0x0000000754400000, 0x0000000754400000| Untracked 
| 669|0x0000000754600000, 0x0000000754800000, 0x0000000754800000|100%| O|  |TAMS 0x0000000754600000, 0x0000000754600000| Untracked 
| 670|0x0000000754800000, 0x0000000754a00000, 0x0000000754a00000|100%| O|  |TAMS 0x0000000754800000, 0x0000000754800000| Untracked 
| 671|0x0000000754a00000, 0x0000000754c00000, 0x0000000754c00000|100%| O|  |TAMS 0x0000000754a00000, 0x0000000754a00000| Untracked 
| 672|0x0000000754c00000, 0x0000000754e00000, 0x0000000754e00000|100%| O|  |TAMS 0x0000000754c00000, 0x0000000754c00000| Untracked 
| 673|0x0000000754e00000, 0x0000000755000000, 0x0000000755000000|100%| O|  |TAMS 0x0000000754e00000, 0x0000000754e00000| Untracked 
| 674|0x0000000755000000, 0x0000000755200000, 0x0000000755200000|100%| O|  |TAMS 0x0000000755000000, 0x0000000755000000| Untracked 
| 675|0x0000000755200000, 0x0000000755400000, 0x0000000755400000|100%| O|  |TAMS 0x0000000755200000, 0x0000000755200000| Untracked 
| 676|0x0000000755400000, 0x0000000755600000, 0x0000000755600000|100%| O|  |TAMS 0x0000000755400000, 0x0000000755400000| Untracked 
| 677|0x0000000755600000, 0x0000000755800000, 0x0000000755800000|100%| O|  |TAMS 0x0000000755600000, 0x0000000755600000| Untracked 
| 678|0x0000000755800000, 0x0000000755a00000, 0x0000000755a00000|100%| O|  |TAMS 0x0000000755800000, 0x0000000755800000| Untracked 
| 679|0x0000000755a00000, 0x0000000755c00000, 0x0000000755c00000|100%| O|  |TAMS 0x0000000755a00000, 0x0000000755a00000| Untracked 
| 680|0x0000000755c00000, 0x0000000755e00000, 0x0000000755e00000|100%| O|  |TAMS 0x0000000755c00000, 0x0000000755c00000| Untracked 
| 681|0x0000000755e00000, 0x0000000756000000, 0x0000000756000000|100%| O|  |TAMS 0x0000000755e00000, 0x0000000755e00000| Untracked 
| 682|0x0000000756000000, 0x0000000756200000, 0x0000000756200000|100%| O|  |TAMS 0x0000000756000000, 0x0000000756000000| Untracked 
| 683|0x0000000756200000, 0x0000000756400000, 0x0000000756400000|100%| O|  |TAMS 0x0000000756200000, 0x0000000756200000| Untracked 
| 684|0x0000000756400000, 0x0000000756600000, 0x0000000756600000|100%| O|  |TAMS 0x0000000756400000, 0x0000000756400000| Untracked 
| 685|0x0000000756600000, 0x0000000756800000, 0x0000000756800000|100%| O|  |TAMS 0x0000000756600000, 0x0000000756600000| Untracked 
| 686|0x0000000756800000, 0x0000000756a00000, 0x0000000756a00000|100%| O|  |TAMS 0x0000000756800000, 0x0000000756800000| Untracked 
| 687|0x0000000756a00000, 0x0000000756c00000, 0x0000000756c00000|100%| O|  |TAMS 0x0000000756a00000, 0x0000000756a00000| Untracked 
| 688|0x0000000756c00000, 0x0000000756e00000, 0x0000000756e00000|100%| O|  |TAMS 0x0000000756c00000, 0x0000000756c00000| Untracked 
| 689|0x0000000756e00000, 0x0000000757000000, 0x0000000757000000|100%| O|  |TAMS 0x0000000756e00000, 0x0000000756e00000| Untracked 
| 690|0x0000000757000000, 0x0000000757200000, 0x0000000757200000|100%| O|  |TAMS 0x0000000757000000, 0x0000000757000000| Untracked 
| 691|0x0000000757200000, 0x0000000757400000, 0x0000000757400000|100%| O|  |TAMS 0x0000000757200000, 0x0000000757200000| Untracked 
| 692|0x0000000757400000, 0x0000000757600000, 0x0000000757600000|100%| O|  |TAMS 0x0000000757400000, 0x0000000757400000| Untracked 
| 693|0x0000000757600000, 0x0000000757800000, 0x0000000757800000|100%| O|  |TAMS 0x0000000757600000, 0x0000000757600000| Untracked 
| 694|0x0000000757800000, 0x0000000757a00000, 0x0000000757a00000|100%| O|  |TAMS 0x0000000757800000, 0x0000000757800000| Untracked 
| 695|0x0000000757a00000, 0x0000000757c00000, 0x0000000757c00000|100%| O|  |TAMS 0x0000000757a00000, 0x0000000757a00000| Untracked 
| 696|0x0000000757c00000, 0x0000000757e00000, 0x0000000757e00000|100%| O|  |TAMS 0x0000000757c00000, 0x0000000757c00000| Untracked 
| 697|0x0000000757e00000, 0x0000000758000000, 0x0000000758000000|100%| O|  |TAMS 0x0000000757e00000, 0x0000000757e00000| Untracked 
| 698|0x0000000758000000, 0x0000000758200000, 0x0000000758200000|100%| O|  |TAMS 0x0000000758000000, 0x0000000758000000| Untracked 
| 699|0x0000000758200000, 0x0000000758400000, 0x0000000758400000|100%| O|  |TAMS 0x0000000758200000, 0x0000000758200000| Untracked 
| 700|0x0000000758400000, 0x0000000758600000, 0x0000000758600000|100%| O|  |TAMS 0x0000000758400000, 0x0000000758400000| Untracked 
| 701|0x0000000758600000, 0x0000000758800000, 0x0000000758800000|100%| O|  |TAMS 0x0000000758600000, 0x0000000758600000| Untracked 
| 702|0x0000000758800000, 0x0000000758a00000, 0x0000000758a00000|100%| O|  |TAMS 0x0000000758800000, 0x0000000758800000| Untracked 
| 703|0x0000000758a00000, 0x0000000758c00000, 0x0000000758c00000|100%| O|  |TAMS 0x0000000758a00000, 0x0000000758a00000| Untracked 
| 704|0x0000000758c00000, 0x0000000758e00000, 0x0000000758e00000|100%| O|  |TAMS 0x0000000758c00000, 0x0000000758c00000| Untracked 
| 705|0x0000000758e00000, 0x0000000759000000, 0x0000000759000000|100%| O|  |TAMS 0x0000000758e00000, 0x0000000758e00000| Untracked 
| 706|0x0000000759000000, 0x0000000759100000, 0x0000000759200000| 50%| O|  |TAMS 0x0000000759000000, 0x0000000759000000| Updating 
| 707|0x0000000759200000, 0x0000000759200000, 0x0000000759400000|  0%| F|  |TAMS 0x0000000759200000, 0x0000000759200000| Untracked 
| 708|0x0000000759400000, 0x0000000759400000, 0x0000000759600000|  0%| F|  |TAMS 0x0000000759400000, 0x0000000759400000| Untracked 
| 709|0x0000000759600000, 0x0000000759600000, 0x0000000759800000|  0%| F|  |TAMS 0x0000000759600000, 0x0000000759600000| Untracked 
| 710|0x0000000759800000, 0x0000000759800000, 0x0000000759a00000|  0%| F|  |TAMS 0x0000000759800000, 0x0000000759800000| Untracked 
| 711|0x0000000759a00000, 0x0000000759a00000, 0x0000000759c00000|  0%| F|  |TAMS 0x0000000759a00000, 0x0000000759a00000| Untracked 
| 712|0x0000000759c00000, 0x0000000759c00000, 0x0000000759e00000|  0%| F|  |TAMS 0x0000000759c00000, 0x0000000759c00000| Untracked 
| 713|0x0000000759e00000, 0x0000000759e00000, 0x000000075a000000|  0%| F|  |TAMS 0x0000000759e00000, 0x0000000759e00000| Untracked 
| 714|0x000000075a000000, 0x000000075a000000, 0x000000075a200000|  0%| F|  |TAMS 0x000000075a000000, 0x000000075a000000| Untracked 
| 715|0x000000075a200000, 0x000000075a200000, 0x000000075a400000|  0%| F|  |TAMS 0x000000075a200000, 0x000000075a200000| Untracked 
| 716|0x000000075a400000, 0x000000075a400000, 0x000000075a600000|  0%| F|  |TAMS 0x000000075a400000, 0x000000075a400000| Untracked 
| 717|0x000000075a600000, 0x000000075a600000, 0x000000075a800000|  0%| F|  |TAMS 0x000000075a600000, 0x000000075a600000| Untracked 
| 718|0x000000075a800000, 0x000000075a800000, 0x000000075aa00000|  0%| F|  |TAMS 0x000000075a800000, 0x000000075a800000| Untracked 
| 719|0x000000075aa00000, 0x000000075aa00000, 0x000000075ac00000|  0%| F|  |TAMS 0x000000075aa00000, 0x000000075aa00000| Untracked 
| 720|0x000000075ac00000, 0x000000075ac00000, 0x000000075ae00000|  0%| F|  |TAMS 0x000000075ac00000, 0x000000075ac00000| Untracked 
| 721|0x000000075ae00000, 0x000000075ae00000, 0x000000075b000000|  0%| F|  |TAMS 0x000000075ae00000, 0x000000075ae00000| Untracked 
| 722|0x000000075b000000, 0x000000075b000000, 0x000000075b200000|  0%| F|  |TAMS 0x000000075b000000, 0x000000075b000000| Untracked 
| 723|0x000000075b200000, 0x000000075b200000, 0x000000075b400000|  0%| F|  |TAMS 0x000000075b200000, 0x000000075b200000| Untracked 
| 724|0x000000075b400000, 0x000000075b400000, 0x000000075b600000|  0%| F|  |TAMS 0x000000075b400000, 0x000000075b400000| Untracked 
| 725|0x000000075b600000, 0x000000075b600000, 0x000000075b800000|  0%| F|  |TAMS 0x000000075b600000, 0x000000075b600000| Untracked 
| 726|0x000000075b800000, 0x000000075b800000, 0x000000075ba00000|  0%| F|  |TAMS 0x000000075b800000, 0x000000075b800000| Untracked 
| 727|0x000000075ba00000, 0x000000075ba00000, 0x000000075bc00000|  0%| F|  |TAMS 0x000000075ba00000, 0x000000075ba00000| Untracked 
| 728|0x000000075bc00000, 0x000000075bc00000, 0x000000075be00000|  0%| F|  |TAMS 0x000000075bc00000, 0x000000075bc00000| Untracked 
| 729|0x000000075be00000, 0x000000075be00000, 0x000000075c000000|  0%| F|  |TAMS 0x000000075be00000, 0x000000075be00000| Untracked 
| 730|0x000000075c000000, 0x000000075c000000, 0x000000075c200000|  0%| F|  |TAMS 0x000000075c000000, 0x000000075c000000| Untracked 
| 731|0x000000075c200000, 0x000000075c200000, 0x000000075c400000|  0%| F|  |TAMS 0x000000075c200000, 0x000000075c200000| Untracked 
| 732|0x000000075c400000, 0x000000075c400000, 0x000000075c600000|  0%| F|  |TAMS 0x000000075c400000, 0x000000075c400000| Untracked 
| 733|0x000000075c600000, 0x000000075c600000, 0x000000075c800000|  0%| F|  |TAMS 0x000000075c600000, 0x000000075c600000| Untracked 
| 734|0x000000075c800000, 0x000000075c800000, 0x000000075ca00000|  0%| F|  |TAMS 0x000000075c800000, 0x000000075c800000| Untracked 
| 735|0x000000075ca00000, 0x000000075ca00000, 0x000000075cc00000|  0%| F|  |TAMS 0x000000075ca00000, 0x000000075ca00000| Untracked 
| 736|0x000000075cc00000, 0x000000075cc00000, 0x000000075ce00000|  0%| F|  |TAMS 0x000000075cc00000, 0x000000075cc00000| Untracked 
| 737|0x000000075ce00000, 0x000000075ce00000, 0x000000075d000000|  0%| F|  |TAMS 0x000000075ce00000, 0x000000075ce00000| Untracked 
| 738|0x000000075d000000, 0x000000075d000000, 0x000000075d200000|  0%| F|  |TAMS 0x000000075d000000, 0x000000075d000000| Untracked 
| 739|0x000000075d200000, 0x000000075d200000, 0x000000075d400000|  0%| F|  |TAMS 0x000000075d200000, 0x000000075d200000| Untracked 
| 740|0x000000075d400000, 0x000000075d400000, 0x000000075d600000|  0%| F|  |TAMS 0x000000075d400000, 0x000000075d400000| Untracked 
| 741|0x000000075d600000, 0x000000075d600000, 0x000000075d800000|  0%| F|  |TAMS 0x000000075d600000, 0x000000075d600000| Untracked 
| 742|0x000000075d800000, 0x000000075d800000, 0x000000075da00000|  0%| F|  |TAMS 0x000000075d800000, 0x000000075d800000| Untracked 
| 743|0x000000075da00000, 0x000000075da00000, 0x000000075dc00000|  0%| F|  |TAMS 0x000000075da00000, 0x000000075da00000| Untracked 
| 744|0x000000075dc00000, 0x000000075dc00000, 0x000000075de00000|  0%| F|  |TAMS 0x000000075dc00000, 0x000000075dc00000| Untracked 
| 745|0x000000075de00000, 0x000000075de00000, 0x000000075e000000|  0%| F|  |TAMS 0x000000075de00000, 0x000000075de00000| Untracked 
| 746|0x000000075e000000, 0x000000075e000000, 0x000000075e200000|  0%| F|  |TAMS 0x000000075e000000, 0x000000075e000000| Untracked 
| 747|0x000000075e200000, 0x000000075e200000, 0x000000075e400000|  0%| F|  |TAMS 0x000000075e200000, 0x000000075e200000| Untracked 
| 748|0x000000075e400000, 0x000000075e400000, 0x000000075e600000|  0%| F|  |TAMS 0x000000075e400000, 0x000000075e400000| Untracked 
| 749|0x000000075e600000, 0x000000075e600000, 0x000000075e800000|  0%| F|  |TAMS 0x000000075e600000, 0x000000075e600000| Untracked 
| 750|0x000000075e800000, 0x000000075e800000, 0x000000075ea00000|  0%| F|  |TAMS 0x000000075e800000, 0x000000075e800000| Untracked 
| 751|0x000000075ea00000, 0x000000075ea00000, 0x000000075ec00000|  0%| F|  |TAMS 0x000000075ea00000, 0x000000075ea00000| Untracked 
| 752|0x000000075ec00000, 0x000000075ec00000, 0x000000075ee00000|  0%| F|  |TAMS 0x000000075ec00000, 0x000000075ec00000| Untracked 
| 753|0x000000075ee00000, 0x000000075ee00000, 0x000000075f000000|  0%| F|  |TAMS 0x000000075ee00000, 0x000000075ee00000| Untracked 
| 754|0x000000075f000000, 0x000000075f000000, 0x000000075f200000|  0%| F|  |TAMS 0x000000075f000000, 0x000000075f000000| Untracked 
| 755|0x000000075f200000, 0x000000075f200000, 0x000000075f400000|  0%| F|  |TAMS 0x000000075f200000, 0x000000075f200000| Untracked 
| 756|0x000000075f400000, 0x000000075f400000, 0x000000075f600000|  0%| F|  |TAMS 0x000000075f400000, 0x000000075f400000| Untracked 
| 757|0x000000075f600000, 0x000000075f600000, 0x000000075f800000|  0%| F|  |TAMS 0x000000075f600000, 0x000000075f600000| Untracked 
| 758|0x000000075f800000, 0x000000075f800000, 0x000000075fa00000|  0%| F|  |TAMS 0x000000075f800000, 0x000000075f800000| Untracked 
| 759|0x000000075fa00000, 0x000000075fa00000, 0x000000075fc00000|  0%| F|  |TAMS 0x000000075fa00000, 0x000000075fa00000| Untracked 
| 760|0x000000075fc00000, 0x000000075fc00000, 0x000000075fe00000|  0%| F|  |TAMS 0x000000075fc00000, 0x000000075fc00000| Untracked 
| 761|0x000000075fe00000, 0x000000075fe00000, 0x0000000760000000|  0%| F|  |TAMS 0x000000075fe00000, 0x000000075fe00000| Untracked 
| 762|0x0000000760000000, 0x0000000760000000, 0x0000000760200000|  0%| F|  |TAMS 0x0000000760000000, 0x0000000760000000| Untracked 
| 763|0x0000000760200000, 0x0000000760200000, 0x0000000760400000|  0%| F|  |TAMS 0x0000000760200000, 0x0000000760200000| Untracked 
| 764|0x0000000760400000, 0x0000000760400000, 0x0000000760600000|  0%| F|  |TAMS 0x0000000760400000, 0x0000000760400000| Untracked 
| 765|0x0000000760600000, 0x0000000760600000, 0x0000000760800000|  0%| F|  |TAMS 0x0000000760600000, 0x0000000760600000| Untracked 
| 766|0x0000000760800000, 0x0000000760800000, 0x0000000760a00000|  0%| F|  |TAMS 0x0000000760800000, 0x0000000760800000| Untracked 
| 767|0x0000000760a00000, 0x0000000760a00000, 0x0000000760c00000|  0%| F|  |TAMS 0x0000000760a00000, 0x0000000760a00000| Untracked 
| 768|0x0000000760c00000, 0x0000000760c00000, 0x0000000760e00000|  0%| F|  |TAMS 0x0000000760c00000, 0x0000000760c00000| Untracked 
| 769|0x0000000760e00000, 0x0000000760e00000, 0x0000000761000000|  0%| F|  |TAMS 0x0000000760e00000, 0x0000000760e00000| Untracked 
| 770|0x0000000761000000, 0x0000000761000000, 0x0000000761200000|  0%| F|  |TAMS 0x0000000761000000, 0x0000000761000000| Untracked 
| 771|0x0000000761200000, 0x0000000761200000, 0x0000000761400000|  0%| F|  |TAMS 0x0000000761200000, 0x0000000761200000| Untracked 
| 772|0x0000000761400000, 0x0000000761400000, 0x0000000761600000|  0%| F|  |TAMS 0x0000000761400000, 0x0000000761400000| Untracked 
| 773|0x0000000761600000, 0x0000000761600000, 0x0000000761800000|  0%| F|  |TAMS 0x0000000761600000, 0x0000000761600000| Untracked 
| 774|0x0000000761800000, 0x0000000761800000, 0x0000000761a00000|  0%| F|  |TAMS 0x0000000761800000, 0x0000000761800000| Untracked 
| 775|0x0000000761a00000, 0x0000000761a00000, 0x0000000761c00000|  0%| F|  |TAMS 0x0000000761a00000, 0x0000000761a00000| Untracked 
| 776|0x0000000761c00000, 0x0000000761c00000, 0x0000000761e00000|  0%| F|  |TAMS 0x0000000761c00000, 0x0000000761c00000| Untracked 
| 777|0x0000000761e00000, 0x0000000761e00000, 0x0000000762000000|  0%| F|  |TAMS 0x0000000761e00000, 0x0000000761e00000| Untracked 
| 778|0x0000000762000000, 0x0000000762000000, 0x0000000762200000|  0%| F|  |TAMS 0x0000000762000000, 0x0000000762000000| Untracked 
| 779|0x0000000762200000, 0x0000000762200000, 0x0000000762400000|  0%| F|  |TAMS 0x0000000762200000, 0x0000000762200000| Untracked 
| 780|0x0000000762400000, 0x0000000762400000, 0x0000000762600000|  0%| F|  |TAMS 0x0000000762400000, 0x0000000762400000| Untracked 
| 781|0x0000000762600000, 0x0000000762600000, 0x0000000762800000|  0%| F|  |TAMS 0x0000000762600000, 0x0000000762600000| Untracked 
| 782|0x0000000762800000, 0x0000000762800000, 0x0000000762a00000|  0%| F|  |TAMS 0x0000000762800000, 0x0000000762800000| Untracked 
| 783|0x0000000762a00000, 0x0000000762a00000, 0x0000000762c00000|  0%| F|  |TAMS 0x0000000762a00000, 0x0000000762a00000| Untracked 
| 784|0x0000000762c00000, 0x0000000762c00000, 0x0000000762e00000|  0%| F|  |TAMS 0x0000000762c00000, 0x0000000762c00000| Untracked 
| 785|0x0000000762e00000, 0x0000000762e00000, 0x0000000763000000|  0%| F|  |TAMS 0x0000000762e00000, 0x0000000762e00000| Untracked 
| 786|0x0000000763000000, 0x0000000763000000, 0x0000000763200000|  0%| F|  |TAMS 0x0000000763000000, 0x0000000763000000| Untracked 
| 787|0x0000000763200000, 0x0000000763200000, 0x0000000763400000|  0%| F|  |TAMS 0x0000000763200000, 0x0000000763200000| Untracked 
| 788|0x0000000763400000, 0x0000000763400000, 0x0000000763600000|  0%| F|  |TAMS 0x0000000763400000, 0x0000000763400000| Untracked 
| 789|0x0000000763600000, 0x0000000763600000, 0x0000000763800000|  0%| F|  |TAMS 0x0000000763600000, 0x0000000763600000| Untracked 
| 790|0x0000000763800000, 0x0000000763800000, 0x0000000763a00000|  0%| F|  |TAMS 0x0000000763800000, 0x0000000763800000| Untracked 
| 791|0x0000000763a00000, 0x0000000763a00000, 0x0000000763c00000|  0%| F|  |TAMS 0x0000000763a00000, 0x0000000763a00000| Untracked 
| 792|0x0000000763c00000, 0x0000000763c00000, 0x0000000763e00000|  0%| F|  |TAMS 0x0000000763c00000, 0x0000000763c00000| Untracked 
| 793|0x0000000763e00000, 0x0000000763e00000, 0x0000000764000000|  0%| F|  |TAMS 0x0000000763e00000, 0x0000000763e00000| Untracked 
| 794|0x0000000764000000, 0x0000000764000000, 0x0000000764200000|  0%| F|  |TAMS 0x0000000764000000, 0x0000000764000000| Untracked 
| 795|0x0000000764200000, 0x0000000764200000, 0x0000000764400000|  0%| F|  |TAMS 0x0000000764200000, 0x0000000764200000| Untracked 
| 796|0x0000000764400000, 0x0000000764400000, 0x0000000764600000|  0%| F|  |TAMS 0x0000000764400000, 0x0000000764400000| Untracked 
| 797|0x0000000764600000, 0x0000000764600000, 0x0000000764800000|  0%| F|  |TAMS 0x0000000764600000, 0x0000000764600000| Untracked 
| 798|0x0000000764800000, 0x0000000764800000, 0x0000000764a00000|  0%| F|  |TAMS 0x0000000764800000, 0x0000000764800000| Untracked 
| 799|0x0000000764a00000, 0x0000000764a00000, 0x0000000764c00000|  0%| F|  |TAMS 0x0000000764a00000, 0x0000000764a00000| Untracked 
| 800|0x0000000764c00000, 0x0000000764c00000, 0x0000000764e00000|  0%| F|  |TAMS 0x0000000764c00000, 0x0000000764c00000| Untracked 
| 801|0x0000000764e00000, 0x0000000764e00000, 0x0000000765000000|  0%| F|  |TAMS 0x0000000764e00000, 0x0000000764e00000| Untracked 
| 802|0x0000000765000000, 0x0000000765000000, 0x0000000765200000|  0%| F|  |TAMS 0x0000000765000000, 0x0000000765000000| Untracked 
| 803|0x0000000765200000, 0x0000000765200000, 0x0000000765400000|  0%| F|  |TAMS 0x0000000765200000, 0x0000000765200000| Untracked 
| 804|0x0000000765400000, 0x0000000765400000, 0x0000000765600000|  0%| F|  |TAMS 0x0000000765400000, 0x0000000765400000| Untracked 
| 805|0x0000000765600000, 0x0000000765600000, 0x0000000765800000|  0%| F|  |TAMS 0x0000000765600000, 0x0000000765600000| Untracked 
| 806|0x0000000765800000, 0x0000000765800000, 0x0000000765a00000|  0%| F|  |TAMS 0x0000000765800000, 0x0000000765800000| Untracked 
| 807|0x0000000765a00000, 0x0000000765a00000, 0x0000000765c00000|  0%| F|  |TAMS 0x0000000765a00000, 0x0000000765a00000| Untracked 
| 808|0x0000000765c00000, 0x0000000765c00000, 0x0000000765e00000|  0%| F|  |TAMS 0x0000000765c00000, 0x0000000765c00000| Untracked 
| 809|0x0000000765e00000, 0x0000000765e00000, 0x0000000766000000|  0%| F|  |TAMS 0x0000000765e00000, 0x0000000765e00000| Untracked 
| 810|0x0000000766000000, 0x0000000766000000, 0x0000000766200000|  0%| F|  |TAMS 0x0000000766000000, 0x0000000766000000| Untracked 
| 811|0x0000000766200000, 0x0000000766200000, 0x0000000766400000|  0%| F|  |TAMS 0x0000000766200000, 0x0000000766200000| Untracked 
| 812|0x0000000766400000, 0x0000000766400000, 0x0000000766600000|  0%| F|  |TAMS 0x0000000766400000, 0x0000000766400000| Untracked 
| 813|0x0000000766600000, 0x0000000766600000, 0x0000000766800000|  0%| F|  |TAMS 0x0000000766600000, 0x0000000766600000| Untracked 
| 814|0x0000000766800000, 0x0000000766800000, 0x0000000766a00000|  0%| F|  |TAMS 0x0000000766800000, 0x0000000766800000| Untracked 
| 815|0x0000000766a00000, 0x0000000766a00000, 0x0000000766c00000|  0%| F|  |TAMS 0x0000000766a00000, 0x0000000766a00000| Untracked 
| 816|0x0000000766c00000, 0x0000000766c00000, 0x0000000766e00000|  0%| F|  |TAMS 0x0000000766c00000, 0x0000000766c00000| Untracked 
| 817|0x0000000766e00000, 0x0000000766e00000, 0x0000000767000000|  0%| F|  |TAMS 0x0000000766e00000, 0x0000000766e00000| Untracked 
| 818|0x0000000767000000, 0x0000000767000000, 0x0000000767200000|  0%| F|  |TAMS 0x0000000767000000, 0x0000000767000000| Untracked 
| 819|0x0000000767200000, 0x0000000767200000, 0x0000000767400000|  0%| F|  |TAMS 0x0000000767200000, 0x0000000767200000| Untracked 
| 820|0x0000000767400000, 0x0000000767400000, 0x0000000767600000|  0%| F|  |TAMS 0x0000000767400000, 0x0000000767400000| Untracked 
| 821|0x0000000767600000, 0x0000000767600000, 0x0000000767800000|  0%| F|  |TAMS 0x0000000767600000, 0x0000000767600000| Untracked 
| 822|0x0000000767800000, 0x0000000767800000, 0x0000000767a00000|  0%| F|  |TAMS 0x0000000767800000, 0x0000000767800000| Untracked 
| 823|0x0000000767a00000, 0x0000000767a00000, 0x0000000767c00000|  0%| F|  |TAMS 0x0000000767a00000, 0x0000000767a00000| Untracked 
| 824|0x0000000767c00000, 0x0000000767c00000, 0x0000000767e00000|  0%| F|  |TAMS 0x0000000767c00000, 0x0000000767c00000| Untracked 
| 825|0x0000000767e00000, 0x0000000767e00000, 0x0000000768000000|  0%| F|  |TAMS 0x0000000767e00000, 0x0000000767e00000| Untracked 
| 826|0x0000000768000000, 0x0000000768000000, 0x0000000768200000|  0%| F|  |TAMS 0x0000000768000000, 0x0000000768000000| Untracked 
| 827|0x0000000768200000, 0x0000000768200000, 0x0000000768400000|  0%| F|  |TAMS 0x0000000768200000, 0x0000000768200000| Untracked 
| 828|0x0000000768400000, 0x0000000768400000, 0x0000000768600000|  0%| F|  |TAMS 0x0000000768400000, 0x0000000768400000| Untracked 
| 829|0x0000000768600000, 0x0000000768600000, 0x0000000768800000|  0%| F|  |TAMS 0x0000000768600000, 0x0000000768600000| Untracked 
| 830|0x0000000768800000, 0x0000000768800000, 0x0000000768a00000|  0%| F|  |TAMS 0x0000000768800000, 0x0000000768800000| Untracked 
| 831|0x0000000768a00000, 0x0000000768a00000, 0x0000000768c00000|  0%| F|  |TAMS 0x0000000768a00000, 0x0000000768a00000| Untracked 
| 832|0x0000000768c00000, 0x0000000768c00000, 0x0000000768e00000|  0%| F|  |TAMS 0x0000000768c00000, 0x0000000768c00000| Untracked 
| 833|0x0000000768e00000, 0x0000000768e00000, 0x0000000769000000|  0%| F|  |TAMS 0x0000000768e00000, 0x0000000768e00000| Untracked 
| 834|0x0000000769000000, 0x0000000769000000, 0x0000000769200000|  0%| F|  |TAMS 0x0000000769000000, 0x0000000769000000| Untracked 
| 835|0x0000000769200000, 0x0000000769200000, 0x0000000769400000|  0%| F|  |TAMS 0x0000000769200000, 0x0000000769200000| Untracked 
| 836|0x0000000769400000, 0x0000000769400000, 0x0000000769600000|  0%| F|  |TAMS 0x0000000769400000, 0x0000000769400000| Untracked 
| 837|0x0000000769600000, 0x0000000769600000, 0x0000000769800000|  0%| F|  |TAMS 0x0000000769600000, 0x0000000769600000| Untracked 
| 838|0x0000000769800000, 0x0000000769800000, 0x0000000769a00000|  0%| F|  |TAMS 0x0000000769800000, 0x0000000769800000| Untracked 
| 839|0x0000000769a00000, 0x0000000769a00000, 0x0000000769c00000|  0%| F|  |TAMS 0x0000000769a00000, 0x0000000769a00000| Untracked 
| 840|0x0000000769c00000, 0x0000000769c00000, 0x0000000769e00000|  0%| F|  |TAMS 0x0000000769c00000, 0x0000000769c00000| Untracked 
| 841|0x0000000769e00000, 0x0000000769e00000, 0x000000076a000000|  0%| F|  |TAMS 0x0000000769e00000, 0x0000000769e00000| Untracked 
| 842|0x000000076a000000, 0x000000076a000000, 0x000000076a200000|  0%| F|  |TAMS 0x000000076a000000, 0x000000076a000000| Untracked 
| 843|0x000000076a200000, 0x000000076a200000, 0x000000076a400000|  0%| F|  |TAMS 0x000000076a200000, 0x000000076a200000| Untracked 
| 844|0x000000076a400000, 0x000000076a400000, 0x000000076a600000|  0%| F|  |TAMS 0x000000076a400000, 0x000000076a400000| Untracked 
| 845|0x000000076a600000, 0x000000076a600000, 0x000000076a800000|  0%| F|  |TAMS 0x000000076a600000, 0x000000076a600000| Untracked 
| 846|0x000000076a800000, 0x000000076a800000, 0x000000076aa00000|  0%| F|  |TAMS 0x000000076a800000, 0x000000076a800000| Untracked 
| 847|0x000000076aa00000, 0x000000076aa00000, 0x000000076ac00000|  0%| F|  |TAMS 0x000000076aa00000, 0x000000076aa00000| Untracked 
| 848|0x000000076ac00000, 0x000000076ac00000, 0x000000076ae00000|  0%| F|  |TAMS 0x000000076ac00000, 0x000000076ac00000| Untracked 
| 849|0x000000076ae00000, 0x000000076ae00000, 0x000000076b000000|  0%| F|  |TAMS 0x000000076ae00000, 0x000000076ae00000| Untracked 
| 850|0x000000076b000000, 0x000000076b000000, 0x000000076b200000|  0%| F|  |TAMS 0x000000076b000000, 0x000000076b000000| Untracked 
| 851|0x000000076b200000, 0x000000076b200000, 0x000000076b400000|  0%| F|  |TAMS 0x000000076b200000, 0x000000076b200000| Untracked 
| 852|0x000000076b400000, 0x000000076b400000, 0x000000076b600000|  0%| F|  |TAMS 0x000000076b400000, 0x000000076b400000| Untracked 
| 853|0x000000076b600000, 0x000000076b600000, 0x000000076b800000|  0%| F|  |TAMS 0x000000076b600000, 0x000000076b600000| Untracked 
| 854|0x000000076b800000, 0x000000076b800000, 0x000000076ba00000|  0%| F|  |TAMS 0x000000076b800000, 0x000000076b800000| Untracked 
| 855|0x000000076ba00000, 0x000000076ba00000, 0x000000076bc00000|  0%| F|  |TAMS 0x000000076ba00000, 0x000000076ba00000| Untracked 
| 856|0x000000076bc00000, 0x000000076bc00000, 0x000000076be00000|  0%| F|  |TAMS 0x000000076bc00000, 0x000000076bc00000| Untracked 
| 857|0x000000076be00000, 0x000000076be00000, 0x000000076c000000|  0%| F|  |TAMS 0x000000076be00000, 0x000000076be00000| Untracked 
| 858|0x000000076c000000, 0x000000076c000000, 0x000000076c200000|  0%| F|  |TAMS 0x000000076c000000, 0x000000076c000000| Untracked 
| 859|0x000000076c200000, 0x000000076c200000, 0x000000076c400000|  0%| F|  |TAMS 0x000000076c200000, 0x000000076c200000| Untracked 
| 860|0x000000076c400000, 0x000000076c400000, 0x000000076c600000|  0%| F|  |TAMS 0x000000076c400000, 0x000000076c400000| Untracked 
| 861|0x000000076c600000, 0x000000076c600000, 0x000000076c800000|  0%| F|  |TAMS 0x000000076c600000, 0x000000076c600000| Untracked 
| 862|0x000000076c800000, 0x000000076c800000, 0x000000076ca00000|  0%| F|  |TAMS 0x000000076c800000, 0x000000076c800000| Untracked 
| 863|0x000000076ca00000, 0x000000076ca00000, 0x000000076cc00000|  0%| F|  |TAMS 0x000000076ca00000, 0x000000076ca00000| Untracked 
| 864|0x000000076cc00000, 0x000000076ce00000, 0x000000076ce00000|100%| S|CS|TAMS 0x000000076cc00000, 0x000000076cc00000| Complete 
| 865|0x000000076ce00000, 0x000000076d000000, 0x000000076d000000|100%| S|CS|TAMS 0x000000076ce00000, 0x000000076ce00000| Complete 
| 866|0x000000076d000000, 0x000000076d200000, 0x000000076d200000|100%| S|CS|TAMS 0x000000076d000000, 0x000000076d000000| Complete 
| 867|0x000000076d200000, 0x000000076d400000, 0x000000076d400000|100%| S|CS|TAMS 0x000000076d200000, 0x000000076d200000| Complete 
| 868|0x000000076d400000, 0x000000076d600000, 0x000000076d600000|100%| S|CS|TAMS 0x000000076d400000, 0x000000076d400000| Complete 
| 869|0x000000076d600000, 0x000000076d800000, 0x000000076d800000|100%| S|CS|TAMS 0x000000076d600000, 0x000000076d600000| Complete 
| 870|0x000000076d800000, 0x000000076da00000, 0x000000076da00000|100%| S|CS|TAMS 0x000000076d800000, 0x000000076d800000| Complete 
| 871|0x000000076da00000, 0x000000076da00000, 0x000000076dc00000|  0%| F|  |TAMS 0x000000076da00000, 0x000000076da00000| Untracked 
| 872|0x000000076dc00000, 0x000000076dc00000, 0x000000076de00000|  0%| F|  |TAMS 0x000000076dc00000, 0x000000076dc00000| Untracked 
| 873|0x000000076de00000, 0x000000076de00000, 0x000000076e000000|  0%| F|  |TAMS 0x000000076de00000, 0x000000076de00000| Untracked 
| 874|0x000000076e000000, 0x000000076e000000, 0x000000076e200000|  0%| F|  |TAMS 0x000000076e000000, 0x000000076e000000| Untracked 
| 875|0x000000076e200000, 0x000000076e200000, 0x000000076e400000|  0%| F|  |TAMS 0x000000076e200000, 0x000000076e200000| Untracked 
| 876|0x000000076e400000, 0x000000076e400000, 0x000000076e600000|  0%| F|  |TAMS 0x000000076e400000, 0x000000076e400000| Untracked 
| 877|0x000000076e600000, 0x000000076e600000, 0x000000076e800000|  0%| F|  |TAMS 0x000000076e600000, 0x000000076e600000| Untracked 
| 878|0x000000076e800000, 0x000000076e800000, 0x000000076ea00000|  0%| F|  |TAMS 0x000000076e800000, 0x000000076e800000| Untracked 
| 879|0x000000076ea00000, 0x000000076ea00000, 0x000000076ec00000|  0%| F|  |TAMS 0x000000076ea00000, 0x000000076ea00000| Untracked 
| 880|0x000000076ec00000, 0x000000076ec00000, 0x000000076ee00000|  0%| F|  |TAMS 0x000000076ec00000, 0x000000076ec00000| Untracked 
| 881|0x000000076ee00000, 0x000000076ee00000, 0x000000076f000000|  0%| F|  |TAMS 0x000000076ee00000, 0x000000076ee00000| Untracked 
| 882|0x000000076f000000, 0x000000076f000000, 0x000000076f200000|  0%| F|  |TAMS 0x000000076f000000, 0x000000076f000000| Untracked 
| 883|0x000000076f200000, 0x000000076f200000, 0x000000076f400000|  0%| F|  |TAMS 0x000000076f200000, 0x000000076f200000| Untracked 
| 884|0x000000076f400000, 0x000000076f400000, 0x000000076f600000|  0%| F|  |TAMS 0x000000076f400000, 0x000000076f400000| Untracked 
| 885|0x000000076f600000, 0x000000076f600000, 0x000000076f800000|  0%| F|  |TAMS 0x000000076f600000, 0x000000076f600000| Untracked 
| 886|0x000000076f800000, 0x000000076f800000, 0x000000076fa00000|  0%| F|  |TAMS 0x000000076f800000, 0x000000076f800000| Untracked 
| 887|0x000000076fa00000, 0x000000076fa00000, 0x000000076fc00000|  0%| F|  |TAMS 0x000000076fa00000, 0x000000076fa00000| Untracked 
| 888|0x000000076fc00000, 0x000000076fc00000, 0x000000076fe00000|  0%| F|  |TAMS 0x000000076fc00000, 0x000000076fc00000| Untracked 
| 889|0x000000076fe00000, 0x000000076fe00000, 0x0000000770000000|  0%| F|  |TAMS 0x000000076fe00000, 0x000000076fe00000| Untracked 
| 890|0x0000000770000000, 0x0000000770000000, 0x0000000770200000|  0%| F|  |TAMS 0x0000000770000000, 0x0000000770000000| Untracked 
| 891|0x0000000770200000, 0x0000000770200000, 0x0000000770400000|  0%| F|  |TAMS 0x0000000770200000, 0x0000000770200000| Untracked 
| 892|0x0000000770400000, 0x0000000770400000, 0x0000000770600000|  0%| F|  |TAMS 0x0000000770400000, 0x0000000770400000| Untracked 
| 893|0x0000000770600000, 0x0000000770600000, 0x0000000770800000|  0%| F|  |TAMS 0x0000000770600000, 0x0000000770600000| Untracked 
| 894|0x0000000770800000, 0x0000000770800000, 0x0000000770a00000|  0%| F|  |TAMS 0x0000000770800000, 0x0000000770800000| Untracked 
| 895|0x0000000770a00000, 0x0000000770a00000, 0x0000000770c00000|  0%| F|  |TAMS 0x0000000770a00000, 0x0000000770a00000| Untracked 
| 896|0x0000000770c00000, 0x0000000770c00000, 0x0000000770e00000|  0%| F|  |TAMS 0x0000000770c00000, 0x0000000770c00000| Untracked 
| 897|0x0000000770e00000, 0x0000000770e00000, 0x0000000771000000|  0%| F|  |TAMS 0x0000000770e00000, 0x0000000770e00000| Untracked 
| 898|0x0000000771000000, 0x0000000771000000, 0x0000000771200000|  0%| F|  |TAMS 0x0000000771000000, 0x0000000771000000| Untracked 
| 899|0x0000000771200000, 0x0000000771200000, 0x0000000771400000|  0%| F|  |TAMS 0x0000000771200000, 0x0000000771200000| Untracked 
| 900|0x0000000771400000, 0x0000000771400000, 0x0000000771600000|  0%| F|  |TAMS 0x0000000771400000, 0x0000000771400000| Untracked 
| 901|0x0000000771600000, 0x0000000771600000, 0x0000000771800000|  0%| F|  |TAMS 0x0000000771600000, 0x0000000771600000| Untracked 
| 902|0x0000000771800000, 0x0000000771800000, 0x0000000771a00000|  0%| F|  |TAMS 0x0000000771800000, 0x0000000771800000| Untracked 
| 903|0x0000000771a00000, 0x0000000771a00000, 0x0000000771c00000|  0%| F|  |TAMS 0x0000000771a00000, 0x0000000771a00000| Untracked 
| 904|0x0000000771c00000, 0x0000000771c00000, 0x0000000771e00000|  0%| F|  |TAMS 0x0000000771c00000, 0x0000000771c00000| Untracked 
| 905|0x0000000771e00000, 0x0000000771e00000, 0x0000000772000000|  0%| F|  |TAMS 0x0000000771e00000, 0x0000000771e00000| Untracked 
| 906|0x0000000772000000, 0x0000000772000000, 0x0000000772200000|  0%| F|  |TAMS 0x0000000772000000, 0x0000000772000000| Untracked 
| 907|0x0000000772200000, 0x0000000772200000, 0x0000000772400000|  0%| F|  |TAMS 0x0000000772200000, 0x0000000772200000| Untracked 
| 908|0x0000000772400000, 0x0000000772400000, 0x0000000772600000|  0%| F|  |TAMS 0x0000000772400000, 0x0000000772400000| Untracked 
| 909|0x0000000772600000, 0x0000000772600000, 0x0000000772800000|  0%| F|  |TAMS 0x0000000772600000, 0x0000000772600000| Untracked 
| 910|0x0000000772800000, 0x0000000772800000, 0x0000000772a00000|  0%| F|  |TAMS 0x0000000772800000, 0x0000000772800000| Untracked 
| 911|0x0000000772a00000, 0x0000000772a00000, 0x0000000772c00000|  0%| F|  |TAMS 0x0000000772a00000, 0x0000000772a00000| Untracked 
| 912|0x0000000772c00000, 0x0000000772c00000, 0x0000000772e00000|  0%| F|  |TAMS 0x0000000772c00000, 0x0000000772c00000| Untracked 
| 913|0x0000000772e00000, 0x0000000772e00000, 0x0000000773000000|  0%| F|  |TAMS 0x0000000772e00000, 0x0000000772e00000| Untracked 
| 914|0x0000000773000000, 0x0000000773000000, 0x0000000773200000|  0%| F|  |TAMS 0x0000000773000000, 0x0000000773000000| Untracked 
| 915|0x0000000773200000, 0x0000000773200000, 0x0000000773400000|  0%| F|  |TAMS 0x0000000773200000, 0x0000000773200000| Untracked 
| 916|0x0000000773400000, 0x0000000773411d78, 0x0000000773600000|  3%| E|  |TAMS 0x0000000773400000, 0x0000000773400000| Complete 
| 917|0x0000000773600000, 0x0000000773800000, 0x0000000773800000|100%| E|CS|TAMS 0x0000000773600000, 0x0000000773600000| Complete 
| 918|0x0000000773800000, 0x0000000773a00000, 0x0000000773a00000|100%| E|CS|TAMS 0x0000000773800000, 0x0000000773800000| Complete 
| 919|0x0000000773a00000, 0x0000000773c00000, 0x0000000773c00000|100%| E|CS|TAMS 0x0000000773a00000, 0x0000000773a00000| Complete 
| 920|0x0000000773c00000, 0x0000000773e00000, 0x0000000773e00000|100%| E|CS|TAMS 0x0000000773c00000, 0x0000000773c00000| Complete 
| 921|0x0000000773e00000, 0x0000000774000000, 0x0000000774000000|100%| E|CS|TAMS 0x0000000773e00000, 0x0000000773e00000| Complete 
| 922|0x0000000774000000, 0x0000000774200000, 0x0000000774200000|100%| E|CS|TAMS 0x0000000774000000, 0x0000000774000000| Complete 
| 923|0x0000000774200000, 0x0000000774400000, 0x0000000774400000|100%| E|CS|TAMS 0x0000000774200000, 0x0000000774200000| Complete 
| 924|0x0000000774400000, 0x0000000774600000, 0x0000000774600000|100%| E|CS|TAMS 0x0000000774400000, 0x0000000774400000| Complete 
| 925|0x0000000774600000, 0x0000000774800000, 0x0000000774800000|100%| E|CS|TAMS 0x0000000774600000, 0x0000000774600000| Complete 
| 926|0x0000000774800000, 0x0000000774a00000, 0x0000000774a00000|100%| E|CS|TAMS 0x0000000774800000, 0x0000000774800000| Complete 
| 927|0x0000000774a00000, 0x0000000774c00000, 0x0000000774c00000|100%| E|CS|TAMS 0x0000000774a00000, 0x0000000774a00000| Complete 
| 928|0x0000000774c00000, 0x0000000774e00000, 0x0000000774e00000|100%| E|CS|TAMS 0x0000000774c00000, 0x0000000774c00000| Complete 
| 929|0x0000000774e00000, 0x0000000775000000, 0x0000000775000000|100%| E|CS|TAMS 0x0000000774e00000, 0x0000000774e00000| Complete 
|2005|0x00000007fb600000, 0x00000007fb800000, 0x00000007fb800000|100%| O|  |TAMS 0x00000007fb800000, 0x00000007fb600000| Updating 
|2006|0x00000007fb800000, 0x00000007fba00000, 0x00000007fba00000|100%| O|  |TAMS 0x00000007fba00000, 0x00000007fb800000| Updating 
|2007|0x00000007fba00000, 0x00000007fbc00000, 0x00000007fbc00000|100%| O|  |TAMS 0x00000007fbc00000, 0x00000007fba00000| Updating 
|2008|0x00000007fbc00000, 0x00000007fbe00000, 0x00000007fbe00000|100%| O|  |TAMS 0x00000007fbe00000, 0x00000007fbc00000| Updating 
|2009|0x00000007fbe00000, 0x00000007fc000000, 0x00000007fc000000|100%| O|  |TAMS 0x00000007fc000000, 0x00000007fbe00000| Updating 
|2010|0x00000007fc000000, 0x00000007fc200000, 0x00000007fc200000|100%| O|  |TAMS 0x00000007fc200000, 0x00000007fc000000| Updating 
|2011|0x00000007fc200000, 0x00000007fc400000, 0x00000007fc400000|100%| O|  |TAMS 0x00000007fc400000, 0x00000007fc200000| Updating 
|2012|0x00000007fc400000, 0x00000007fc600000, 0x00000007fc600000|100%| O|  |TAMS 0x00000007fc600000, 0x00000007fc400000| Updating 
|2013|0x00000007fc600000, 0x00000007fc800000, 0x00000007fc800000|100%| O|  |TAMS 0x00000007fc800000, 0x00000007fc600000| Updating 
|2014|0x00000007fc800000, 0x00000007fca00000, 0x00000007fca00000|100%| O|  |TAMS 0x00000007fca00000, 0x00000007fc800000| Updating 
|2015|0x00000007fca00000, 0x00000007fcc00000, 0x00000007fcc00000|100%| O|  |TAMS 0x00000007fcc00000, 0x00000007fca00000| Updating 
|2016|0x00000007fcc00000, 0x00000007fcc00000, 0x00000007fce00000|  0%| F|  |TAMS 0x00000007fcc00000, 0x00000007fcc00000| Untracked 
|2017|0x00000007fce00000, 0x00000007fce00000, 0x00000007fd000000|  0%| F|  |TAMS 0x00000007fce00000, 0x00000007fce00000| Untracked 
|2018|0x00000007fd000000, 0x00000007fd200000, 0x00000007fd200000|100%| O|  |TAMS 0x00000007fd200000, 0x00000007fd000000| Updating 
|2019|0x00000007fd200000, 0x00000007fd200000, 0x00000007fd400000|  0%| F|  |TAMS 0x00000007fd200000, 0x00000007fd200000| Untracked 
|2020|0x00000007fd400000, 0x00000007fd400000, 0x00000007fd600000|  0%| F|  |TAMS 0x00000007fd400000, 0x00000007fd400000| Untracked 
|2021|0x00000007fd600000, 0x00000007fd600000, 0x00000007fd800000|  0%| F|  |TAMS 0x00000007fd600000, 0x00000007fd600000| Untracked 
|2022|0x00000007fd800000, 0x00000007fd800000, 0x00000007fda00000|  0%| F|  |TAMS 0x00000007fd800000, 0x00000007fd800000| Untracked 
|2023|0x00000007fda00000, 0x00000007fda00000, 0x00000007fdc00000|  0%| F|  |TAMS 0x00000007fda00000, 0x00000007fda00000| Untracked 
|2024|0x00000007fdc00000, 0x00000007fdc00000, 0x00000007fde00000|  0%| F|  |TAMS 0x00000007fdc00000, 0x00000007fdc00000| Untracked 
|2025|0x00000007fde00000, 0x00000007fde00000, 0x00000007fe000000|  0%| F|  |TAMS 0x00000007fde00000, 0x00000007fde00000| Untracked 
|2026|0x00000007fe000000, 0x00000007fe000000, 0x00000007fe200000|  0%| F|  |TAMS 0x00000007fe000000, 0x00000007fe000000| Untracked 
|2027|0x00000007fe200000, 0x00000007fe200000, 0x00000007fe400000|  0%| F|  |TAMS 0x00000007fe200000, 0x00000007fe200000| Untracked 
|2028|0x00000007fe400000, 0x00000007fe400000, 0x00000007fe600000|  0%| F|  |TAMS 0x00000007fe400000, 0x00000007fe400000| Untracked 
|2029|0x00000007fe600000, 0x00000007fe600000, 0x00000007fe800000|  0%| F|  |TAMS 0x00000007fe600000, 0x00000007fe600000| Untracked 
|2030|0x00000007fe800000, 0x00000007fe800000, 0x00000007fea00000|  0%| F|  |TAMS 0x00000007fe800000, 0x00000007fe800000| Untracked 
|2031|0x00000007fea00000, 0x00000007fec00000, 0x00000007fec00000|100%| O|  |TAMS 0x00000007fec00000, 0x00000007fea00000| Updating 
|2032|0x00000007fec00000, 0x00000007fec00000, 0x00000007fee00000|  0%| F|  |TAMS 0x00000007fec00000, 0x00000007fec00000| Untracked 
|2033|0x00000007fee00000, 0x00000007fee00000, 0x00000007ff000000|  0%| F|  |TAMS 0x00000007fee00000, 0x00000007fee00000| Untracked 
|2034|0x00000007ff000000, 0x00000007ff200000, 0x00000007ff200000|100%| O|  |TAMS 0x00000007ff200000, 0x00000007ff000000| Updating 
|2035|0x00000007ff200000, 0x00000007ff400000, 0x00000007ff400000|100%| O|  |TAMS 0x00000007ff400000, 0x00000007ff200000| Updating 
|2036|0x00000007ff400000, 0x00000007ff400000, 0x00000007ff600000|  0%| F|  |TAMS 0x00000007ff400000, 0x00000007ff400000| Untracked 
|2037|0x00000007ff600000, 0x00000007ff600000, 0x00000007ff800000|  0%| F|  |TAMS 0x00000007ff600000, 0x00000007ff600000| Untracked 
|2038|0x00000007ff800000, 0x00000007ffa00000, 0x00000007ffa00000|100%| O|  |TAMS 0x00000007ffa00000, 0x00000007ff800000| Updating 
|2039|0x00000007ffa00000, 0x00000007ffc00000, 0x00000007ffc00000|100%| O|  |TAMS 0x00000007ffc00000, 0x00000007ffa00000| Updating 
|2040|0x00000007ffc00000, 0x00000007ffc00000, 0x00000007ffe00000|  0%| F|  |TAMS 0x00000007ffc00000, 0x00000007ffc00000| Untracked 
|2041|0x00000007ffe00000, 0x00000007ffe00000, 0x0000000800000000|  0%| F|  |TAMS 0x00000007ffe00000, 0x00000007ffe00000| Untracked 

Card table byte_map: [0x00000211b7b40000,0x00000211b8340000] _byte_map_base: 0x00000211b433a000

Marking Bits (Prev, Next): (CMBitMap*) 0x000002119e59f960, (CMBitMap*) 0x000002119e59f9a0
 Prev Bits: [0x00000211b8b40000, 0x00000211bcb10000)
 Next Bits: [0x00000211bcb10000, 0x00000211c0ae0000)

Polling page: 0x000002119e3c0000

Metaspace:

Usage:
  Non-class:    106.85 MB used.
      Class:     17.90 MB used.
       Both:    124.75 MB used.

Virtual space:
  Non-class space:      128.00 MB reserved,     107.88 MB ( 84%) committed,  2 nodes.
      Class space:        1.00 GB reserved,      18.75 MB (  2%) committed,  1 nodes.
             Both:        1.12 GB reserved,     126.62 MB ( 11%) committed. 

Chunk freelists:
   Non-Class:  3.30 MB
       Class:  13.28 MB
        Both:  16.58 MB

MaxMetaspaceSize: unlimited
CompressedClassSpaceSize: 1.00 GB
Initial GC threshold: 21.00 MB
Current GC threshold: 183.69 MB
CDS: on
MetaspaceReclaimPolicy: balanced
 - commit_granule_bytes: 65536.
 - commit_granule_words: 8192.
 - virtual_space_node_default_size: 8388608.
 - enlarge_chunks_in_place: 1.
 - new_chunks_are_fully_committed: 0.
 - uncommit_free_chunks: 1.
 - use_allocation_guard: 0.
 - handle_deallocations: 1.


Internal statistics:

num_allocs_failed_limit: 30.
num_arena_births: 3000.
num_arena_deaths: 40.
num_vsnodes_births: 3.
num_vsnodes_deaths: 0.
num_space_committed: 2021.
num_space_uncommitted: 0.
num_chunks_returned_to_freelist: 89.
num_chunks_taken_from_freelist: 8541.
num_chunk_merges: 45.
num_chunk_splits: 5423.
num_chunks_enlarged: 3448.
num_inconsistent_stats: 0.

CodeHeap 'non-profiled nmethods': size=120000Kb used=25470Kb max_used=25538Kb free=94530Kb
 bounds [0x00000211af3a0000, 0x00000211b0cd0000, 0x00000211b68d0000]
CodeHeap 'profiled nmethods': size=120000Kb used=35257Kb max_used=37018Kb free=84742Kb
 bounds [0x00000211a78d0000, 0x00000211a9d10000, 0x00000211aee00000]
CodeHeap 'non-nmethods': size=5760Kb used=2518Kb max_used=2604Kb free=3241Kb
 bounds [0x00000211aee00000, 0x00000211af090000, 0x00000211af3a0000]
 total_blobs=23989 nmethods=21816 adapters=2082
 compilation: enabled
              stopped_count=0, restarted_count=0
 full_count=0

Compilation events (20 events):
Event: 86.896 Thread 0x000002121908e1d0 nmethod 33422 0x00000211b02bc310 code [0x00000211b02bc4c0, 0x00000211b02bc6e8]
Event: 86.896 Thread 0x000002121908e1d0 33426       4       net.minecraft.world.level.block.state.StateDefinition$$Lambda$1466/0x00000211c5606cb8::get (12 bytes)
Event: 86.897 Thread 0x000002121908e1d0 nmethod 33426 0x00000211b02caa90 code [0x00000211b02cac20, 0x00000211b02cad78]
Event: 86.897 Thread 0x000002121908e1d0 33427       4       net.minecraft.world.level.block.state.StateHolder$$Lambda$7146/0x00000211c5f213f8::apply (12 bytes)
Event: 86.898 Thread 0x000002121908e1d0 nmethod 33427 0x00000211b04e6b10 code [0x00000211b04e6ca0, 0x00000211b04e6e18]
Event: 86.898 Thread 0x000002121908e1d0 33417       4       net.minecraft.world.level.chunk.storage.SectionStorage::getOrLoad (61 bytes)
Event: 86.956 Thread 0x00000212190901b0 nmethod 33424% 0x00000211b0cc6b10 code [0x00000211b0cc7060, 0x00000211b0ccb0d0]
Event: 86.956 Thread 0x00000212190901b0 33435       4       net.minecraft.world.level.chunk.HashMapPalette::<init> (14 bytes)
Event: 86.963 Thread 0x00000212190901b0 nmethod 33435 0x00000211b0789690 code [0x00000211b0789860, 0x00000211b078a278]
Event: 86.963 Thread 0x00000212190901b0 33436 %     4       net.minecraft.world.level.chunk.storage.ChunkSerializer::read @ 170 (1424 bytes)
Event: 86.973 Thread 0x000002121908e1d0 nmethod 33417 0x00000211afe17d10 code [0x00000211afe18040, 0x00000211afe1aa60]
Event: 86.974 Thread 0x000002121908e1d0 33433       4       java.util.stream.LongPipeline::makeNodeBuilder (5 bytes)
Event: 86.977 Thread 0x000002121908e1d0 nmethod 33433 0x00000211b028a710 code [0x00000211b028a8c0, 0x00000211b028ad38]
Event: 86.977 Thread 0x000002121908e1d0 33425       4       net.minecraft.world.level.chunk.storage.SectionStorage::get (14 bytes)
Event: 86.980 Thread 0x000002121908e1d0 nmethod 33425 0x00000211b028a010 code [0x00000211b028a1c0, 0x00000211b028a478]
Event: 86.980 Thread 0x000002121908e1d0 33418       4       net.minecraft.world.level.chunk.storage.SectionStorage::outsideStoredRange (19 bytes)
Event: 86.981 Thread 0x000002121908e1d0 nmethod 33418 0x00000211b00d7810 code [0x00000211b00d79a0, 0x00000211b00d7b18]
Event: 86.981 Thread 0x000002121908e1d0 33434       4       java.util.Comparator$$Lambda$142/0x00000211c5083260::compare (10 bytes)
Event: 86.982 Thread 0x000002121908e1d0 nmethod 33434 0x00000211b04e6790 code [0x00000211b04e6920, 0x00000211b04e6a18]
Event: 86.993 Thread 0x000002121908e1d0 33437       4       net.minecraft.server.level.ThreadedLevelLightEngine::runUpdate (162 bytes)

GC Heap History (20 events):
Event: 41.412 GC heap before
{Heap before GC invocations=54 (full 0):
 garbage-first heap   total 1980416K, used 1706816K [0x0000000700c00000, 0x0000000800000000)
  region size 2048K, 366 young (749568K), 12 survivors (24576K)
 Metaspace       used 125890K, committed 127744K, reserved 1179648K
  class space    used 18154K, committed 19008K, reserved 1048576K
}
Event: 41.419 GC heap after
{Heap after GC invocations=55 (full 0):
 garbage-first heap   total 1980416K, used 986532K [0x0000000700c00000, 0x0000000800000000)
  region size 2048K, 14 young (28672K), 14 survivors (28672K)
 Metaspace       used 125890K, committed 127744K, reserved 1179648K
  class space    used 18154K, committed 19008K, reserved 1048576K
}
Event: 41.786 GC heap before
{Heap before GC invocations=55 (full 0):
 garbage-first heap   total 1980416K, used 1713572K [0x0000000700c00000, 0x0000000800000000)
  region size 2048K, 369 young (755712K), 14 survivors (28672K)
 Metaspace       used 125982K, committed 127872K, reserved 1179648K
  class space    used 18161K, committed 19008K, reserved 1048576K
}
Event: 41.791 GC heap after
{Heap after GC invocations=56 (full 0):
 garbage-first heap   total 1980416K, used 981463K [0x0000000700c00000, 0x0000000800000000)
  region size 2048K, 12 young (24576K), 12 survivors (24576K)
 Metaspace       used 125982K, committed 127872K, reserved 1179648K
  class space    used 18161K, committed 19008K, reserved 1048576K
}
Event: 50.044 GC heap before
{Heap before GC invocations=56 (full 0):
 garbage-first heap   total 1980416K, used 1720791K [0x0000000700c00000, 0x0000000800000000)
  region size 2048K, 374 young (765952K), 12 survivors (24576K)
 Metaspace       used 126692K, committed 128576K, reserved 1179648K
  class space    used 18222K, committed 19072K, reserved 1048576K
}
Event: 50.051 GC heap after
{Heap after GC invocations=57 (full 0):
 garbage-first heap   total 1980416K, used 982458K [0x0000000700c00000, 0x0000000800000000)
  region size 2048K, 12 young (24576K), 12 survivors (24576K)
 Metaspace       used 126692K, committed 128576K, reserved 1179648K
  class space    used 18222K, committed 19072K, reserved 1048576K
}
Event: 63.804 GC heap before
{Heap before GC invocations=57 (full 0):
 garbage-first heap   total 1980416K, used 1729978K [0x0000000700c00000, 0x0000000800000000)
  region size 2048K, 378 young (774144K), 12 survivors (24576K)
 Metaspace       used 127074K, committed 129024K, reserved 1179648K
  class space    used 18252K, committed 19136K, reserved 1048576K
}
Event: 63.811 GC heap after
{Heap after GC invocations=58 (full 0):
 garbage-first heap   total 1980416K, used 982899K [0x0000000700c00000, 0x0000000800000000)
  region size 2048K, 12 young (24576K), 12 survivors (24576K)
 Metaspace       used 127074K, committed 129024K, reserved 1179648K
  class space    used 18252K, committed 19136K, reserved 1048576K
}
Event: 72.885 GC heap before
{Heap before GC invocations=58 (full 0):
 garbage-first heap   total 1980416K, used 1736563K [0x0000000700c00000, 0x0000000800000000)
  region size 2048K, 381 young (780288K), 12 survivors (24576K)
 Metaspace       used 127408K, committed 129344K, reserved 1179648K
  class space    used 18307K, committed 19200K, reserved 1048576K
}
Event: 72.899 GC heap after
{Heap after GC invocations=59 (full 0):
 garbage-first heap   total 1980416K, used 994815K [0x0000000700c00000, 0x0000000800000000)
  region size 2048K, 18 young (36864K), 18 survivors (36864K)
 Metaspace       used 127408K, committed 129344K, reserved 1179648K
  class space    used 18307K, committed 19200K, reserved 1048576K
}
Event: 84.269 GC heap before
{Heap before GC invocations=59 (full 0):
 garbage-first heap   total 1980416K, used 1736191K [0x0000000700c00000, 0x0000000800000000)
  region size 2048K, 381 young (780288K), 18 survivors (36864K)
 Metaspace       used 127661K, committed 129600K, reserved 1179648K
  class space    used 18328K, committed 19200K, reserved 1048576K
}
Event: 84.288 GC heap after
{Heap after GC invocations=60 (full 0):
 garbage-first heap   total 1980416K, used 998000K [0x0000000700c00000, 0x0000000800000000)
  region size 2048K, 20 young (40960K), 20 survivors (40960K)
 Metaspace       used 127661K, committed 129600K, reserved 1179648K
  class space    used 18328K, committed 19200K, reserved 1048576K
}
Event: 86.021 GC heap before
{Heap before GC invocations=60 (full 0):
 garbage-first heap   total 1980416K, used 1731184K [0x0000000700c00000, 0x0000000800000000)
  region size 2048K, 378 young (774144K), 20 survivors (40960K)
 Metaspace       used 127740K, committed 129664K, reserved 1179648K
  class space    used 18328K, committed 19200K, reserved 1048576K
}
Event: 86.123 GC heap after
{Heap after GC invocations=61 (full 0):
 garbage-first heap   total 1980416K, used 1166643K [0x0000000700c00000, 0x0000000800000000)
  region size 2048K, 48 young (98304K), 48 survivors (98304K)
 Metaspace       used 127740K, committed 129664K, reserved 1179648K
  class space    used 18328K, committed 19200K, reserved 1048576K
}
Event: 86.389 GC heap before
{Heap before GC invocations=61 (full 0):
 garbage-first heap   total 1980416K, used 1561907K [0x0000000700c00000, 0x0000000800000000)
  region size 2048K, 242 young (495616K), 48 survivors (98304K)
 Metaspace       used 127741K, committed 129664K, reserved 1179648K
  class space    used 18328K, committed 19200K, reserved 1048576K
}
Event: 86.537 GC heap after
{Heap after GC invocations=62 (full 0):
 garbage-first heap   total 1980416K, used 1430527K [0x0000000700c00000, 0x0000000800000000)
  region size 2048K, 31 young (63488K), 31 survivors (63488K)
 Metaspace       used 127741K, committed 129664K, reserved 1179648K
  class space    used 18328K, committed 19200K, reserved 1048576K
}
Event: 86.725 GC heap before
{Heap before GC invocations=62 (full 0):
 garbage-first heap   total 1980416K, used 1594367K [0x0000000700c00000, 0x0000000800000000)
  region size 2048K, 112 young (229376K), 31 survivors (63488K)
 Metaspace       used 127746K, committed 129664K, reserved 1179648K
  class space    used 18328K, committed 19200K, reserved 1048576K
}
Event: 86.805 GC heap after
{Heap after GC invocations=63 (full 0):
 garbage-first heap   total 1980416K, used 1518591K [0x0000000700c00000, 0x0000000800000000)
  region size 2048K, 14 young (28672K), 14 survivors (28672K)
 Metaspace       used 127746K, committed 129664K, reserved 1179648K
  class space    used 18328K, committed 19200K, reserved 1048576K
}
Event: 87.035 GC heap before
{Heap before GC invocations=63 (full 0):
 garbage-first heap   total 1980416K, used 1639423K [0x0000000700c00000, 0x0000000800000000)
  region size 2048K, 73 young (149504K), 14 survivors (28672K)
 Metaspace       used 127746K, committed 129664K, reserved 1179648K
  class space    used 18328K, committed 19200K, reserved 1048576K
}
Event: 87.067 GC heap after
{Heap after GC invocations=64 (full 0):
 garbage-first heap   total 1980416K, used 1537023K [0x0000000700c00000, 0x0000000800000000)
  region size 2048K, 7 young (14336K), 7 survivors (14336K)
 Metaspace       used 127746K, committed 129664K, reserved 1179648K
  class space    used 18328K, committed 19200K, reserved 1048576K
}

Dll operation events (16 events):
Event: 0.005 Loaded shared library C:\Users\poe09\.jdks\temurin-17.0.20.1\bin\java.dll
Event: 0.017 Loaded shared library C:\Users\poe09\.jdks\temurin-17.0.20.1\bin\jsvml.dll
Event: 0.122 Loaded shared library C:\Users\poe09\.jdks\temurin-17.0.20.1\bin\net.dll
Event: 0.123 Loaded shared library C:\Users\poe09\.jdks\temurin-17.0.20.1\bin\nio.dll
Event: 0.125 Loaded shared library C:\Users\poe09\.jdks\temurin-17.0.20.1\bin\zip.dll
Event: 0.177 Loaded shared library C:\Users\poe09\.jdks\temurin-17.0.20.1\bin\jimage.dll
Event: 0.465 Loaded shared library C:\Users\poe09\.jdks\temurin-17.0.20.1\bin\verify.dll
Event: 2.032 Loaded shared library C:\Users\poe09\.jdks\temurin-17.0.20.1\bin\management.dll
Event: 2.034 Loaded shared library C:\Users\poe09\.jdks\temurin-17.0.20.1\bin\management_ext.dll
Event: 2.645 Loaded shared library C:\Users\poe09\AppData\Local\Temp\lwjglwhite0hat1\3.3.1-build-7\lwjgl.dll
Event: 2.965 Loaded shared library C:\Users\poe09\AppData\Local\Temp\lwjglwhite0hat1\3.3.1-build-7\lwjgl_stb.dll
Event: 3.031 Loaded shared library C:\Users\poe09\AppData\Local\Temp\lwjglwhite0hat1\3.3.1-build-7\lwjgl_opengl.dll
Event: 5.792 Loaded shared library C:\Users\poe09\AppData\Local\Temp\jna-214797981\jna9579928174526527975.dll
Event: 10.881 Loaded shared library C:\Users\poe09\.jdks\temurin-17.0.20.1\bin\sunmscapi.dll
Event: 11.003 Loaded shared library C:\Users\poe09\.jdks\temurin-17.0.20.1\bin\extnet.dll
Event: 27.057 Loaded shared library C:\Users\poe09\.jdks\temurin-17.0.20.1\bin\awt.dll

Deoptimization events (20 events):
Event: 87.093 Thread 0x000002121878d1e0 DEOPT PACKING pc=0x00000211b0cc9f34 sp=0x0000006fb01fefc0
Event: 87.093 Thread 0x000002121878d1e0 DEOPT UNPACKING pc=0x00000211aee569a3 sp=0x0000006fb01fef08 mode 2
Event: 87.095 Thread 0x000002120ed46910 DEOPT PACKING pc=0x00000211a94c42b6 sp=0x0000006fb3efec00
Event: 87.095 Thread 0x000002120ed46910 DEOPT UNPACKING pc=0x00000211aee57143 sp=0x0000006fb3efe140 mode 0
Event: 87.100 Thread 0x000002120ed4a0c0 DEOPT PACKING pc=0x00000211a94c42b6 sp=0x0000006fb41fec70
Event: 87.100 Thread 0x000002120ed4a0c0 DEOPT UNPACKING pc=0x00000211aee57143 sp=0x0000006fb41fe1b0 mode 0
Event: 87.102 Thread 0x000002120ed4a0c0 DEOPT PACKING pc=0x00000211a94c42b6 sp=0x0000006fb41fec70
Event: 87.102 Thread 0x000002120ed4a0c0 DEOPT UNPACKING pc=0x00000211aee57143 sp=0x0000006fb41fe1b0 mode 0
Event: 87.105 Thread 0x000002120ed46e20 DEOPT PACKING pc=0x00000211a94c42b6 sp=0x0000006fb3ffedd0
Event: 87.105 Thread 0x000002120ed46e20 DEOPT UNPACKING pc=0x00000211aee57143 sp=0x0000006fb3ffe310 mode 0
Event: 87.107 Thread 0x000002120ed4ce50 DEOPT PACKING pc=0x00000211a94c42b6 sp=0x0000006fb3dfed30
Event: 87.107 Thread 0x000002120ed4ce50 DEOPT UNPACKING pc=0x00000211aee57143 sp=0x0000006fb3dfe270 mode 0
Event: 87.111 Thread 0x000002120ed4ce50 DEOPT PACKING pc=0x00000211a94c42b6 sp=0x0000006fb3dfed30
Event: 87.111 Thread 0x000002120ed4ce50 DEOPT UNPACKING pc=0x00000211aee57143 sp=0x0000006fb3dfe270 mode 0
Event: 87.115 Thread 0x000002120ed48770 DEOPT PACKING pc=0x00000211a94c42b6 sp=0x0000006fb43ff090
Event: 87.115 Thread 0x000002120ed48770 DEOPT UNPACKING pc=0x00000211aee57143 sp=0x0000006fb43fe5d0 mode 0
Event: 87.118 Thread 0x000002120ed48770 DEOPT PACKING pc=0x00000211a94c42b6 sp=0x0000006fb43ff090
Event: 87.118 Thread 0x000002120ed48770 DEOPT UNPACKING pc=0x00000211aee57143 sp=0x0000006fb43fe5d0 mode 0
Event: 87.120 Thread 0x000002120ed459e0 DEOPT PACKING pc=0x00000211a94c42b6 sp=0x0000006fb42ff1f0
Event: 87.120 Thread 0x000002120ed459e0 DEOPT UNPACKING pc=0x00000211aee57143 sp=0x0000006fb42fe730 mode 0

Classes loaded (20 events):
Event: 27.373 Loading class java/util/concurrent/atomic/AtomicLongFieldUpdater$CASUpdater$1
Event: 27.373 Loading class java/util/concurrent/atomic/AtomicLongFieldUpdater$CASUpdater$1 done
Event: 27.425 Loading class java/nio/channels/AlreadyConnectedException
Event: 27.426 Loading class java/nio/channels/AlreadyConnectedException done
Event: 27.426 Loading class java/nio/channels/ConnectionPendingException
Event: 27.426 Loading class java/nio/channels/ConnectionPendingException done
Event: 27.435 Loading class java/nio/channels/UnsupportedAddressTypeException
Event: 27.435 Loading class java/nio/channels/UnsupportedAddressTypeException done
Event: 27.806 Loading class java/util/IdentityHashMap$EntrySpliterator
Event: 27.806 Loading class java/util/IdentityHashMap$EntrySpliterator done
Event: 27.836 Loading class java/util/concurrent/PriorityBlockingQueue
Event: 27.836 Loading class java/util/concurrent/PriorityBlockingQueue done
Event: 28.404 Loading class java/text/DigitList$1
Event: 28.404 Loading class java/text/DigitList$1 done
Event: 28.431 Loading class java/util/Spliterators$LongIteratorSpliterator
Event: 28.431 Loading class java/util/Spliterators$LongIteratorSpliterator done
Event: 28.727 Loading class java/util/concurrent/ForkJoinTask$AdaptedRunnableAction
Event: 28.728 Loading class java/util/concurrent/ForkJoinTask$AdaptedRunnableAction done
Event: 29.109 Loading class java/util/IdentityHashMap$KeySpliterator
Event: 29.109 Loading class java/util/IdentityHashMap$KeySpliterator done

Classes unloaded (20 events):
Event: 13.775 Thread 0x00000211c315eb50 Unloading class 0x00000211c5e14800 'java/lang/invoke/LambdaForm$DMH+0x00000211c5e14800'
Event: 13.775 Thread 0x00000211c315eb50 Unloading class 0x00000211c5e14000 'java/lang/invoke/LambdaForm$DMH+0x00000211c5e14000'
Event: 25.717 Thread 0x00000211c315eb50 Unloading class 0x00000211c60a2c00 'java/lang/invoke/LambdaForm$DMH+0x00000211c60a2c00'
Event: 25.717 Thread 0x00000211c315eb50 Unloading class 0x00000211c60a2800 'java/lang/invoke/LambdaForm$DMH+0x00000211c60a2800'
Event: 25.717 Thread 0x00000211c315eb50 Unloading class 0x00000211c60a2400 'java/lang/invoke/LambdaForm$DMH+0x00000211c60a2400'
Event: 25.717 Thread 0x00000211c315eb50 Unloading class 0x00000211c60a2000 'java/lang/invoke/LambdaForm$DMH+0x00000211c60a2000'
Event: 25.717 Thread 0x00000211c315eb50 Unloading class 0x00000211c60a1c00 'java/lang/invoke/LambdaForm$DMH+0x00000211c60a1c00'
Event: 25.717 Thread 0x00000211c315eb50 Unloading class 0x00000211c60a1400 'java/lang/invoke/LambdaForm$DMH+0x00000211c60a1400'
Event: 25.717 Thread 0x00000211c315eb50 Unloading class 0x00000211c60a1000 'java/lang/invoke/LambdaForm$MH+0x00000211c60a1000'
Event: 25.717 Thread 0x00000211c315eb50 Unloading class 0x00000211c60a0c00 'java/lang/invoke/LambdaForm$MH+0x00000211c60a0c00'
Event: 25.717 Thread 0x00000211c315eb50 Unloading class 0x00000211c60a0800 'java/lang/invoke/LambdaForm$MH+0x00000211c60a0800'
Event: 25.717 Thread 0x00000211c315eb50 Unloading class 0x00000211c60a0000 'java/lang/invoke/LambdaForm$DMH+0x00000211c60a0000'
Event: 25.717 Thread 0x00000211c315eb50 Unloading class 0x00000211c609dc00 'java/lang/invoke/LambdaForm$DMH+0x00000211c609dc00'
Event: 25.717 Thread 0x00000211c315eb50 Unloading class 0x00000211c609d800 'java/lang/invoke/LambdaForm$DMH+0x00000211c609d800'
Event: 25.717 Thread 0x00000211c315eb50 Unloading class 0x00000211c609d000 'java/lang/invoke/LambdaForm$DMH+0x00000211c609d000'
Event: 25.717 Thread 0x00000211c315eb50 Unloading class 0x00000211c609cc00 'java/lang/invoke/LambdaForm$DMH+0x00000211c609cc00'
Event: 25.717 Thread 0x00000211c315eb50 Unloading class 0x00000211c609c800 'java/lang/invoke/LambdaForm$DMH+0x00000211c609c800'
Event: 25.717 Thread 0x00000211c315eb50 Unloading class 0x00000211c5ee0800 'java/lang/invoke/LambdaForm$DMH+0x00000211c5ee0800'
Event: 25.717 Thread 0x00000211c315eb50 Unloading class 0x00000211c5ee0400 'java/lang/invoke/LambdaForm$DMH+0x00000211c5ee0400'
Event: 25.717 Thread 0x00000211c315eb50 Unloading class 0x00000211c5ee0000 'java/lang/invoke/LambdaForm$DMH+0x00000211c5ee0000'

Classes redefined (0 events):
No events

Internal exceptions (20 events):
Event: 84.792 Thread 0x000002119e4ce970 Exception <a 'sun/nio/fs/WindowsException'{0x000000075cad2208}> (0x000000075cad2208) 
thrown [s\src\hotspot\share\prims\jni.cpp, line 516]
Event: 84.792 Thread 0x000002119e4ce970 Exception <a 'sun/nio/fs/WindowsException'{0x000000075cad2650}> (0x000000075cad2650) 
thrown [s\src\hotspot\share\prims\jni.cpp, line 516]
Event: 84.792 Thread 0x000002119e4ce970 Exception <a 'sun/nio/fs/WindowsException'{0x000000075cad2760}> (0x000000075cad2760) 
thrown [s\src\hotspot\share\prims\jni.cpp, line 516]
Event: 84.793 Thread 0x000002119e4ce970 Exception <a 'sun/nio/fs/WindowsException'{0x000000075cad3108}> (0x000000075cad3108) 
thrown [s\src\hotspot\share\prims\jni.cpp, line 516]
Event: 84.841 Thread 0x000002120ed46e20 Implicit null exception at 0x00000211aff456d8 to 0x00000211aff46f40
Event: 84.841 Thread 0x000002120ed459e0 Implicit null exception at 0x00000211aff456d8 to 0x00000211aff46f40
Event: 84.841 Thread 0x000002120ed46910 Implicit null exception at 0x00000211aff456d8 to 0x00000211aff46f40
Event: 84.841 Thread 0x000002120ed4ce50 Implicit null exception at 0x00000211aff456d8 to 0x00000211aff46f40
Event: 84.841 Thread 0x000002120ed4a5d0 Implicit null exception at 0x00000211afbd1620 to 0x00000211afbd1f60
Event: 84.841 Thread 0x000002120ed4a0c0 Implicit null exception at 0x00000211afbd1620 to 0x00000211afbd1f60
Event: 84.841 Thread 0x000002120ed48770 Implicit null exception at 0x00000211afbd1620 to 0x00000211afbd1f60
Event: 85.798 Thread 0x0000021218788b00 Exception <a 'sun/nio/fs/WindowsException'{0x0000000757a019a0}> (0x0000000757a019a0) 
thrown [s\src\hotspot\share\prims\jni.cpp, line 516]
Event: 85.800 Thread 0x000002121878eb30 Exception <a 'sun/nio/fs/WindowsException'{0x0000000757ba4880}> (0x0000000757ba4880) 
thrown [s\src\hotspot\share\prims\jni.cpp, line 516]
Event: 85.802 Thread 0x000002121878eb30 Exception <a 'sun/nio/fs/WindowsException'{0x0000000757994250}> (0x0000000757994250) 
thrown [s\src\hotspot\share\prims\jni.cpp, line 516]
Event: 85.846 Thread 0x0000021218788b00 Exception <a 'sun/nio/fs/WindowsException'{0x0000000754d32460}> (0x0000000754d32460) 
thrown [s\src\hotspot\share\prims\jni.cpp, line 516]
Event: 86.618 Thread 0x000002121878eb30 Exception <a 'sun/nio/fs/WindowsException'{0x000000076e23c8d0}> (0x000000076e23c8d0) 
thrown [s\src\hotspot\share\prims\jni.cpp, line 516]
Event: 86.622 Thread 0x0000021218788b00 Exception <a 'sun/nio/fs/WindowsException'{0x000000076e156580}> (0x000000076e156580) 
thrown [s\src\hotspot\share\prims\jni.cpp, line 516]
Event: 86.626 Thread 0x0000021218788b00 Exception <a 'sun/nio/fs/WindowsException'{0x000000076dcdc868}> (0x000000076dcdc868) 
thrown [s\src\hotspot\share\prims\jni.cpp, line 516]
Event: 86.838 Thread 0x000002121878ccd0 Exception <a 'sun/nio/fs/WindowsException'{0x0000000774f6d170}> (0x0000000774f6d170) 
thrown [s\src\hotspot\share\prims\jni.cpp, line 516]
Event: 86.850 Thread 0x000002121878d1e0 Exception <a 'sun/nio/fs/WindowsException'{0x0000000773b1d6a8}> (0x0000000773b1d6a8) 
thrown [s\src\hotspot\share\prims\jni.cpp, line 516]

VM Operations (20 events):
Event: 84.381 Executing VM operation: HandshakeAllThreads done
Event: 84.827 Executing VM operation: HandshakeAllThreads
Event: 84.827 Executing VM operation: HandshakeAllThreads done
Event: 84.834 Executing VM operation: ICBufferFull
Event: 84.835 Executing VM operation: ICBufferFull done
Event: 84.868 Executing VM operation: HandshakeAllThreads
Event: 84.870 Executing VM operation: HandshakeAllThreads done
Event: 85.870 Executing VM operation: Cleanup
Event: 85.870 Executing VM operation: Cleanup done
Event: 86.020 Executing VM operation: G1CollectForAllocation
Event: 86.123 Executing VM operation: G1CollectForAllocation done
Event: 86.389 Executing VM operation: G1CollectForAllocation
Event: 86.389 Executing VM operation: G1CollectForAllocation done
Event: 86.389 Executing VM operation: G1CollectForAllocation
Event: 86.538 Executing VM operation: G1CollectForAllocation done
Event: 86.725 Executing VM operation: G1CollectForAllocation
Event: 86.805 Executing VM operation: G1CollectForAllocation done
Event: 87.035 Executing VM operation: G1CollectForAllocation
Event: 87.067 Executing VM operation: G1CollectForAllocation done
Event: 87.121 Executing VM operation: G1PauseRemark

Memory protections (0 events):
No events

Nmethod flushes (20 events):
Event: 84.898 Thread 0x00000211c3185250 flushing  nmethod 0x00000211a9673990
Event: 84.898 Thread 0x00000211c3185250 flushing  nmethod 0x00000211a96ca110
Event: 84.898 Thread 0x00000211c3185250 flushing  nmethod 0x00000211a96dbd10
Event: 84.898 Thread 0x00000211c3185250 flushing  nmethod 0x00000211a9713d10
Event: 84.898 Thread 0x00000211c3185250 flushing  nmethod 0x00000211a972ac10
Event: 84.899 Thread 0x00000211c3185250 flushing  nmethod 0x00000211a9739890
Event: 84.899 Thread 0x00000211c3185250 flushing  nmethod 0x00000211a973ba90
Event: 84.899 Thread 0x00000211c3185250 flushing  nmethod 0x00000211a9741910
Event: 84.899 Thread 0x00000211c3185250 flushing  nmethod 0x00000211a97a8890
Event: 84.899 Thread 0x00000211c3185250 flushing  nmethod 0x00000211a9815d90
Event: 84.899 Thread 0x00000211c3185250 flushing  nmethod 0x00000211a9856a10
Event: 84.899 Thread 0x00000211c3185250 flushing  nmethod 0x00000211a986bb90
Event: 84.899 Thread 0x00000211c3185250 flushing  nmethod 0x00000211a988e410
Event: 84.900 Thread 0x00000211c3185250 flushing  nmethod 0x00000211a9946110
Event: 84.900 Thread 0x00000211c3185250 flushing  nmethod 0x00000211a9950410
Event: 84.900 Thread 0x00000211c3185250 flushing  nmethod 0x00000211a9957f10
Event: 84.900 Thread 0x00000211c3185250 flushing  nmethod 0x00000211a9958690
Event: 84.900 Thread 0x00000211c3185250 flushing  nmethod 0x00000211a9958f10
Event: 84.901 Thread 0x00000211c3185250 flushing  nmethod 0x00000211a9c29d90
Event: 84.901 Thread 0x00000211c3185250 flushing  nmethod 0x00000211a9c2af90

Events (20 events):
Event: 73.555 Thread 0x000002120f74e5b0 Thread exited: 0x000002120f74e5b0
Event: 73.555 Thread 0x000002120f74db10 Thread exited: 0x000002120f74db10
Event: 73.645 Thread 0x000002121878a450 Thread exited: 0x000002121878a450
Event: 75.468 Thread 0x000002120a00bcd0 Thread exited: 0x000002120a00bcd0
Event: 83.635 Thread 0x00000211c3184540 Thread added: 0x000002121908e1d0
Event: 83.641 Thread 0x00000211c3184540 Thread added: 0x00000212190911a0
Event: 83.884 Thread 0x00000212190911a0 Thread exited: 0x00000212190911a0
Event: 83.985 Thread 0x00000211c3183b80 Thread added: 0x0000021219092c30
Event: 84.728 Thread 0x0000021219092c30 Thread exited: 0x0000021219092c30
Event: 84.728 Thread 0x000002121908e1d0 Thread exited: 0x000002121908e1d0
Event: 84.777 Thread 0x000002120ed89d00 Thread exited: 0x000002120ed89d00
Event: 84.777 Thread 0x000002119e4ce970 Thread added: 0x000002121878b380
Event: 84.794 Thread 0x000002119e4ce970 Thread added: 0x000002121878d1e0
Event: 84.797 Thread 0x00000211c3183b80 Thread added: 0x00000212190911a0
Event: 84.803 Thread 0x00000211c3184540 Thread added: 0x000002121908fc60
Event: 84.814 Thread 0x000002121878d1e0 Thread added: 0x000002121878f040
Event: 85.024 Thread 0x000002121908fc60 Thread exited: 0x000002121908fc60
Event: 85.044 Thread 0x00000212190911a0 Thread exited: 0x00000212190911a0
Event: 85.799 Thread 0x00000211c3184540 Thread added: 0x000002121908e1d0
Event: 85.805 Thread 0x00000211c3183b80 Thread added: 0x00000212190901b0


Dynamic libraries:
0x00007ff7041a0000 - 0x00007ff7041ae000 	C:\Users\poe09\.jdks\temurin-17.0.20.1\bin\java.exe
0x00007fffef910000 - 0x00007fffefb08000 	C:\Windows\SYSTEM32\ntdll.dll
0x00007fffef050000 - 0x00007fffef111000 	C:\Windows\System32\KERNEL32.DLL
0x00007fffed420000 - 0x00007fffed71d000 	C:\Windows\System32\KERNELBASE.dll
0x00007fffed320000 - 0x00007fffed420000 	C:\Windows\System32\ucrtbase.dll
0x00007fffb35d0000 - 0x00007fffb35ee000 	C:\Users\poe09\.jdks\temurin-17.0.20.1\bin\VCRUNTIME140.dll
0x00007fffb3660000 - 0x00007fffb3678000 	C:\Users\poe09\.jdks\temurin-17.0.20.1\bin\jli.dll
0x00007fffef120000 - 0x00007fffef2bd000 	C:\Windows\System32\USER32.dll
0x00007fffed840000 - 0x00007fffed862000 	C:\Windows\System32\win32u.dll
0x00007fffcf080000 - 0x00007fffcf31a000 	C:\Windows\WinSxS\amd64_microsoft.windows.common-controls_6595b64144ccf1df_6.0.19041.4355_none_60b8b9eb71f62e16\COMCTL32.dll
0x00007fffef020000 - 0x00007fffef04b000 	C:\Windows\System32\GDI32.dll
0x00007fffef490000 - 0x00007fffef52e000 	C:\Windows\System32\msvcrt.dll
0x00007fffecf90000 - 0x00007fffed0a7000 	C:\Windows\System32\gdi32full.dll
0x00007fffed870000 - 0x00007fffed90d000 	C:\Windows\System32\msvcp_win.dll
0x00007fffee110000 - 0x00007fffee13f000 	C:\Windows\System32\IMM32.DLL
0x00007fffe9580000 - 0x00007fffe958c000 	C:\Users\poe09\.jdks\temurin-17.0.20.1\bin\vcruntime140_1.dll
0x00007fff9e130000 - 0x00007fff9e1bd000 	C:\Users\poe09\.jdks\temurin-17.0.20.1\bin\msvcp140.dll
0x00007fff01930000 - 0x00007fff0259c000 	C:\Users\poe09\.jdks\temurin-17.0.20.1\bin\server\jvm.dll
0x00007fffeef70000 - 0x00007fffef020000 	C:\Windows\System32\ADVAPI32.dll
0x00007fffef2c0000 - 0x00007fffef360000 	C:\Windows\System32\sechost.dll
0x00007fffee140000 - 0x00007fffee263000 	C:\Windows\System32\RPCRT4.dll
0x00007fffed0b0000 - 0x00007fffed0d7000 	C:\Windows\System32\bcrypt.dll
0x00007fffeef00000 - 0x00007fffeef6b000 	C:\Windows\System32\WS2_32.dll
0x00007fffec520000 - 0x00007fffec56b000 	C:\Windows\SYSTEM32\POWRPROF.dll
0x00007fffe31d0000 - 0x00007fffe31f7000 	C:\Windows\SYSTEM32\WINMM.dll
0x00007fffe6870000 - 0x00007fffe687a000 	C:\Windows\SYSTEM32\VERSION.dll
0x00007fffec390000 - 0x00007fffec3a2000 	C:\Windows\SYSTEM32\UMPDC.dll
0x00007fffead50000 - 0x00007fffead62000 	C:\Windows\SYSTEM32\kernel.appcore.dll
0x00007fffe9540000 - 0x00007fffe954a000 	C:\Users\poe09\.jdks\temurin-17.0.20.1\bin\jimage.dll
0x00007fffe2890000 - 0x00007fffe2a74000 	C:\Windows\SYSTEM32\DBGHELP.DLL
0x00007fffe1780000 - 0x00007fffe17b4000 	C:\Windows\SYSTEM32\dbgcore.DLL
0x00007fffed0e0000 - 0x00007fffed162000 	C:\Windows\System32\bcryptPrimitives.dll
0x00007fffaf4a0000 - 0x00007fffaf4c5000 	C:\Users\poe09\.jdks\temurin-17.0.20.1\bin\java.dll
0x00007fff9d380000 - 0x00007fff9d457000 	C:\Users\poe09\.jdks\temurin-17.0.20.1\bin\jsvml.dll
0x00007fffee270000 - 0x00007fffee9df000 	C:\Windows\System32\SHELL32.dll
0x00007fffeb030000 - 0x00007fffeb7d3000 	C:\Windows\SYSTEM32\windows.storage.dll
0x00007fffee9e0000 - 0x00007fffeed33000 	C:\Windows\System32\combase.dll
0x00007fffec9c0000 - 0x00007fffec9ee000 	C:\Windows\SYSTEM32\Wldp.dll
0x00007fffedbd0000 - 0x00007fffedc9d000 	C:\Windows\System32\OLEAUT32.dll
0x00007fffef640000 - 0x00007fffef6ed000 	C:\Windows\System32\SHCORE.dll
0x00007fffef560000 - 0x00007fffef5b5000 	C:\Windows\System32\shlwapi.dll
0x00007fffecec0000 - 0x00007fffecee4000 	C:\Windows\SYSTEM32\profapi.dll
0x00007fffb0500000 - 0x00007fffb051a000 	C:\Users\poe09\.jdks\temurin-17.0.20.1\bin\net.dll
0x00007fffe7ea0000 - 0x00007fffe7fad000 	C:\Windows\SYSTEM32\WINHTTP.dll
0x00007fffec720000 - 0x00007fffec78a000 	C:\Windows\system32\mswsock.dll
0x00007fffaee90000 - 0x00007fffaeea6000 	C:\Users\poe09\.jdks\temurin-17.0.20.1\bin\nio.dll
0x00007fffb2df0000 - 0x00007fffb2e08000 	C:\Users\poe09\.jdks\temurin-17.0.20.1\bin\zip.dll
0x00007fffc5780000 - 0x00007fffc5790000 	C:\Users\poe09\.jdks\temurin-17.0.20.1\bin\verify.dll
0x00007fffc4a70000 - 0x00007fffc4a7a000 	C:\Users\poe09\.jdks\temurin-17.0.20.1\bin\management.dll
0x00007fffb3270000 - 0x00007fffb327c000 	C:\Users\poe09\.jdks\temurin-17.0.20.1\bin\management_ext.dll
0x00007fffef480000 - 0x00007fffef488000 	C:\Windows\System32\PSAPI.DLL
0x00007fffc8ac0000 - 0x00007fffc8ad7000 	C:\Windows\system32\napinsp.dll
0x00007fffc8a70000 - 0x00007fffc8a8b000 	C:\Windows\system32\pnrpnsp.dll
0x00007fffc8a50000 - 0x00007fffc8a65000 	C:\Windows\system32\wshbth.dll
0x00007fffe92d0000 - 0x00007fffe92ed000 	C:\Windows\system32\NLAapi.dll
0x00007fffec3b0000 - 0x00007fffec3eb000 	C:\Windows\SYSTEM32\IPHLPAPI.DLL
0x00007fffec400000 - 0x00007fffec4ca000 	C:\Windows\SYSTEM32\DNSAPI.dll
0x00007fffef530000 - 0x00007fffef538000 	C:\Windows\System32\NSI.dll
0x00007fffc8a30000 - 0x00007fffc8a42000 	C:\Windows\System32\winrnr.dll
0x00007fffd65a0000 - 0x00007fffd65aa000 	C:\Windows\System32\rasadhlp.dll
0x00007fffd66c0000 - 0x00007fffd6740000 	C:\Windows\System32\fwpuclnt.dll
0x00007fffa31e0000 - 0x00007fffa3255000 	C:\Users\poe09\AppData\Local\Temp\lwjglwhite0hat1\3.3.1-build-7\lwjgl.dll
0x00007fffa1b70000 - 0x00007fffa1bd1000 	C:\Users\poe09\AppData\Local\Temp\lwjglwhite0hat1\3.3.1-build-7\glfw.dll
0x00007fffa9680000 - 0x00007fffa96c5000 	C:\Windows\SYSTEM32\dinput8.dll
0x00007fffe69d0000 - 0x00007fffe69e1000 	C:\Windows\SYSTEM32\xinput1_4.dll
0x00007fffed170000 - 0x00007fffed1be000 	C:\Windows\System32\cfgmgr32.dll
0x00007fffecd20000 - 0x00007fffecd53000 	C:\Windows\SYSTEM32\DEVOBJ.dll
0x00007fffead20000 - 0x00007fffead4f000 	C:\Windows\SYSTEM32\dwmapi.dll
0x00007fffd6310000 - 0x00007fffd6462000 	C:\Windows\SYSTEM32\inputhost.dll
0x00007fffe9330000 - 0x00007fffe9487000 	C:\Windows\SYSTEM32\wintypes.dll
0x00007fffea000000 - 0x00007fffea0f2000 	C:\Windows\SYSTEM32\CoreMessaging.dll
0x00007fffe9ca0000 - 0x00007fffe9ffb000 	C:\Windows\SYSTEM32\CoreUIComponents.dll
0x00007fffe7b30000 - 0x00007fffe7c26000 	C:\Windows\SYSTEM32\PROPSYS.dll
0x00007fffec220000 - 0x00007fffec253000 	C:\Windows\SYSTEM32\ntmarta.dll
0x00007fffea940000 - 0x00007fffea9de000 	C:\Windows\system32\uxtheme.dll
0x00007fffef360000 - 0x00007fffef475000 	C:\Windows\System32\MSCTF.dll
0x00007fff9d460000 - 0x00007fff9d588000 	C:\Windows\SYSTEM32\opengl32.dll
0x00007fffb3680000 - 0x00007fffb36ac000 	C:\Windows\SYSTEM32\GLU32.dll
0x00007fffedb20000 - 0x00007fffedbc9000 	C:\Windows\System32\clbcatq.dll
0x00007ffe9e8c0000 - 0x00007ffea11e5000 	C:\Windows\System32\DriverStore\FileRepository\nv_dispi.inf_amd64_adc55ecfca814224\nvoglv64.dll
0x00007fffedca0000 - 0x00007fffee10e000 	C:\Windows\System32\SETUPAPI.dll
0x00007fffed910000 - 0x00007fffeda3b000 	C:\Windows\System32\ole32.dll
0x00007fffe8030000 - 0x00007fffe8044000 	C:\Windows\SYSTEM32\WTSAPI32.dll
0x00007fffecb50000 - 0x00007fffecb62000 	C:\Windows\SYSTEM32\msasn1.dll
0x00007fffe6300000 - 0x00007fffe6331000 	C:\Windows\SYSTEM32\cryptnet.dll
0x00007fffed1c0000 - 0x00007fffed31c000 	C:\Windows\System32\CRYPT32.dll
0x00007fffec910000 - 0x00007fffec91c000 	C:\Windows\SYSTEM32\cryptbase.dll
0x00007fffe60a0000 - 0x00007fffe61e7000 	C:\Windows\SYSTEM32\drvstore.dll
0x00007fffed720000 - 0x00007fffed789000 	C:\Windows\System32\WINTRUST.dll
0x00007fffef540000 - 0x00007fffef55d000 	C:\Windows\System32\imagehlp.dll
0x00007fffec920000 - 0x00007fffec938000 	C:\Windows\SYSTEM32\CRYPTSP.dll
0x00007fffebfd0000 - 0x00007fffec004000 	C:\Windows\system32\rsaenh.dll
0x00007fffd7b50000 - 0x00007fffdc84f000 	C:\Windows\System32\DriverStore\FileRepository\nv_dispi.inf_amd64_adc55ecfca814224\nvgpucomp64.dll
0x00007fffe5790000 - 0x00007fffe57cb000 	C:\Windows\SYSTEM32\dxcore.dll
0x00007fffb46f0000 - 0x00007fffb485d000 	C:\Windows\system32\nvspcap64.dll
0x00007fffebc50000 - 0x00007fffebcab000 	C:\Windows\SYSTEM32\WINSTA.dll
0x00007fff9ead0000 - 0x00007fff9ed29000 	C:\Users\poe09\AppData\Local\Temp\lwjglwhite0hat1\3.3.1-build-7\jemalloc.dll
0x00007fffa0520000 - 0x00007fffa05a1000 	C:\Users\poe09\AppData\Local\Temp\lwjglwhite0hat1\3.3.1-build-7\lwjgl_stb.dll
0x00007fffdebe0000 - 0x00007fffdecd9000 	C:\Windows\SYSTEM32\textinputframework.dll
0x00007fff9f860000 - 0x00007fff9f8bd000 	C:\Users\poe09\AppData\Local\Temp\lwjglwhite0hat1\3.3.1-build-7\lwjgl_opengl.dll
0x00007fffece40000 - 0x00007fffece6e000 	C:\Windows\SYSTEM32\USERENV.dll
0x00007fffe79d0000 - 0x00007fffe79e7000 	C:\Windows\SYSTEM32\dhcpcsvc6.DLL
0x00007fffe7740000 - 0x00007fffe775d000 	C:\Windows\SYSTEM32\dhcpcsvc.DLL
0x00007fffa2e90000 - 0x00007fffa2ed0000 	C:\Users\poe09\AppData\Local\Temp\jna-214797981\jna9579928174526527975.dll
0x00007fffcbfe0000 - 0x00007fffcbfff000 	C:\Windows\SYSTEM32\amsi.dll
0x00007fffcbdb0000 - 0x00007fffcbfdd000 	C:\Program Files (x86)\Kaspersky Lab\Kaspersky 21.26\x64\com_antivirus.dll
0x00007fffcdeb0000 - 0x00007fffcdebc000 	C:\Windows\SYSTEM32\Secur32.dll
0x00007fffecd60000 - 0x00007fffecd6a000 	C:\Windows\SYSTEM32\DPAPI.DLL
0x00007fffece70000 - 0x00007fffecea2000 	C:\Windows\SYSTEM32\SSPICLI.DLL
0x00007fffcbd50000 - 0x00007fffcbda4000 	C:\Program Files (x86)\Kaspersky Lab\Kaspersky 21.26\x64\product_info.dll
0x00007fffde470000 - 0x00007fffde4c3000 	C:\Windows\SYSTEM32\Pdh.dll
0x00007fffcb050000 - 0x00007fffcb05f000 	C:\Windows\System32\perfos.dll
0x00007fffb30f0000 - 0x00007fffb30fe000 	C:\Users\poe09\.jdks\temurin-17.0.20.1\bin\sunmscapi.dll
0x00007fffeca30000 - 0x00007fffeca59000 	C:\Windows\SYSTEM32\ncrypt.dll
0x00007fffec9f0000 - 0x00007fffeca2b000 	C:\Windows\SYSTEM32\NTASN1.dll
0x00007fffb3210000 - 0x00007fffb3219000 	C:\Users\poe09\.jdks\temurin-17.0.20.1\bin\extnet.dll
0x00007fffe5e10000 - 0x00007fffe5ebe000 	C:\Windows\SYSTEM32\mscms.dll
0x00007fffe5df0000 - 0x00007fffe5e01000 	C:\Windows\SYSTEM32\ColorAdapterClient.dll
0x00007fffa0330000 - 0x00007fffa0376000 	C:\Windows\SYSTEM32\icm32.dll
0x00007fff9e720000 - 0x00007fff9e8b7000 	C:\Users\poe09\AppData\Local\Temp\lwjglwhite0hat1\3.3.1-build-7\OpenAL.dll
0x00007fffe76b0000 - 0x00007fffe7735000 	C:\Windows\System32\MMDevApi.dll
0x00007fffa12f0000 - 0x00007fffa147e000 	C:\Windows\System32\Speech\Common\sapi.dll
0x00007fffb04e0000 - 0x00007fffb04fe000 	C:\Windows\SYSTEM32\MSACM32.dll
0x00007fffc5b30000 - 0x00007fffc5b3b000 	C:\Windows\SYSTEM32\msdmo.dll
0x00007fffde7a0000 - 0x00007fffde7c6000 	C:\Windows\SYSTEM32\winmmbase.dll
0x00007fffd0910000 - 0x00007fffd0917000 	C:\Windows\system32\wshunix.dll
0x00007fffe77d0000 - 0x00007fffe7951000 	C:\Windows\SYSTEM32\AUDIOSES.DLL
0x00007fffeaa10000 - 0x00007fffeaa24000 	C:\Windows\SYSTEM32\resourcepolicyclient.dll

dbghelp: loaded successfully - version: 4.0.5 - missing functions: none
symbol engine: initialized successfully - sym options: 0x614 - pdb path: .;C:\Users\poe09\.jdks\temurin-17.0.20.1\bin;C:\Windows\SYSTEM32;C:\Windows\WinSxS\amd64_microsoft.windows.common-controls_6595b64144ccf1df_6.0.19041.4355_none_60b8b9eb71f62e16;C:\Users\poe09\.jdks\temurin-17.0.20.1\bin\server;C:\Users\poe09\AppData\Local\Temp\lwjglwhite0hat1\3.3.1-build-7;C:\Windows\System32\DriverStore\FileRepository\nv_dispi.inf_amd64_adc55ecfca814224;C:\Users\poe09\AppData\Local\Temp\jna-214797981;C:\Program Files (x86)\Kaspersky Lab\Kaspersky 21.26\x64;C:\Windows\System32\Speech\Common

VM Arguments:
jvm_args: -Dforge.enableGameTest=true -Dforge.logging.console.level=debug -Dforge.logging.markers=REGISTRIES -DignoreList=bootstraplauncher,securejarhandler,asm-commons,asm-util,asm-analysis,asm-tree,asm,JarJarFileSystems,client-extra,fmlcore,javafmllanguage,lowcodelanguage,mclanguage,forge- -Djava.net.preferIPv6Addresses=system -DlegacyClassPath.file=D:\Minecraft MODS\CultOfTheCryptids\cult_cryptids\build\classpath\runClient_minecraftClasspath.txt -DmergeModules=jna-5.10.0.jar,jna-platform-5.10.0.jar -Dmixin.env.refMapRemappingFile=D:\Minecraft MODS\CultOfTheCryptids\cult_cryptids/build/createSrgToMcp/output.srg -Dmixin.env.remapRefMap=true --module-path=C:\Users\poe09\.gradle\caches\modules-2\files-2.1\cpw.mods\bootstraplauncher\1.1.2\c546e00443d8432cda6baa1c860346980742628\bootstraplauncher-1.1.2.jar;C:\Users\poe09\.gradle\caches\modules-2\files-2.1\cpw.mods\securejarhandler\2.1.10\51e6a22c6c716beb11e244bf5b8be480f51dd6b5\securejarhandler-2.1.10.jar;C:\Users\poe09\.gradle\caches\modules-2\files-2.1\org.ow2.asm\asm-commons\9.7\e86dda4696d3c185fcc95d8d311904e7ce38a53f\asm-commons-9.7.jar;C:\Users\poe09\.gradle\caches\modules-2\files-2.1\org.ow2.asm\asm-util\9.7\c0655519f24d92af2202cb681cd7c1569df6ead6\asm-util-9.7.jar;C:\Users\poe09\.gradle\caches\modules-2\files-2.1\org.ow2.asm\asm-analysis\9.7\e4a258b7eb96107106c0599f0061cfc1832fe07a\asm-analysis-9.7.jar;C:\Users\poe09\.gradle\caches\modules-2\files-2.1\org.ow2.asm\asm-tree\9.7\e446a17b175bfb733b87c5c2560ccb4e57d69f1a\asm-tree-9.7.jar;C:\Users\poe09\.gradle\caches\modules-2\files-2.1\org.ow2.asm\asm\9.7\73d7b3086e14beb604ced229c302feff6449723\asm-9.7.jar;C:\Users\poe09\.gradle\caches\modules-2\files-2.1\net.minecraftforge\JarJarFileSystems\0.3.19\2464eb7d6b9ddb9db36a82cf8a95193e5c6fe020\JarJarFileSystems-0.3.19.jar --add-modules=ALL-MODULE-PATH --add-opens=java.base/java.util.jar=cpw.mods.securejarhandler --add-opens=java.base/java.lang.invoke=cpw.mods.securejarhandler --add-exports=java.base/sun.security.util=cpw.mods.securejarhandler --add-exports=jdk.naming.dns/com.sun.jndi.dns=java.naming -XX:HeapDumpPath=MojangTricksIntelDriversForPerformance_javaw.exe_minecraft.exe.heapdump -Dfile.encoding=UTF-8 -Duser.country=RU -Duser.language=ru -Duser.variant 
java_command: cpw.mods.bootstraplauncher.BootstrapLauncher --launchTarget forgeclientuserdev --version MOD_DEV --assetIndex 5 --assetsDir C:\Users\poe09\.gradle\caches\forge_gradle\assets --gameDir . --fml.forgeVersion 47.3.0 --fml.mcVersion 1.20.1 --fml.forgeGroup net.minecraftforge --fml.mcpVersion 20230612.114412
java_class_path (initial): D:\Minecraft MODS\CultOfTheCryptids\cult_cryptids\build\classes\java\main;D:\Minecraft MODS\CultOfTheCryptids\cult_cryptids\build\resources\main;C:\Users\poe09\.gradle\caches\forge_gradle\deobf_dependencies\software\bernie\geckolib\geckolib-forge-1.20.1\4.4.4_mapped_official_1.20.1\geckolib-forge-1.20.1-4.4.4_mapped_official_1.20.1.jar;C:\Users\poe09\.gradle\caches\modules-2\files-2.1\com.eliotlash.mclib\mclib\20\3383672fb61b6a210e8fb93ffdd9fdae4549e4fc\mclib-20.jar;C:\Users\poe09\.gradle\caches\forge_gradle\minecraft_user_repo\net\minecraftforge\forge\1.20.1-47.3.0_mapped_official_1.20.1\forge-1.20.1-47.3.0_mapped_official_1.20.1-recomp.jar;C:\Users\poe09\.gradle\caches\forge_gradle\minecraft_repo\versions\1.20.1\client-extra.jar;C:\Users\poe09\.gradle\caches\modules-2\files-2.1\net.minecraftforge\fmlearlydisplay\1.20.1-47.3.0\91e33682894f35862e9ce29d633e3258120952f0\fmlearlydisplay-1.20.1-47.3.0.jar;C:\Users\poe09\.gradle\caches\modules-2\files-2.1\net.minecraftforge\javafmllanguage\1.20.1-47.3.0\d7ebc62120f202109e300e084ca1a31a7b946a62\javafmllanguage-1.20.1-47.3.0.jar;C:\Users\poe09\.gradle\caches\modules-2\files-2.1\net.minecraftforge\lowcodelanguage\1.20.1-47.3.0\1bf3e845ea0ce750096da8c71c8364b188ab74d4\lowcodelanguage-1.20.1-47.3.0.jar;C:\Users\poe09\.gradle\caches\modules-2\files-2.1\net.minecraftforge\mclanguage\1.20.1-47.3.0\6093682e943ddccbabf70539319d7f2fe64db2e7\mclanguage-1.20.1-47.3.0.jar;C:\Users\poe09\.gradle\caches\modules-2\files-2.1\net.minecraftforge\fmlcore\1.20.1-47.3.0\3b6be96aba3e323f3c918e8ef6a96312d82d76ad\fmlcore-1.20.1-47.3.0.jar;C:\Users\poe09\.gradle\caches\modules-2\files-2.1\net.minecraftforge\fmlloader\1.20.1-47.3.0\547850469c8a336b4c60cb8619f6cd421e9e5f55\fmlloader-1.20.1-47.3.0.jar;C:\Users\poe09\.gradle\caches\modules-2\files-2.1\net.minecraftforge\JarJarSelector\0.3.19\376cc9c8ea60720cf027c01fc033de915699801c\JarJarSelector-0.3.19.jar;C:\Users\poe09\.gradle\caches\modules-2\files-2.1\net.minecraftfor
Launcher Type: SUN_STANDARD

[Global flags]
     intx CICompilerCount                          = 4                                         {product} {ergonomic}
     uint ConcGCThreads                            = 2                                         {product} {ergonomic}
     uint G1ConcRefinementThreads                  = 8                                         {product} {ergonomic}
   size_t G1HeapRegionSize                         = 2097152                                   {product} {ergonomic}
    uintx GCDrainStackTargetSize                   = 64                                        {product} {ergonomic}
    ccstr HeapDumpPath                             = MojangTricksIntelDriversForPerformance_javaw.exe_minecraft.exe.heapdump         {manageable} {command line}
   size_t InitialHeapSize                          = 268435456                                 {product} {ergonomic}
   size_t MarkStackSize                            = 4194304                                   {product} {ergonomic}
   size_t MaxHeapSize                              = 4282384384                                {product} {ergonomic}
   size_t MaxNewSize                               = 2569011200                                {product} {ergonomic}
   size_t MinHeapDeltaBytes                        = 2097152                                   {product} {ergonomic}
   size_t MinHeapSize                              = 8388608                                   {product} {ergonomic}
    uintx NonNMethodCodeHeapSize                   = 5839372                                {pd product} {ergonomic}
    uintx NonProfiledCodeHeapSize                  = 122909434                              {pd product} {ergonomic}
    uintx ProfiledCodeHeapSize                     = 122909434                              {pd product} {ergonomic}
    uintx ReservedCodeCacheSize                    = 251658240                              {pd product} {ergonomic}
     bool SegmentedCodeCache                       = true                                      {product} {ergonomic}
   size_t SoftMaxHeapSize                          = 4282384384                             {manageable} {ergonomic}
     bool UseCompressedClassPointers               = true                           {product lp64_product} {ergonomic}
     bool UseCompressedOops                        = true                           {product lp64_product} {ergonomic}
     bool UseG1GC                                  = true                                      {product} {ergonomic}
     bool UseLargePagesIndividualAllocation        = false                                  {pd product} {ergonomic}

Logging:
Log output configuration:
 #0: stdout all=warning uptime,level,tags
 #1: stderr all=off uptime,level,tags

Environment Variables:
PATH=C:\ffmpeg\bin;C:\Program Files (x86)\Common Files\Oracle\Java\javapath;C:\Windows\system32;C:\Windows;C:\Windows\System32\Wbem;C:\Windows\System32\WindowsPowerShell\v1.0\;C:\Windows\System32\OpenSSH\;C:\Program Files (x86)\NVIDIA Corporation\PhysX\Common;C:\Users\poe09\AppData\Local\Microsoft\WindowsApps;C:\Program Files\NVIDIA Corporation\NVIDIA app\NvDLISR;C:\Program Files\dotnet\;C:\Program Files\Cloudflare\Cloudflare WARP\;C:\Program Files\Git\cmd;C:\Users\poe09\AppData\Local\Microsoft\WindowsApps;
USERNAME=white0hat1
OS=Windows_NT
PROCESSOR_IDENTIFIER=AMD64 Family 23 Model 113 Stepping 0, AuthenticAMD
TMP=C:\Users\poe09\AppData\Local\Temp
TEMP=C:\Users\poe09\AppData\Local\Temp



Periodic native trim disabled


---------------  S Y S T E M  ---------------

OS:
 Windows 10 , 64 bit Build 19041 (10.0.19041.4842)
OS uptime: 0 days 7:29 hours

CPU: total 8 (initial active 8) (8 cores per cpu, 2 threads per core) family 23 model 113 stepping 0 microcode 0x0, cx8, cmov, fxsr, ht, mmx, 3dnowpref, sse, sse2, sse3, ssse3, sse4a, sse4.1, sse4.2, popcnt, lzcnt, tsc, tscinvbit, avx, avx2, aes, clmul, bmi1, bmi2, adx, sha, fma, vzeroupper, clflush, clflushopt
Processor Information for all 8 processors :
  Max Mhz: 3593, Current Mhz: 3593, Mhz Limit: 3593

Memory: 4k page, system-wide physical 16332M (2274M free)
TotalPageFile size 20428M (AvailPageFile size 397M)
current process WorkingSet (physical memory assigned to process): 2696M, peak: 2793M
current process commit charge ("private bytes"): 3257M, peak: 3685M

vm_info: OpenJDK 64-Bit Server VM (17.0.20.1+1) for windows-amd64 JRE (17.0.20.1+1), built on Aug 18 2026 20:44:09 by "admin" with MS VC++ 17.12 (VS2022)

END.
