#
# There is insufficient memory for the Java Runtime Environment to continue.
# Native memory allocation (malloc) failed to allocate 1051376 bytes. Error detail: Chunk::new
# Possible reasons:
#   The system is out of physical RAM or swap space
#   This process is running with CompressedOops enabled, and the Java Heap may be blocking the growth of the native heap
# Possible solutions:
#   Reduce memory load on the system
#   Increase physical memory or swap space
#   Check if swap backing store is full
#   Decrease Java heap size (-Xmx/-Xms)
#   Decrease number of Java threads
#   Decrease Java thread stack sizes (-Xss)
#   Set larger code cache with -XX:ReservedCodeCacheSize=
#   JVM is running with Zero Based Compressed Oops mode in which the Java heap is
#     placed in the first 32GB address space. The Java Heap base address is the
#     maximum limit for the native heap growth. Please use -XX:HeapBaseMinAddress
#     to set the Java Heap base and to place the Java Heap above 32GB virtual address.
# This output file may be truncated or incomplete.
#
#  Out of Memory Error (arena.cpp:191), pid=17980, tid=19516
#
# JRE version: OpenJDK Runtime Environment Temurin-17.0.20.1+1 (17.0.20.1+1) (build 17.0.20.1+1)
# Java VM: OpenJDK 64-Bit Server VM Temurin-17.0.20.1+1 (17.0.20.1+1, mixed mode, sharing, tiered, compressed oops, compressed class ptrs, g1 gc, windows-amd64)
# No core dump will be written. Minidumps are not enabled by default on client versions of Windows
#

---------------  S U M M A R Y ------------

Command Line: -Dforge.enableGameTest=true -Dforge.logging.console.level=debug -Dforge.logging.markers=REGISTRIES -DignoreList=bootstraplauncher,securejarhandler,asm-commons,asm-util,asm-analysis,asm-tree,asm,JarJarFileSystems,client-extra,fmlcore,javafmllanguage,lowcodelanguage,mclanguage,forge- -Djava.net.preferIPv6Addresses=system -DlegacyClassPath.file=D:\Minecraft MODS\CultOfTheCryptids\cult_cryptids\build\classpath\runClient_minecraftClasspath.txt -DmergeModules=jna-5.10.0.jar,jna-platform-5.10.0.jar -Dmixin.env.refMapRemappingFile=D:\Minecraft MODS\CultOfTheCryptids\cult_cryptids/build/createSrgToMcp/output.srg -Dmixin.env.remapRefMap=true --module-path=C:\Users\poe09\.gradle\caches\modules-2\files-2.1\cpw.mods\bootstraplauncher\1.1.2\c546e00443d8432cda6baa1c860346980742628\bootstraplauncher-1.1.2.jar;C:\Users\poe09\.gradle\caches\modules-2\files-2.1\cpw.mods\securejarhandler\2.1.10\51e6a22c6c716beb11e244bf5b8be480f51dd6b5\securejarhandler-2.1.10.jar;C:\Users\poe09\.gradle\caches\modules-2\files-2.1\org.ow2.asm\asm-commons\9.7\e86dda4696d3c185fcc95d8d311904e7ce38a53f\asm-commons-9.7.jar;C:\Users\poe09\.gradle\caches\modules-2\files-2.1\org.ow2.asm\asm-util\9.7\c0655519f24d92af2202cb681cd7c1569df6ead6\asm-util-9.7.jar;C:\Users\poe09\.gradle\caches\modules-2\files-2.1\org.ow2.asm\asm-analysis\9.7\e4a258b7eb96107106c0599f0061cfc1832fe07a\asm-analysis-9.7.jar;C:\Users\poe09\.gradle\caches\modules-2\files-2.1\org.ow2.asm\asm-tree\9.7\e446a17b175bfb733b87c5c2560ccb4e57d69f1a\asm-tree-9.7.jar;C:\Users\poe09\.gradle\caches\modules-2\files-2.1\org.ow2.asm\asm\9.7\73d7b3086e14beb604ced229c302feff6449723\asm-9.7.jar;C:\Users\poe09\.gradle\caches\modules-2\files-2.1\net.minecraftforge\JarJarFileSystems\0.3.19\2464eb7d6b9ddb9db36a82cf8a95193e5c6fe020\JarJarFileSystems-0.3.19.jar --add-modules=ALL-MODULE-PATH --add-opens=java.base/java.util.jar=cpw.mods.securejarhandler --add-opens=java.base/java.lang.invoke=cpw.mods.securejarhandler --add-exports=java.base/sun.security.util=cpw.mods.securejarhandler --add-exports=jdk.naming.dns/com.sun.jndi.dns=java.naming -XX:HeapDumpPath=MojangTricksIntelDriversForPerformance_javaw.exe_minecraft.exe.heapdump -Dfile.encoding=UTF-8 -Duser.country=RU -Duser.language=ru -Duser.variant cpw.mods.bootstraplauncher.BootstrapLauncher --launchTarget forgeclientuserdev --version MOD_DEV --assetIndex 5 --assetsDir C:\Users\poe09\.gradle\caches\forge_gradle\assets --gameDir . --fml.forgeVersion 47.3.0 --fml.mcVersion 1.20.1 --fml.forgeGroup net.minecraftforge --fml.mcpVersion 20230612.114412

Host: AMD Ryzen 3 3100 4-Core Processor              , 8 cores, 15G,  Windows 10 , 64 bit Build 19041 (10.0.19041.4842)
Time: Sun Sep 27 20:12:30 2026 RTZ 2 (s 10 , 64 bit Build 19041 (10.0.19041.4842) elapsed time: 100.496140 seconds (0d 0h 1m 40s)

---------------  T H R E A D  ---------------

Current thread (0x0000019030299840):  JavaThread "C2 CompilerThread0" daemon [_thread_in_native, id=19516, stack(0x00000062c9c00000,0x00000062c9d00000)]


Current CompileTask:
C2:100496 38014       4       net.minecraft.client.gui.font.glyphs.BakedGlyph::render (304 bytes)

Stack: [0x00000062c9c00000,0x00000062c9d00000]
Native frames: (J=compiled Java code, j=interpreted, Vv=VM code, C=native code)
V  [jvm.dll+0x684d39]
V  [jvm.dll+0x83a565]
V  [jvm.dll+0x83bfde]
V  [jvm.dll+0x83c663]
V  [jvm.dll+0x2490cf]
V  [jvm.dll+0xad536]
V  [jvm.dll+0xadbdc]
V  [jvm.dll+0x368d6f]
V  [jvm.dll+0x333215]
V  [jvm.dll+0x33267a]
V  [jvm.dll+0x219ed9]
V  [jvm.dll+0x21931f]
V  [jvm.dll+0x1a49e0]
V  [jvm.dll+0x229a6a]
V  [jvm.dll+0x227c1b]
V  [jvm.dll+0x7f0d18]
V  [jvm.dll+0x7eb17c]
V  [jvm.dll+0x683c07]
C  [ucrtbase.dll+0x21bb2]
C  [KERNEL32.DLL+0x17374]
C  [ntdll.dll+0x4cc91]


---------------  P R O C E S S  ---------------

Threads class SMR info:
_java_thread_list=0x00000190c261e400, length=39, elements={
0x000001900d17d8c0, 0x00000190302543d0, 0x0000019030255900, 0x000001903026ae90,
0x000001903026b860, 0x00000190302708f0, 0x00000190302984a0, 0x0000019030299840,
0x000001903029a9a0, 0x00000190302a9930, 0x00000190302a6ba0, 0x00000190302a6690,
0x0000019030f14b70, 0x0000019030f12800, 0x000001903077e150, 0x000001903077bde0,
0x000001903077b3c0, 0x000001903077d730, 0x000001903077b8d0, 0x0000019005f0d980,
0x0000019005f0f7e0, 0x0000019005f0f2d0, 0x0000019005f13ec0, 0x0000019005f10c20,
0x0000019005f12a80, 0x0000019005f12570, 0x0000019005f10200, 0x0000019005f11b50,
0x0000019005f12060, 0x0000019005f134a0, 0x0000019005b70ca0, 0x0000019005b69830,
0x0000019005b711b0, 0x0000019005b6e420, 0x0000019005b69d40, 0x00000190302a9420,
0x0000019005f14df0, 0x000001907771cca0, 0x00000190bbb8df40
}

Java Threads: ( => current thread )
  0x000001900d17d8c0 JavaThread "Render thread" [_thread_in_native, id=16976, stack(0x00000062c8f00000,0x00000062c9000000)]
  0x00000190302543d0 JavaThread "Reference Handler" daemon [_thread_blocked, id=17536, stack(0x00000062c9600000,0x00000062c9700000)]
  0x0000019030255900 JavaThread "Finalizer" daemon [_thread_blocked, id=16968, stack(0x00000062c9700000,0x00000062c9800000)]
  0x000001903026ae90 JavaThread "Signal Dispatcher" daemon [_thread_blocked, id=19564, stack(0x00000062c9800000,0x00000062c9900000)]
  0x000001903026b860 JavaThread "Attach Listener" daemon [_thread_blocked, id=10604, stack(0x00000062c9900000,0x00000062c9a00000)]
  0x00000190302708f0 JavaThread "Service Thread" daemon [_thread_blocked, id=12944, stack(0x00000062c9a00000,0x00000062c9b00000)]
  0x00000190302984a0 JavaThread "Monitor Deflation Thread" daemon [_thread_blocked, id=17984, stack(0x00000062c9b00000,0x00000062c9c00000)]
=>0x0000019030299840 JavaThread "C2 CompilerThread0" daemon [_thread_in_native, id=19516, stack(0x00000062c9c00000,0x00000062c9d00000)]
  0x000001903029a9a0 JavaThread "C1 CompilerThread0" daemon [_thread_blocked, id=17388, stack(0x00000062c9d00000,0x00000062c9e00000)]
  0x00000190302a9930 JavaThread "Sweeper thread" daemon [_thread_blocked, id=4404, stack(0x00000062c9e00000,0x00000062c9f00000)]
  0x00000190302a6ba0 JavaThread "Common-Cleaner" daemon [_thread_blocked, id=19552, stack(0x00000062c9f00000,0x00000062ca000000)]
  0x00000190302a6690 JavaThread "Notification Thread" daemon [_thread_blocked, id=19000, stack(0x00000062ca100000,0x00000062ca200000)]
  0x0000019030f14b70 JavaThread "JNA Cleaner" daemon [_thread_blocked, id=18056, stack(0x00000062cb700000,0x00000062cb800000)]
  0x0000019030f12800 JavaThread "Timer hack thread" daemon [_thread_blocked, id=21116, stack(0x00000062ca000000,0x00000062ca100000)]
  0x000001903077e150 JavaThread "Yggdrasil Key Fetcher" daemon [_thread_blocked, id=20944, stack(0x00000062cbd00000,0x00000062cbe00000)]
  0x000001903077bde0 JavaThread "modloading-worker-0" daemon [_thread_blocked, id=13500, stack(0x00000062cb600000,0x00000062cb700000)]
  0x000001903077b3c0 JavaThread "modloading-worker-0" daemon [_thread_blocked, id=1100, stack(0x00000062cc000000,0x00000062cc100000)]
  0x000001903077d730 JavaThread "modloading-worker-0" daemon [_thread_blocked, id=8844, stack(0x00000062cc100000,0x00000062cc200000)]
  0x000001903077b8d0 JavaThread "modloading-worker-0" daemon [_thread_blocked, id=1380, stack(0x00000062cc200000,0x00000062cc300000)]
  0x0000019005f0d980 JavaThread "Worker-Main-1" daemon [_thread_blocked, id=2320, stack(0x00000062cc600000,0x00000062cc700000)]
  0x0000019005f0f7e0 JavaThread "Worker-Main-2" daemon [_thread_blocked, id=2316, stack(0x00000062cc700000,0x00000062cc800000)]
  0x0000019005f0f2d0 JavaThread "Worker-Main-3" daemon [_thread_blocked, id=2624, stack(0x00000062cc800000,0x00000062cc900000)]
  0x0000019005f13ec0 JavaThread "Worker-Main-4" daemon [_thread_blocked, id=2488, stack(0x00000062cc900000,0x00000062cca00000)]
  0x0000019005f10c20 JavaThread "Worker-Main-5" daemon [_thread_blocked, id=16908, stack(0x00000062cca00000,0x00000062ccb00000)]
  0x0000019005f12a80 JavaThread "Worker-Main-6" daemon [_thread_blocked, id=2736, stack(0x00000062ccb00000,0x00000062ccc00000)]
  0x0000019005f12570 JavaThread "Worker-Main-7" daemon [_thread_blocked, id=2756, stack(0x00000062ccc00000,0x00000062ccd00000)]
  0x0000019005f10200 JavaThread "Thread-3" daemon [_thread_blocked, id=3720, stack(0x00000062ccd00000,0x00000062cce00000)]
  0x0000019005f11b50 JavaThread "FileSystemWatchService" daemon [_thread_in_native, id=2820, stack(0x00000062cce00000,0x00000062ccf00000)]
  0x0000019005f12060 JavaThread "IO-Worker-8" [_thread_blocked, id=15156, stack(0x00000062cd000000,0x00000062cd100000)]
  0x0000019005f134a0 JavaThread "HttpClient-1-SelectorManager" daemon [_thread_in_native, id=1876, stack(0x00000062cd100000,0x00000062cd200000)]
  0x0000019005b70ca0 JavaThread "Server thread" [_thread_in_Java, id=20404, stack(0x00000062cc300000,0x00000062cc400000)]
  0x0000019005b69830 JavaThread "FileSystemWatchService" daemon [_thread_in_native, id=15716, stack(0x00000062cc500000,0x00000062cc600000)]
  0x0000019005b711b0 JavaThread "IO-Worker-9" [_thread_blocked, id=20552, stack(0x00000062ccf00000,0x00000062cd000000)]
  0x0000019005b6e420 JavaThread "IO-Worker-10" [_thread_blocked, id=8416, stack(0x00000062cd600000,0x00000062cd700000)]
  0x0000019005b69d40 JavaThread "Netty Server IO #0" daemon [_thread_in_native, id=13624, stack(0x00000062cd800000,0x00000062cd900000)]
  0x00000190302a9420 JavaThread "Netty Local Client IO #0" daemon [_thread_blocked, id=9568, stack(0x00000062cd900000,0x00000062cda00000)]
  0x0000019005f14df0 JavaThread "Netty Server IO #1" daemon [_thread_in_native, id=16864, stack(0x00000062cda00000,0x00000062cdb00000)]
  0x000001907771cca0 JavaThread "Sound engine" daemon [_thread_blocked, id=20708, stack(0x00000062cdb00000,0x00000062cdc00000)]
  0x00000190bbb8df40 JavaThread "IO-Worker-11" [_thread_blocked, id=21020, stack(0x00000062c8e00000,0x00000062c8f00000)]

Other Threads:
  0x000001903013ed00 VMThread "VM Thread" [stack: 0x00000062c9500000,0x00000062c9600000] [id=6244]
  0x000001900d17e790 WatcherThread [stack: 0x00000062ca200000,0x00000062ca300000] [id=20524]
  0x000001900d1ed8b0 GCTaskThread "GC Thread#0" [stack: 0x00000062c9000000,0x00000062c9100000] [id=2988]
  0x000001903083f590 GCTaskThread "GC Thread#1" [stack: 0x00000062ca400000,0x00000062ca500000] [id=8052]
  0x000001903083f850 GCTaskThread "GC Thread#2" [stack: 0x00000062ca500000,0x00000062ca600000] [id=16428]
  0x000001903083fb10 GCTaskThread "GC Thread#3" [stack: 0x00000062ca600000,0x00000062ca700000] [id=18932]
  0x000001903083fdd0 GCTaskThread "GC Thread#4" [stack: 0x00000062ca700000,0x00000062ca800000] [id=20492]
  0x0000019030ac5090 GCTaskThread "GC Thread#5" [stack: 0x00000062ca800000,0x00000062ca900000] [id=19596]
  0x00000190764595e0 GCTaskThread "GC Thread#6" [stack: 0x00000062caa00000,0x00000062cab00000] [id=13016]
  0x0000019079d65c40 GCTaskThread "GC Thread#7" [stack: 0x00000062cb400000,0x00000062cb500000] [id=10592]
  0x000001900d1fe650 ConcurrentGCThread "G1 Main Marker" [stack: 0x00000062c9100000,0x00000062c9200000] [id=13856]
  0x000001900d1ff720 ConcurrentGCThread "G1 Conc#0" [stack: 0x00000062c9200000,0x00000062c9300000] [id=2008]
  0x0000019079d65400 ConcurrentGCThread "G1 Conc#1" [stack: 0x00000062cb500000,0x00000062cb600000] [id=9468]
  0x000001902fff67d0 ConcurrentGCThread "G1 Refine#0" [stack: 0x00000062c9300000,0x00000062c9400000] [id=18456]
  0x0000019030d21560 ConcurrentGCThread "G1 Refine#1" [stack: 0x00000062ca900000,0x00000062caa00000] [id=6188]
  0x000001907a3b9c20 ConcurrentGCThread "G1 Refine#2" [stack: 0x00000062cba00000,0x00000062cbb00000] [id=8160]
  0x000001907a3b9f10 ConcurrentGCThread "G1 Refine#3" [stack: 0x00000062cbb00000,0x00000062cbc00000] [id=16100]
  0x000001907a3ba4f0 ConcurrentGCThread "G1 Refine#4" [stack: 0x00000062cbc00000,0x00000062cbd00000] [id=3492]
  0x00000190773c9330 ConcurrentGCThread "G1 Refine#5" [stack: 0x00000062ca300000,0x00000062ca400000] [id=17860]
  0x0000019077a5eca0 ConcurrentGCThread "G1 Refine#6" [stack: 0x00000062cae00000,0x00000062caf00000] [id=21396]
  0x00000190773c9910 ConcurrentGCThread "G1 Refine#7" [stack: 0x00000062cd700000,0x00000062cd800000] [id=17628]
  0x000001902fff7010 ConcurrentGCThread "G1 Service" [stack: 0x00000062c9400000,0x00000062c9500000] [id=5632]

Threads with active compile tasks:
C2 CompilerThread0  100522 38014       4       net.minecraft.client.gui.font.glyphs.BakedGlyph::render (304 bytes)

VM state: not at safepoint (normal execution)

VM Mutex/Monitor currently owned by a thread: None

Heap address: 0x0000000700c00000, size: 4084 MB, Compressed Oops mode: Zero based, Oop shift amount: 3

CDS archive(s) mapped at: [0x0000019031000000-0x0000019031bb0000-0x0000019031bb0000), size 12255232, SharedBaseAddress: 0x0000019031000000, ArchiveRelocationMode: 1.
Compressed class space mapped at: 0x0000019032000000-0x0000019072000000, reserved size: 1073741824
Narrow klass base: 0x0000019031000000, Narrow klass shift: 0, Narrow klass range: 0x100000000

GC Precious Log:
 CPUs: 8 total, 8 available
 Memory: 16332M
 Large Page Support: Disabled
 NUMA Support: Disabled
 Compressed Oops: Enabled (Zero based)
 Heap Region Size: 2M
 Heap Min Capacity: 8M
 Heap Initial Capacity: 256M
 Heap Max Capacity: 4084M
 Pre-touch: Disabled
 Parallel Workers: 8
 Concurrent Workers: 2
 Concurrent Refinement Workers: 8
 Periodic GC: Disabled

Heap:
 garbage-first heap   total 1470464K, used 1131786K [0x0000000700c00000, 0x0000000800000000)
  region size 2048K, 45 young (92160K), 8 survivors (16384K)
 Metaspace       used 128669K, committed 130560K, reserved 1179648K
  class space    used 18404K, committed 19264K, reserved 1048576K

Heap Regions: E=young(eden), S=young(survivor), O=old, HS=humongous(starts), HC=humongous(continues), CS=collection set, F=free, OA=open archive, CA=closed archive, TAMS=top-at-mark-start (previous, next)
|   0|0x0000000700c00000, 0x0000000700e00000, 0x0000000700e00000|100%|HS|  |TAMS 0x0000000700e00000, 0x0000000700c00000| Complete 
|   1|0x0000000700e00000, 0x0000000701000000, 0x0000000701000000|100%| O|  |TAMS 0x0000000701000000, 0x0000000700e00000| Untracked 
|   2|0x0000000701000000, 0x0000000701200000, 0x0000000701200000|100%| O|  |TAMS 0x0000000701200000, 0x0000000701000000| Untracked 
|   3|0x0000000701200000, 0x0000000701400000, 0x0000000701400000|100%|HS|  |TAMS 0x0000000701400000, 0x0000000701200000| Complete 
|   4|0x0000000701400000, 0x0000000701600000, 0x0000000701600000|100%| O|  |TAMS 0x0000000701600000, 0x0000000701400000| Untracked 
|   5|0x0000000701600000, 0x0000000701800000, 0x0000000701800000|100%| O|  |TAMS 0x0000000701800000, 0x0000000701600000| Untracked 
|   6|0x0000000701800000, 0x0000000701a00000, 0x0000000701a00000|100%|HS|  |TAMS 0x0000000701a00000, 0x0000000701800000| Complete 
|   7|0x0000000701a00000, 0x0000000701c00000, 0x0000000701c00000|100%|HS|  |TAMS 0x0000000701c00000, 0x0000000701a00000| Complete 
|   8|0x0000000701c00000, 0x0000000701e00000, 0x0000000701e00000|100%| O|  |TAMS 0x0000000701e00000, 0x0000000701c00000| Untracked 
|   9|0x0000000701e00000, 0x0000000702000000, 0x0000000702000000|100%| O|  |TAMS 0x0000000702000000, 0x0000000701e00000| Untracked 
|  10|0x0000000702000000, 0x0000000702200000, 0x0000000702200000|100%| O|  |TAMS 0x0000000702200000, 0x0000000702000000| Untracked 
|  11|0x0000000702200000, 0x0000000702400000, 0x0000000702400000|100%|HS|  |TAMS 0x0000000702400000, 0x0000000702200000| Complete 
|  12|0x0000000702400000, 0x0000000702600000, 0x0000000702600000|100%| O|  |TAMS 0x0000000702600000, 0x0000000702400000| Untracked 
|  13|0x0000000702600000, 0x0000000702800000, 0x0000000702800000|100%| O|  |TAMS 0x0000000702800000, 0x0000000702600000| Untracked 
|  14|0x0000000702800000, 0x0000000702a00000, 0x0000000702a00000|100%| O|  |TAMS 0x0000000702a00000, 0x0000000702800000| Untracked 
|  15|0x0000000702a00000, 0x0000000702c00000, 0x0000000702c00000|100%| O|  |TAMS 0x0000000702c00000, 0x0000000702a00000| Untracked 
|  16|0x0000000702c00000, 0x0000000702e00000, 0x0000000702e00000|100%| O|  |TAMS 0x0000000702e00000, 0x0000000702c00000| Untracked 
|  17|0x0000000702e00000, 0x0000000703000000, 0x0000000703000000|100%| O|  |TAMS 0x0000000703000000, 0x0000000702e00000| Untracked 
|  18|0x0000000703000000, 0x0000000703200000, 0x0000000703200000|100%| O|  |TAMS 0x0000000703200000, 0x0000000703000000| Untracked 
|  19|0x0000000703200000, 0x0000000703400000, 0x0000000703400000|100%| O|  |TAMS 0x0000000703400000, 0x0000000703200000| Untracked 
|  20|0x0000000703400000, 0x0000000703600000, 0x0000000703600000|100%| O|  |TAMS 0x0000000703600000, 0x0000000703400000| Untracked 
|  21|0x0000000703600000, 0x0000000703800000, 0x0000000703800000|100%| O|  |TAMS 0x0000000703800000, 0x0000000703600000| Untracked 
|  22|0x0000000703800000, 0x0000000703a00000, 0x0000000703a00000|100%| O|  |TAMS 0x0000000703a00000, 0x0000000703800000| Untracked 
|  23|0x0000000703a00000, 0x0000000703c00000, 0x0000000703c00000|100%| O|  |TAMS 0x0000000703c00000, 0x0000000703a00000| Untracked 
|  24|0x0000000703c00000, 0x0000000703e00000, 0x0000000703e00000|100%| O|  |TAMS 0x0000000703e00000, 0x0000000703c00000| Untracked 
|  25|0x0000000703e00000, 0x0000000704000000, 0x0000000704000000|100%| O|  |TAMS 0x0000000704000000, 0x0000000703e00000| Untracked 
|  26|0x0000000704000000, 0x0000000704200000, 0x0000000704200000|100%| O|  |TAMS 0x0000000704200000, 0x0000000704000000| Untracked 
|  27|0x0000000704200000, 0x0000000704400000, 0x0000000704400000|100%| O|  |TAMS 0x0000000704400000, 0x0000000704200000| Untracked 
|  28|0x0000000704400000, 0x0000000704600000, 0x0000000704600000|100%| O|  |TAMS 0x0000000704600000, 0x0000000704400000| Untracked 
|  29|0x0000000704600000, 0x0000000704800000, 0x0000000704800000|100%| O|  |TAMS 0x0000000704800000, 0x0000000704600000| Untracked 
|  30|0x0000000704800000, 0x0000000704a00000, 0x0000000704a00000|100%| O|  |TAMS 0x0000000704a00000, 0x0000000704800000| Untracked 
|  31|0x0000000704a00000, 0x0000000704c00000, 0x0000000704c00000|100%| O|  |TAMS 0x0000000704c00000, 0x0000000704a00000| Untracked 
|  32|0x0000000704c00000, 0x0000000704e00000, 0x0000000704e00000|100%| O|  |TAMS 0x0000000704e00000, 0x0000000704c00000| Untracked 
|  33|0x0000000704e00000, 0x0000000705000000, 0x0000000705000000|100%| O|  |TAMS 0x0000000705000000, 0x0000000704e00000| Untracked 
|  34|0x0000000705000000, 0x00000007051d8e00, 0x0000000705200000| 92%| O|  |TAMS 0x00000007051d8e00, 0x0000000705000000| Untracked 
|  35|0x0000000705200000, 0x0000000705400000, 0x0000000705400000|100%| O|  |TAMS 0x0000000705400000, 0x0000000705200000| Untracked 
|  36|0x0000000705400000, 0x0000000705600000, 0x0000000705600000|100%| O|  |TAMS 0x0000000705600000, 0x0000000705400000| Untracked 
|  37|0x0000000705600000, 0x0000000705800000, 0x0000000705800000|100%| O|  |TAMS 0x0000000705800000, 0x0000000705600000| Untracked 
|  38|0x0000000705800000, 0x0000000705a00000, 0x0000000705a00000|100%|HS|  |TAMS 0x0000000705a00000, 0x0000000705800000| Complete 
|  39|0x0000000705a00000, 0x0000000705c00000, 0x0000000705c00000|100%|HC|  |TAMS 0x0000000705c00000, 0x0000000705a00000| Complete 
|  40|0x0000000705c00000, 0x0000000705e00000, 0x0000000705e00000|100%|HC|  |TAMS 0x0000000705e00000, 0x0000000705c00000| Complete 
|  41|0x0000000705e00000, 0x0000000706000000, 0x0000000706000000|100%|HC|  |TAMS 0x0000000706000000, 0x0000000705e00000| Complete 
|  42|0x0000000706000000, 0x0000000706200000, 0x0000000706200000|100%|HC|  |TAMS 0x0000000706200000, 0x0000000706000000| Complete 
|  43|0x0000000706200000, 0x0000000706400000, 0x0000000706400000|100%|HC|  |TAMS 0x0000000706400000, 0x0000000706200000| Complete 
|  44|0x0000000706400000, 0x0000000706600000, 0x0000000706600000|100%| O|  |TAMS 0x0000000706600000, 0x0000000706400000| Untracked 
|  45|0x0000000706600000, 0x0000000706800000, 0x0000000706800000|100%| O|  |TAMS 0x0000000706800000, 0x0000000706600000| Untracked 
|  46|0x0000000706800000, 0x0000000706a00000, 0x0000000706a00000|100%| O|  |TAMS 0x0000000706a00000, 0x0000000706800000| Untracked 
|  47|0x0000000706a00000, 0x0000000706c00000, 0x0000000706c00000|100%| O|  |TAMS 0x0000000706c00000, 0x0000000706a00000| Untracked 
|  48|0x0000000706c00000, 0x0000000706e00000, 0x0000000706e00000|100%| O|  |TAMS 0x0000000706e00000, 0x0000000706c00000| Untracked 
|  49|0x0000000706e00000, 0x0000000707000000, 0x0000000707000000|100%| O|  |TAMS 0x0000000707000000, 0x0000000706e00000| Untracked 
|  50|0x0000000707000000, 0x0000000707200000, 0x0000000707200000|100%| O|  |TAMS 0x0000000707200000, 0x0000000707000000| Untracked 
|  51|0x0000000707200000, 0x0000000707400000, 0x0000000707400000|100%| O|  |TAMS 0x0000000707400000, 0x0000000707200000| Untracked 
|  52|0x0000000707400000, 0x0000000707600000, 0x0000000707600000|100%| O|  |TAMS 0x0000000707600000, 0x0000000707400000| Untracked 
|  53|0x0000000707600000, 0x0000000707800000, 0x0000000707800000|100%| O|  |TAMS 0x0000000707800000, 0x0000000707600000| Untracked 
|  54|0x0000000707800000, 0x0000000707a00000, 0x0000000707a00000|100%| O|  |TAMS 0x0000000707a00000, 0x0000000707800000| Untracked 
|  55|0x0000000707a00000, 0x0000000707c00000, 0x0000000707c00000|100%| O|  |TAMS 0x0000000707c00000, 0x0000000707a00000| Untracked 
|  56|0x0000000707c00000, 0x0000000707e00000, 0x0000000707e00000|100%| O|  |TAMS 0x0000000707e00000, 0x0000000707c00000| Untracked 
|  57|0x0000000707e00000, 0x0000000708000000, 0x0000000708000000|100%| O|  |TAMS 0x0000000708000000, 0x0000000707e00000| Untracked 
|  58|0x0000000708000000, 0x0000000708200000, 0x0000000708200000|100%| O|  |TAMS 0x0000000708200000, 0x0000000708000000| Untracked 
|  59|0x0000000708200000, 0x0000000708400000, 0x0000000708400000|100%| O|  |TAMS 0x0000000708400000, 0x0000000708200000| Untracked 
|  60|0x0000000708400000, 0x0000000708600000, 0x0000000708600000|100%| O|  |TAMS 0x0000000708600000, 0x0000000708400000| Untracked 
|  61|0x0000000708600000, 0x0000000708800000, 0x0000000708800000|100%| O|  |TAMS 0x0000000708800000, 0x0000000708600000| Untracked 
|  62|0x0000000708800000, 0x0000000708a00000, 0x0000000708a00000|100%| O|  |TAMS 0x0000000708a00000, 0x0000000708800000| Untracked 
|  63|0x0000000708a00000, 0x0000000708c00000, 0x0000000708c00000|100%| O|  |TAMS 0x0000000708c00000, 0x0000000708a00000| Untracked 
|  64|0x0000000708c00000, 0x0000000708e00000, 0x0000000708e00000|100%| O|  |TAMS 0x0000000708e00000, 0x0000000708c00000| Untracked 
|  65|0x0000000708e00000, 0x0000000709000000, 0x0000000709000000|100%| O|  |TAMS 0x0000000709000000, 0x0000000708e00000| Untracked 
|  66|0x0000000709000000, 0x0000000709200000, 0x0000000709200000|100%| O|  |TAMS 0x0000000709200000, 0x0000000709000000| Untracked 
|  67|0x0000000709200000, 0x0000000709400000, 0x0000000709400000|100%| O|  |TAMS 0x0000000709400000, 0x0000000709200000| Untracked 
|  68|0x0000000709400000, 0x0000000709600000, 0x0000000709600000|100%| O|  |TAMS 0x0000000709600000, 0x0000000709400000| Untracked 
|  69|0x0000000709600000, 0x0000000709800000, 0x0000000709800000|100%| O|  |TAMS 0x0000000709800000, 0x0000000709600000| Untracked 
|  70|0x0000000709800000, 0x0000000709a00000, 0x0000000709a00000|100%| O|  |TAMS 0x0000000709a00000, 0x0000000709800000| Untracked 
|  71|0x0000000709a00000, 0x0000000709c00000, 0x0000000709c00000|100%| O|  |TAMS 0x0000000709c00000, 0x0000000709a00000| Untracked 
|  72|0x0000000709c00000, 0x0000000709e00000, 0x0000000709e00000|100%| O|  |TAMS 0x0000000709e00000, 0x0000000709c00000| Untracked 
|  73|0x0000000709e00000, 0x000000070a000000, 0x000000070a000000|100%| O|  |TAMS 0x000000070a000000, 0x0000000709e00000| Untracked 
|  74|0x000000070a000000, 0x000000070a200000, 0x000000070a200000|100%| O|  |TAMS 0x000000070a200000, 0x000000070a000000| Untracked 
|  75|0x000000070a200000, 0x000000070a400000, 0x000000070a400000|100%| O|  |TAMS 0x000000070a400000, 0x000000070a200000| Untracked 
|  76|0x000000070a400000, 0x000000070a600000, 0x000000070a600000|100%| O|  |TAMS 0x000000070a600000, 0x000000070a400000| Untracked 
|  77|0x000000070a600000, 0x000000070a800000, 0x000000070a800000|100%| O|  |TAMS 0x000000070a800000, 0x000000070a600000| Untracked 
|  78|0x000000070a800000, 0x000000070aa00000, 0x000000070aa00000|100%| O|  |TAMS 0x000000070aa00000, 0x000000070a800000| Untracked 
|  79|0x000000070aa00000, 0x000000070ac00000, 0x000000070ac00000|100%| O|  |TAMS 0x000000070ac00000, 0x000000070aa00000| Untracked 
|  80|0x000000070ac00000, 0x000000070ae00000, 0x000000070ae00000|100%| O|  |TAMS 0x000000070ae00000, 0x000000070ac00000| Untracked 
|  81|0x000000070ae00000, 0x000000070b000000, 0x000000070b000000|100%| O|  |TAMS 0x000000070ae00000, 0x000000070ae00000| Untracked 
|  82|0x000000070b000000, 0x000000070b200000, 0x000000070b200000|100%| O|  |TAMS 0x000000070b200000, 0x000000070b000000| Untracked 
|  83|0x000000070b200000, 0x000000070b400000, 0x000000070b400000|100%| O|  |TAMS 0x000000070b400000, 0x000000070b200000| Untracked 
|  84|0x000000070b400000, 0x000000070b600000, 0x000000070b600000|100%| O|  |TAMS 0x000000070b600000, 0x000000070b400000| Untracked 
|  85|0x000000070b600000, 0x000000070b800000, 0x000000070b800000|100%| O|  |TAMS 0x000000070b800000, 0x000000070b600000| Untracked 
|  86|0x000000070b800000, 0x000000070ba00000, 0x000000070ba00000|100%| O|  |TAMS 0x000000070b800000, 0x000000070b800000| Untracked 
|  87|0x000000070ba00000, 0x000000070bc00000, 0x000000070bc00000|100%| O|  |TAMS 0x000000070bc00000, 0x000000070ba00000| Untracked 
|  88|0x000000070bc00000, 0x000000070be00000, 0x000000070be00000|100%| O|  |TAMS 0x000000070be00000, 0x000000070bc00000| Untracked 
|  89|0x000000070be00000, 0x000000070c000000, 0x000000070c000000|100%| O|  |TAMS 0x000000070c000000, 0x000000070be00000| Untracked 
|  90|0x000000070c000000, 0x000000070c200000, 0x000000070c200000|100%| O|  |TAMS 0x000000070c200000, 0x000000070c000000| Untracked 
|  91|0x000000070c200000, 0x000000070c400000, 0x000000070c400000|100%| O|  |TAMS 0x000000070c400000, 0x000000070c200000| Untracked 
|  92|0x000000070c400000, 0x000000070c600000, 0x000000070c600000|100%| O|  |TAMS 0x000000070c600000, 0x000000070c400000| Untracked 
|  93|0x000000070c600000, 0x000000070c800000, 0x000000070c800000|100%| O|  |TAMS 0x000000070c800000, 0x000000070c600000| Untracked 
|  94|0x000000070c800000, 0x000000070ca00000, 0x000000070ca00000|100%| O|  |TAMS 0x000000070ca00000, 0x000000070c800000| Untracked 
|  95|0x000000070ca00000, 0x000000070cc00000, 0x000000070cc00000|100%| O|  |TAMS 0x000000070cc00000, 0x000000070ca00000| Untracked 
|  96|0x000000070cc00000, 0x000000070ce00000, 0x000000070ce00000|100%| O|  |TAMS 0x000000070ce00000, 0x000000070cc00000| Untracked 
|  97|0x000000070ce00000, 0x000000070d000000, 0x000000070d000000|100%| O|  |TAMS 0x000000070d000000, 0x000000070ce00000| Untracked 
|  98|0x000000070d000000, 0x000000070d200000, 0x000000070d200000|100%| O|  |TAMS 0x000000070d200000, 0x000000070d000000| Untracked 
|  99|0x000000070d200000, 0x000000070d400000, 0x000000070d400000|100%| O|  |TAMS 0x000000070d3bae00, 0x000000070d200000| Untracked 
| 100|0x000000070d400000, 0x000000070d600000, 0x000000070d600000|100%| O|  |TAMS 0x000000070d400000, 0x000000070d400000| Untracked 
| 101|0x000000070d600000, 0x000000070d800000, 0x000000070d800000|100%| O|  |TAMS 0x000000070d600000, 0x000000070d600000| Untracked 
| 102|0x000000070d800000, 0x000000070da00000, 0x000000070da00000|100%| O|  |TAMS 0x000000070d800000, 0x000000070d800000| Untracked 
| 103|0x000000070da00000, 0x000000070dc00000, 0x000000070dc00000|100%| O|  |TAMS 0x000000070da00000, 0x000000070da00000| Untracked 
| 104|0x000000070dc00000, 0x000000070de00000, 0x000000070de00000|100%| O|  |TAMS 0x000000070dc00000, 0x000000070dc00000| Untracked 
| 105|0x000000070de00000, 0x000000070e000000, 0x000000070e000000|100%| O|  |TAMS 0x000000070de00000, 0x000000070de00000| Untracked 
| 106|0x000000070e000000, 0x000000070e200000, 0x000000070e200000|100%|HS|  |TAMS 0x000000070e000000, 0x000000070e000000| Complete 
| 107|0x000000070e200000, 0x000000070e400000, 0x000000070e400000|100%|HS|  |TAMS 0x000000070e200000, 0x000000070e200000| Complete 
| 108|0x000000070e400000, 0x000000070e600000, 0x000000070e600000|100%|HS|  |TAMS 0x000000070e400000, 0x000000070e400000| Complete 
| 109|0x000000070e600000, 0x000000070e800000, 0x000000070e800000|100%|HS|  |TAMS 0x000000070e600000, 0x000000070e600000| Complete 
| 110|0x000000070e800000, 0x000000070ea00000, 0x000000070ea00000|100%| O|  |TAMS 0x000000070e800000, 0x000000070e800000| Untracked 
| 111|0x000000070ea00000, 0x000000070ec00000, 0x000000070ec00000|100%| O|  |TAMS 0x000000070ea00000, 0x000000070ea00000| Untracked 
| 112|0x000000070ec00000, 0x000000070ee00000, 0x000000070ee00000|100%| O|  |TAMS 0x000000070ec00000, 0x000000070ec00000| Untracked 
| 113|0x000000070ee00000, 0x000000070f000000, 0x000000070f000000|100%| O|  |TAMS 0x000000070ee00000, 0x000000070ee00000| Untracked 
| 114|0x000000070f000000, 0x000000070f200000, 0x000000070f200000|100%| O|  |TAMS 0x000000070f000000, 0x000000070f000000| Untracked 
| 115|0x000000070f200000, 0x000000070f400000, 0x000000070f400000|100%| O|  |TAMS 0x000000070f200000, 0x000000070f200000| Untracked 
| 116|0x000000070f400000, 0x000000070f600000, 0x000000070f600000|100%| O|  |TAMS 0x000000070f400000, 0x000000070f400000| Untracked 
| 117|0x000000070f600000, 0x000000070f800000, 0x000000070f800000|100%| O|  |TAMS 0x000000070f600000, 0x000000070f600000| Untracked 
| 118|0x000000070f800000, 0x000000070fa00000, 0x000000070fa00000|100%| O|  |TAMS 0x000000070f800000, 0x000000070f800000| Untracked 
| 119|0x000000070fa00000, 0x000000070fc00000, 0x000000070fc00000|100%| O|  |TAMS 0x000000070fa00000, 0x000000070fa00000| Untracked 
| 120|0x000000070fc00000, 0x000000070fe00000, 0x000000070fe00000|100%| O|  |TAMS 0x000000070fc00000, 0x000000070fc00000| Untracked 
| 121|0x000000070fe00000, 0x0000000710000000, 0x0000000710000000|100%| O|  |TAMS 0x000000070fe00000, 0x000000070fe00000| Untracked 
| 122|0x0000000710000000, 0x0000000710200000, 0x0000000710200000|100%| O|  |TAMS 0x0000000710000000, 0x0000000710000000| Untracked 
| 123|0x0000000710200000, 0x0000000710400000, 0x0000000710400000|100%| O|  |TAMS 0x0000000710200000, 0x0000000710200000| Untracked 
| 124|0x0000000710400000, 0x0000000710600000, 0x0000000710600000|100%| O|  |TAMS 0x0000000710400000, 0x0000000710400000| Untracked 
| 125|0x0000000710600000, 0x0000000710800000, 0x0000000710800000|100%| O|  |TAMS 0x0000000710600000, 0x0000000710600000| Untracked 
| 126|0x0000000710800000, 0x0000000710a00000, 0x0000000710a00000|100%| O|  |TAMS 0x0000000710800000, 0x0000000710800000| Untracked 
| 127|0x0000000710a00000, 0x0000000710c00000, 0x0000000710c00000|100%| O|  |TAMS 0x0000000710a00000, 0x0000000710a00000| Untracked 
| 128|0x0000000710c00000, 0x0000000710e00000, 0x0000000710e00000|100%| O|  |TAMS 0x0000000710c00000, 0x0000000710c00000| Untracked 
| 129|0x0000000710e00000, 0x0000000711000000, 0x0000000711000000|100%| O|  |TAMS 0x0000000710e00000, 0x0000000710e00000| Untracked 
| 130|0x0000000711000000, 0x0000000711200000, 0x0000000711200000|100%| O|  |TAMS 0x0000000711000000, 0x0000000711000000| Untracked 
| 131|0x0000000711200000, 0x0000000711400000, 0x0000000711400000|100%| O|  |TAMS 0x0000000711200000, 0x0000000711200000| Untracked 
| 132|0x0000000711400000, 0x0000000711600000, 0x0000000711600000|100%| O|  |TAMS 0x0000000711400000, 0x0000000711400000| Untracked 
| 133|0x0000000711600000, 0x0000000711800000, 0x0000000711800000|100%| O|  |TAMS 0x0000000711600000, 0x0000000711600000| Untracked 
| 134|0x0000000711800000, 0x0000000711a00000, 0x0000000711a00000|100%| O|  |TAMS 0x0000000711800000, 0x0000000711800000| Untracked 
| 135|0x0000000711a00000, 0x0000000711c00000, 0x0000000711c00000|100%| O|  |TAMS 0x0000000711a00000, 0x0000000711a00000| Untracked 
| 136|0x0000000711c00000, 0x0000000711e00000, 0x0000000711e00000|100%| O|  |TAMS 0x0000000711c00000, 0x0000000711c00000| Untracked 
| 137|0x0000000711e00000, 0x0000000712000000, 0x0000000712000000|100%| O|  |TAMS 0x0000000711e00000, 0x0000000711e00000| Untracked 
| 138|0x0000000712000000, 0x0000000712200000, 0x0000000712200000|100%| O|  |TAMS 0x0000000712000000, 0x0000000712000000| Untracked 
| 139|0x0000000712200000, 0x0000000712400000, 0x0000000712400000|100%| O|  |TAMS 0x0000000712200000, 0x0000000712200000| Untracked 
| 140|0x0000000712400000, 0x0000000712600000, 0x0000000712600000|100%| O|  |TAMS 0x0000000712400000, 0x0000000712400000| Untracked 
| 141|0x0000000712600000, 0x0000000712800000, 0x0000000712800000|100%| O|  |TAMS 0x0000000712600000, 0x0000000712600000| Untracked 
| 142|0x0000000712800000, 0x0000000712a00000, 0x0000000712a00000|100%| O|  |TAMS 0x0000000712800000, 0x0000000712800000| Untracked 
| 143|0x0000000712a00000, 0x0000000712c00000, 0x0000000712c00000|100%| O|  |TAMS 0x0000000712a00000, 0x0000000712a00000| Untracked 
| 144|0x0000000712c00000, 0x0000000712e00000, 0x0000000712e00000|100%| O|  |TAMS 0x0000000712c00000, 0x0000000712c00000| Untracked 
| 145|0x0000000712e00000, 0x0000000713000000, 0x0000000713000000|100%| O|  |TAMS 0x0000000712e00000, 0x0000000712e00000| Untracked 
| 146|0x0000000713000000, 0x0000000713200000, 0x0000000713200000|100%| O|  |TAMS 0x0000000713000000, 0x0000000713000000| Untracked 
| 147|0x0000000713200000, 0x0000000713400000, 0x0000000713400000|100%| O|  |TAMS 0x0000000713200000, 0x0000000713200000| Untracked 
| 148|0x0000000713400000, 0x0000000713600000, 0x0000000713600000|100%| O|  |TAMS 0x0000000713400000, 0x0000000713400000| Untracked 
| 149|0x0000000713600000, 0x0000000713800000, 0x0000000713800000|100%| O|  |TAMS 0x0000000713600000, 0x0000000713600000| Untracked 
| 150|0x0000000713800000, 0x0000000713a00000, 0x0000000713a00000|100%| O|  |TAMS 0x0000000713800000, 0x0000000713800000| Untracked 
| 151|0x0000000713a00000, 0x0000000713c00000, 0x0000000713c00000|100%| O|  |TAMS 0x0000000713a00000, 0x0000000713a00000| Untracked 
| 152|0x0000000713c00000, 0x0000000713e00000, 0x0000000713e00000|100%| O|  |TAMS 0x0000000713c00000, 0x0000000713c00000| Untracked 
| 153|0x0000000713e00000, 0x0000000714000000, 0x0000000714000000|100%| O|  |TAMS 0x0000000713e00000, 0x0000000713e00000| Untracked 
| 154|0x0000000714000000, 0x0000000714200000, 0x0000000714200000|100%| O|  |TAMS 0x0000000714000000, 0x0000000714000000| Untracked 
| 155|0x0000000714200000, 0x0000000714400000, 0x0000000714400000|100%| O|  |TAMS 0x0000000714200000, 0x0000000714200000| Untracked 
| 156|0x0000000714400000, 0x0000000714600000, 0x0000000714600000|100%| O|  |TAMS 0x0000000714400000, 0x0000000714400000| Untracked 
| 157|0x0000000714600000, 0x0000000714800000, 0x0000000714800000|100%| O|  |TAMS 0x0000000714600000, 0x0000000714600000| Untracked 
| 158|0x0000000714800000, 0x0000000714a00000, 0x0000000714a00000|100%| O|  |TAMS 0x0000000714800000, 0x0000000714800000| Untracked 
| 159|0x0000000714a00000, 0x0000000714c00000, 0x0000000714c00000|100%| O|  |TAMS 0x0000000714a00000, 0x0000000714a00000| Untracked 
| 160|0x0000000714c00000, 0x0000000714e00000, 0x0000000714e00000|100%| O|  |TAMS 0x0000000714c00000, 0x0000000714c00000| Untracked 
| 161|0x0000000714e00000, 0x0000000715000000, 0x0000000715000000|100%| O|  |TAMS 0x0000000714e00000, 0x0000000714e00000| Untracked 
| 162|0x0000000715000000, 0x0000000715200000, 0x0000000715200000|100%| O|  |TAMS 0x0000000715000000, 0x0000000715000000| Untracked 
| 163|0x0000000715200000, 0x0000000715400000, 0x0000000715400000|100%| O|  |TAMS 0x0000000715200000, 0x0000000715200000| Untracked 
| 164|0x0000000715400000, 0x0000000715600000, 0x0000000715600000|100%| O|  |TAMS 0x0000000715400000, 0x0000000715400000| Untracked 
| 165|0x0000000715600000, 0x0000000715800000, 0x0000000715800000|100%| O|  |TAMS 0x0000000715600000, 0x0000000715600000| Untracked 
| 166|0x0000000715800000, 0x0000000715a00000, 0x0000000715a00000|100%| O|  |TAMS 0x0000000715800000, 0x0000000715800000| Untracked 
| 167|0x0000000715a00000, 0x0000000715c00000, 0x0000000715c00000|100%| O|  |TAMS 0x0000000715a00000, 0x0000000715a00000| Untracked 
| 168|0x0000000715c00000, 0x0000000715e00000, 0x0000000715e00000|100%| O|  |TAMS 0x0000000715c00000, 0x0000000715c00000| Untracked 
| 169|0x0000000715e00000, 0x0000000716000000, 0x0000000716000000|100%| O|  |TAMS 0x0000000715e00000, 0x0000000715e00000| Untracked 
| 170|0x0000000716000000, 0x0000000716200000, 0x0000000716200000|100%| O|  |TAMS 0x0000000716000000, 0x0000000716000000| Untracked 
| 171|0x0000000716200000, 0x0000000716400000, 0x0000000716400000|100%| O|  |TAMS 0x0000000716200000, 0x0000000716200000| Untracked 
| 172|0x0000000716400000, 0x0000000716600000, 0x0000000716600000|100%| O|  |TAMS 0x0000000716400000, 0x0000000716400000| Untracked 
| 173|0x0000000716600000, 0x0000000716800000, 0x0000000716800000|100%| O|  |TAMS 0x0000000716600000, 0x0000000716600000| Untracked 
| 174|0x0000000716800000, 0x0000000716a00000, 0x0000000716a00000|100%| O|  |TAMS 0x0000000716800000, 0x0000000716800000| Untracked 
| 175|0x0000000716a00000, 0x0000000716c00000, 0x0000000716c00000|100%| O|  |TAMS 0x0000000716a00000, 0x0000000716a00000| Untracked 
| 176|0x0000000716c00000, 0x0000000716e00000, 0x0000000716e00000|100%| O|  |TAMS 0x0000000716c00000, 0x0000000716c00000| Untracked 
| 177|0x0000000716e00000, 0x0000000717000000, 0x0000000717000000|100%| O|  |TAMS 0x0000000716e00000, 0x0000000716e00000| Untracked 
| 178|0x0000000717000000, 0x0000000717200000, 0x0000000717200000|100%| O|  |TAMS 0x0000000717000000, 0x0000000717000000| Untracked 
| 179|0x0000000717200000, 0x0000000717400000, 0x0000000717400000|100%| O|  |TAMS 0x0000000717200000, 0x0000000717200000| Untracked 
| 180|0x0000000717400000, 0x0000000717600000, 0x0000000717600000|100%| O|  |TAMS 0x0000000717400000, 0x0000000717400000| Untracked 
| 181|0x0000000717600000, 0x0000000717800000, 0x0000000717800000|100%| O|  |TAMS 0x0000000717600000, 0x0000000717600000| Untracked 
| 182|0x0000000717800000, 0x0000000717a00000, 0x0000000717a00000|100%| O|  |TAMS 0x0000000717800000, 0x0000000717800000| Untracked 
| 183|0x0000000717a00000, 0x0000000717c00000, 0x0000000717c00000|100%| O|  |TAMS 0x0000000717a00000, 0x0000000717a00000| Untracked 
| 184|0x0000000717c00000, 0x0000000717e00000, 0x0000000717e00000|100%| O|  |TAMS 0x0000000717c00000, 0x0000000717c00000| Untracked 
| 185|0x0000000717e00000, 0x0000000718000000, 0x0000000718000000|100%| O|  |TAMS 0x0000000717e00000, 0x0000000717e00000| Untracked 
| 186|0x0000000718000000, 0x0000000718200000, 0x0000000718200000|100%| O|  |TAMS 0x0000000718000000, 0x0000000718000000| Untracked 
| 187|0x0000000718200000, 0x0000000718400000, 0x0000000718400000|100%| O|  |TAMS 0x0000000718200000, 0x0000000718200000| Untracked 
| 188|0x0000000718400000, 0x0000000718600000, 0x0000000718600000|100%| O|  |TAMS 0x0000000718400000, 0x0000000718400000| Untracked 
| 189|0x0000000718600000, 0x0000000718800000, 0x0000000718800000|100%| O|  |TAMS 0x0000000718600000, 0x0000000718600000| Untracked 
| 190|0x0000000718800000, 0x0000000718a00000, 0x0000000718a00000|100%| O|  |TAMS 0x0000000718800000, 0x0000000718800000| Untracked 
| 191|0x0000000718a00000, 0x0000000718c00000, 0x0000000718c00000|100%| O|  |TAMS 0x0000000718a00000, 0x0000000718a00000| Untracked 
| 192|0x0000000718c00000, 0x0000000718e00000, 0x0000000718e00000|100%| O|  |TAMS 0x0000000718c00000, 0x0000000718c00000| Untracked 
| 193|0x0000000718e00000, 0x0000000719000000, 0x0000000719000000|100%| O|  |TAMS 0x0000000718e00000, 0x0000000718e00000| Untracked 
| 194|0x0000000719000000, 0x0000000719200000, 0x0000000719200000|100%| O|  |TAMS 0x0000000719000000, 0x0000000719000000| Untracked 
| 195|0x0000000719200000, 0x0000000719400000, 0x0000000719400000|100%| O|  |TAMS 0x0000000719200000, 0x0000000719200000| Untracked 
| 196|0x0000000719400000, 0x0000000719600000, 0x0000000719600000|100%| O|  |TAMS 0x0000000719400000, 0x0000000719400000| Untracked 
| 197|0x0000000719600000, 0x0000000719800000, 0x0000000719800000|100%| O|  |TAMS 0x0000000719600000, 0x0000000719600000| Untracked 
| 198|0x0000000719800000, 0x0000000719a00000, 0x0000000719a00000|100%| O|  |TAMS 0x0000000719800000, 0x0000000719800000| Untracked 
| 199|0x0000000719a00000, 0x0000000719c00000, 0x0000000719c00000|100%| O|  |TAMS 0x0000000719a00000, 0x0000000719a00000| Untracked 
| 200|0x0000000719c00000, 0x0000000719e00000, 0x0000000719e00000|100%| O|  |TAMS 0x0000000719c00000, 0x0000000719c00000| Untracked 
| 201|0x0000000719e00000, 0x000000071a000000, 0x000000071a000000|100%| O|  |TAMS 0x0000000719e00000, 0x0000000719e00000| Untracked 
| 202|0x000000071a000000, 0x000000071a200000, 0x000000071a200000|100%| O|  |TAMS 0x000000071a000000, 0x000000071a000000| Untracked 
| 203|0x000000071a200000, 0x000000071a400000, 0x000000071a400000|100%| O|  |TAMS 0x000000071a200000, 0x000000071a200000| Untracked 
| 204|0x000000071a400000, 0x000000071a600000, 0x000000071a600000|100%| O|  |TAMS 0x000000071a400000, 0x000000071a400000| Untracked 
| 205|0x000000071a600000, 0x000000071a800000, 0x000000071a800000|100%| O|  |TAMS 0x000000071a600000, 0x000000071a600000| Untracked 
| 206|0x000000071a800000, 0x000000071aa00000, 0x000000071aa00000|100%| O|  |TAMS 0x000000071a800000, 0x000000071a800000| Untracked 
| 207|0x000000071aa00000, 0x000000071ac00000, 0x000000071ac00000|100%| O|  |TAMS 0x000000071aa00000, 0x000000071aa00000| Untracked 
| 208|0x000000071ac00000, 0x000000071ae00000, 0x000000071ae00000|100%| O|  |TAMS 0x000000071ac00000, 0x000000071ac00000| Untracked 
| 209|0x000000071ae00000, 0x000000071b000000, 0x000000071b000000|100%| O|  |TAMS 0x000000071ae00000, 0x000000071ae00000| Untracked 
| 210|0x000000071b000000, 0x000000071b200000, 0x000000071b200000|100%| O|  |TAMS 0x000000071b000000, 0x000000071b000000| Untracked 
| 211|0x000000071b200000, 0x000000071b400000, 0x000000071b400000|100%| O|  |TAMS 0x000000071b200000, 0x000000071b200000| Untracked 
| 212|0x000000071b400000, 0x000000071b600000, 0x000000071b600000|100%| O|  |TAMS 0x000000071b400000, 0x000000071b400000| Untracked 
| 213|0x000000071b600000, 0x000000071b800000, 0x000000071b800000|100%| O|  |TAMS 0x000000071b600000, 0x000000071b600000| Untracked 
| 214|0x000000071b800000, 0x000000071ba00000, 0x000000071ba00000|100%| O|  |TAMS 0x000000071b800000, 0x000000071b800000| Untracked 
| 215|0x000000071ba00000, 0x000000071bc00000, 0x000000071bc00000|100%| O|  |TAMS 0x000000071ba00000, 0x000000071ba00000| Untracked 
| 216|0x000000071bc00000, 0x000000071be00000, 0x000000071be00000|100%| O|  |TAMS 0x000000071bc00000, 0x000000071bc00000| Untracked 
| 217|0x000000071be00000, 0x000000071c000000, 0x000000071c000000|100%| O|  |TAMS 0x000000071be00000, 0x000000071be00000| Untracked 
| 218|0x000000071c000000, 0x000000071c200000, 0x000000071c200000|100%| O|  |TAMS 0x000000071c000000, 0x000000071c000000| Untracked 
| 219|0x000000071c200000, 0x000000071c400000, 0x000000071c400000|100%| O|  |TAMS 0x000000071c200000, 0x000000071c200000| Untracked 
| 220|0x000000071c400000, 0x000000071c600000, 0x000000071c600000|100%| O|  |TAMS 0x000000071c400000, 0x000000071c400000| Untracked 
| 221|0x000000071c600000, 0x000000071c800000, 0x000000071c800000|100%| O|  |TAMS 0x000000071c600000, 0x000000071c600000| Untracked 
| 222|0x000000071c800000, 0x000000071ca00000, 0x000000071ca00000|100%| O|  |TAMS 0x000000071c800000, 0x000000071c800000| Untracked 
| 223|0x000000071ca00000, 0x000000071cc00000, 0x000000071cc00000|100%| O|  |TAMS 0x000000071ca00000, 0x000000071ca00000| Untracked 
| 224|0x000000071cc00000, 0x000000071ce00000, 0x000000071ce00000|100%| O|  |TAMS 0x000000071cc00000, 0x000000071cc00000| Untracked 
| 225|0x000000071ce00000, 0x000000071d000000, 0x000000071d000000|100%| O|  |TAMS 0x000000071ce00000, 0x000000071ce00000| Untracked 
| 226|0x000000071d000000, 0x000000071d200000, 0x000000071d200000|100%| O|  |TAMS 0x000000071d000000, 0x000000071d000000| Untracked 
| 227|0x000000071d200000, 0x000000071d400000, 0x000000071d400000|100%| O|  |TAMS 0x000000071d200000, 0x000000071d200000| Untracked 
| 228|0x000000071d400000, 0x000000071d600000, 0x000000071d600000|100%| O|  |TAMS 0x000000071d400000, 0x000000071d400000| Untracked 
| 229|0x000000071d600000, 0x000000071d800000, 0x000000071d800000|100%| O|  |TAMS 0x000000071d600000, 0x000000071d600000| Untracked 
| 230|0x000000071d800000, 0x000000071da00000, 0x000000071da00000|100%| O|  |TAMS 0x000000071d800000, 0x000000071d800000| Untracked 
| 231|0x000000071da00000, 0x000000071dc00000, 0x000000071dc00000|100%| O|  |TAMS 0x000000071da00000, 0x000000071da00000| Untracked 
| 232|0x000000071dc00000, 0x000000071de00000, 0x000000071de00000|100%| O|  |TAMS 0x000000071dc00000, 0x000000071dc00000| Untracked 
| 233|0x000000071de00000, 0x000000071e000000, 0x000000071e000000|100%| O|  |TAMS 0x000000071de00000, 0x000000071de00000| Untracked 
| 234|0x000000071e000000, 0x000000071e200000, 0x000000071e200000|100%| O|  |TAMS 0x000000071e000000, 0x000000071e000000| Untracked 
| 235|0x000000071e200000, 0x000000071e400000, 0x000000071e400000|100%| O|  |TAMS 0x000000071e200000, 0x000000071e200000| Untracked 
| 236|0x000000071e400000, 0x000000071e600000, 0x000000071e600000|100%| O|  |TAMS 0x000000071e400000, 0x000000071e400000| Untracked 
| 237|0x000000071e600000, 0x000000071e800000, 0x000000071e800000|100%| O|  |TAMS 0x000000071e600000, 0x000000071e600000| Untracked 
| 238|0x000000071e800000, 0x000000071ea00000, 0x000000071ea00000|100%| O|  |TAMS 0x000000071e800000, 0x000000071e800000| Untracked 
| 239|0x000000071ea00000, 0x000000071ec00000, 0x000000071ec00000|100%| O|  |TAMS 0x000000071ea00000, 0x000000071ea00000| Untracked 
| 240|0x000000071ec00000, 0x000000071ee00000, 0x000000071ee00000|100%| O|  |TAMS 0x000000071ec00000, 0x000000071ec00000| Untracked 
| 241|0x000000071ee00000, 0x000000071f000000, 0x000000071f000000|100%| O|  |TAMS 0x000000071ee00000, 0x000000071ee00000| Untracked 
| 242|0x000000071f000000, 0x000000071f200000, 0x000000071f200000|100%| O|  |TAMS 0x000000071f000000, 0x000000071f000000| Untracked 
| 243|0x000000071f200000, 0x000000071f400000, 0x000000071f400000|100%| O|  |TAMS 0x000000071f200000, 0x000000071f200000| Untracked 
| 244|0x000000071f400000, 0x000000071f600000, 0x000000071f600000|100%| O|  |TAMS 0x000000071f400000, 0x000000071f400000| Untracked 
| 245|0x000000071f600000, 0x000000071f800000, 0x000000071f800000|100%| O|  |TAMS 0x000000071f600000, 0x000000071f600000| Untracked 
| 246|0x000000071f800000, 0x000000071fa00000, 0x000000071fa00000|100%| O|  |TAMS 0x000000071f800000, 0x000000071f800000| Untracked 
| 247|0x000000071fa00000, 0x000000071fc00000, 0x000000071fc00000|100%| O|  |TAMS 0x000000071fa00000, 0x000000071fa00000| Untracked 
| 248|0x000000071fc00000, 0x000000071fe00000, 0x000000071fe00000|100%| O|  |TAMS 0x000000071fc00000, 0x000000071fc00000| Untracked 
| 249|0x000000071fe00000, 0x0000000720000000, 0x0000000720000000|100%| O|  |TAMS 0x000000071fe00000, 0x000000071fe00000| Untracked 
| 250|0x0000000720000000, 0x0000000720200000, 0x0000000720200000|100%| O|  |TAMS 0x0000000720000000, 0x0000000720000000| Untracked 
| 251|0x0000000720200000, 0x0000000720400000, 0x0000000720400000|100%| O|  |TAMS 0x0000000720200000, 0x0000000720200000| Untracked 
| 252|0x0000000720400000, 0x0000000720600000, 0x0000000720600000|100%| O|  |TAMS 0x0000000720400000, 0x0000000720400000| Untracked 
| 253|0x0000000720600000, 0x0000000720800000, 0x0000000720800000|100%| O|  |TAMS 0x0000000720600000, 0x0000000720600000| Untracked 
| 254|0x0000000720800000, 0x0000000720a00000, 0x0000000720a00000|100%| O|  |TAMS 0x0000000720800000, 0x0000000720800000| Untracked 
| 255|0x0000000720a00000, 0x0000000720c00000, 0x0000000720c00000|100%| O|  |TAMS 0x0000000720a00000, 0x0000000720a00000| Untracked 
| 256|0x0000000720c00000, 0x0000000720e00000, 0x0000000720e00000|100%| O|  |TAMS 0x0000000720c00000, 0x0000000720c00000| Untracked 
| 257|0x0000000720e00000, 0x0000000721000000, 0x0000000721000000|100%| O|  |TAMS 0x0000000720e00000, 0x0000000720e00000| Untracked 
| 258|0x0000000721000000, 0x0000000721200000, 0x0000000721200000|100%| O|  |TAMS 0x0000000721000000, 0x0000000721000000| Untracked 
| 259|0x0000000721200000, 0x0000000721400000, 0x0000000721400000|100%| O|  |TAMS 0x0000000721200000, 0x0000000721200000| Untracked 
| 260|0x0000000721400000, 0x0000000721600000, 0x0000000721600000|100%| O|  |TAMS 0x0000000721400000, 0x0000000721400000| Untracked 
| 261|0x0000000721600000, 0x0000000721800000, 0x0000000721800000|100%| O|  |TAMS 0x0000000721600000, 0x0000000721600000| Untracked 
| 262|0x0000000721800000, 0x0000000721a00000, 0x0000000721a00000|100%| O|  |TAMS 0x0000000721800000, 0x0000000721800000| Untracked 
| 263|0x0000000721a00000, 0x0000000721c00000, 0x0000000721c00000|100%| O|  |TAMS 0x0000000721a00000, 0x0000000721a00000| Untracked 
| 264|0x0000000721c00000, 0x0000000721e00000, 0x0000000721e00000|100%| O|  |TAMS 0x0000000721c00000, 0x0000000721c00000| Untracked 
| 265|0x0000000721e00000, 0x0000000722000000, 0x0000000722000000|100%| O|  |TAMS 0x0000000721e00000, 0x0000000721e00000| Untracked 
| 266|0x0000000722000000, 0x0000000722200000, 0x0000000722200000|100%| O|  |TAMS 0x0000000722000000, 0x0000000722000000| Untracked 
| 267|0x0000000722200000, 0x0000000722400000, 0x0000000722400000|100%| O|  |TAMS 0x0000000722200000, 0x0000000722200000| Untracked 
| 268|0x0000000722400000, 0x0000000722600000, 0x0000000722600000|100%| O|  |TAMS 0x0000000722400000, 0x0000000722400000| Untracked 
| 269|0x0000000722600000, 0x0000000722800000, 0x0000000722800000|100%| O|  |TAMS 0x0000000722600000, 0x0000000722600000| Untracked 
| 270|0x0000000722800000, 0x0000000722a00000, 0x0000000722a00000|100%| O|  |TAMS 0x0000000722800000, 0x0000000722800000| Untracked 
| 271|0x0000000722a00000, 0x0000000722c00000, 0x0000000722c00000|100%| O|  |TAMS 0x0000000722a00000, 0x0000000722a00000| Untracked 
| 272|0x0000000722c00000, 0x0000000722e00000, 0x0000000722e00000|100%| O|  |TAMS 0x0000000722c00000, 0x0000000722c00000| Untracked 
| 273|0x0000000722e00000, 0x0000000723000000, 0x0000000723000000|100%| O|  |TAMS 0x0000000722e00000, 0x0000000722e00000| Untracked 
| 274|0x0000000723000000, 0x0000000723200000, 0x0000000723200000|100%| O|  |TAMS 0x0000000723000000, 0x0000000723000000| Untracked 
| 275|0x0000000723200000, 0x0000000723400000, 0x0000000723400000|100%| O|  |TAMS 0x0000000723200000, 0x0000000723200000| Untracked 
| 276|0x0000000723400000, 0x0000000723600000, 0x0000000723600000|100%| O|  |TAMS 0x0000000723400000, 0x0000000723400000| Untracked 
| 277|0x0000000723600000, 0x0000000723800000, 0x0000000723800000|100%| O|  |TAMS 0x0000000723600000, 0x0000000723600000| Untracked 
| 278|0x0000000723800000, 0x0000000723a00000, 0x0000000723a00000|100%| O|  |TAMS 0x0000000723800000, 0x0000000723800000| Untracked 
| 279|0x0000000723a00000, 0x0000000723c00000, 0x0000000723c00000|100%| O|  |TAMS 0x0000000723a00000, 0x0000000723a00000| Untracked 
| 280|0x0000000723c00000, 0x0000000723e00000, 0x0000000723e00000|100%| O|  |TAMS 0x0000000723c00000, 0x0000000723c00000| Untracked 
| 281|0x0000000723e00000, 0x0000000724000000, 0x0000000724000000|100%| O|  |TAMS 0x0000000723e00000, 0x0000000723e00000| Untracked 
| 282|0x0000000724000000, 0x0000000724200000, 0x0000000724200000|100%| O|  |TAMS 0x0000000724000000, 0x0000000724000000| Untracked 
| 283|0x0000000724200000, 0x0000000724400000, 0x0000000724400000|100%| O|  |TAMS 0x0000000724200000, 0x0000000724200000| Untracked 
| 284|0x0000000724400000, 0x0000000724600000, 0x0000000724600000|100%| O|  |TAMS 0x0000000724400000, 0x0000000724400000| Untracked 
| 285|0x0000000724600000, 0x0000000724800000, 0x0000000724800000|100%| O|  |TAMS 0x0000000724600000, 0x0000000724600000| Untracked 
| 286|0x0000000724800000, 0x0000000724a00000, 0x0000000724a00000|100%| O|  |TAMS 0x0000000724800000, 0x0000000724800000| Untracked 
| 287|0x0000000724a00000, 0x0000000724c00000, 0x0000000724c00000|100%| O|  |TAMS 0x0000000724a00000, 0x0000000724a00000| Untracked 
| 288|0x0000000724c00000, 0x0000000724e00000, 0x0000000724e00000|100%| O|  |TAMS 0x0000000724c00000, 0x0000000724c00000| Untracked 
| 289|0x0000000724e00000, 0x0000000725000000, 0x0000000725000000|100%| O|  |TAMS 0x0000000724e00000, 0x0000000724e00000| Untracked 
| 290|0x0000000725000000, 0x0000000725200000, 0x0000000725200000|100%| O|  |TAMS 0x0000000725000000, 0x0000000725000000| Untracked 
| 291|0x0000000725200000, 0x0000000725400000, 0x0000000725400000|100%| O|  |TAMS 0x0000000725200000, 0x0000000725200000| Untracked 
| 292|0x0000000725400000, 0x0000000725600000, 0x0000000725600000|100%| O|  |TAMS 0x0000000725400000, 0x0000000725400000| Untracked 
| 293|0x0000000725600000, 0x0000000725800000, 0x0000000725800000|100%| O|  |TAMS 0x0000000725600000, 0x0000000725600000| Untracked 
| 294|0x0000000725800000, 0x0000000725a00000, 0x0000000725a00000|100%| O|  |TAMS 0x0000000725800000, 0x0000000725800000| Untracked 
| 295|0x0000000725a00000, 0x0000000725c00000, 0x0000000725c00000|100%| O|  |TAMS 0x0000000725a00000, 0x0000000725a00000| Untracked 
| 296|0x0000000725c00000, 0x0000000725e00000, 0x0000000725e00000|100%| O|  |TAMS 0x0000000725c00000, 0x0000000725c00000| Untracked 
| 297|0x0000000725e00000, 0x0000000726000000, 0x0000000726000000|100%| O|  |TAMS 0x0000000725e00000, 0x0000000725e00000| Untracked 
| 298|0x0000000726000000, 0x0000000726200000, 0x0000000726200000|100%| O|  |TAMS 0x0000000726000000, 0x0000000726000000| Untracked 
| 299|0x0000000726200000, 0x0000000726400000, 0x0000000726400000|100%| O|  |TAMS 0x0000000726200000, 0x0000000726200000| Untracked 
| 300|0x0000000726400000, 0x0000000726600000, 0x0000000726600000|100%| O|  |TAMS 0x0000000726400000, 0x0000000726400000| Untracked 
| 301|0x0000000726600000, 0x0000000726800000, 0x0000000726800000|100%| O|  |TAMS 0x0000000726600000, 0x0000000726600000| Untracked 
| 302|0x0000000726800000, 0x0000000726a00000, 0x0000000726a00000|100%| O|  |TAMS 0x0000000726800000, 0x0000000726800000| Untracked 
| 303|0x0000000726a00000, 0x0000000726c00000, 0x0000000726c00000|100%| O|  |TAMS 0x0000000726a00000, 0x0000000726a00000| Untracked 
| 304|0x0000000726c00000, 0x0000000726e00000, 0x0000000726e00000|100%| O|  |TAMS 0x0000000726c00000, 0x0000000726c00000| Untracked 
| 305|0x0000000726e00000, 0x0000000727000000, 0x0000000727000000|100%| O|  |TAMS 0x0000000726e00000, 0x0000000726e00000| Untracked 
| 306|0x0000000727000000, 0x0000000727200000, 0x0000000727200000|100%| O|  |TAMS 0x0000000727000000, 0x0000000727000000| Untracked 
| 307|0x0000000727200000, 0x0000000727400000, 0x0000000727400000|100%| O|  |TAMS 0x0000000727200000, 0x0000000727200000| Untracked 
| 308|0x0000000727400000, 0x0000000727600000, 0x0000000727600000|100%| O|  |TAMS 0x0000000727400000, 0x0000000727400000| Untracked 
| 309|0x0000000727600000, 0x0000000727800000, 0x0000000727800000|100%| O|  |TAMS 0x0000000727600000, 0x0000000727600000| Untracked 
| 310|0x0000000727800000, 0x0000000727a00000, 0x0000000727a00000|100%| O|  |TAMS 0x0000000727800000, 0x0000000727800000| Untracked 
| 311|0x0000000727a00000, 0x0000000727c00000, 0x0000000727c00000|100%| O|  |TAMS 0x0000000727a00000, 0x0000000727a00000| Untracked 
| 312|0x0000000727c00000, 0x0000000727e00000, 0x0000000727e00000|100%| O|  |TAMS 0x0000000727c00000, 0x0000000727c00000| Untracked 
| 313|0x0000000727e00000, 0x0000000728000000, 0x0000000728000000|100%| O|  |TAMS 0x0000000727e00000, 0x0000000727e00000| Untracked 
| 314|0x0000000728000000, 0x0000000728200000, 0x0000000728200000|100%| O|  |TAMS 0x0000000728000000, 0x0000000728000000| Untracked 
| 315|0x0000000728200000, 0x0000000728400000, 0x0000000728400000|100%| O|  |TAMS 0x0000000728200000, 0x0000000728200000| Untracked 
| 316|0x0000000728400000, 0x0000000728600000, 0x0000000728600000|100%| O|  |TAMS 0x0000000728400000, 0x0000000728400000| Untracked 
| 317|0x0000000728600000, 0x0000000728800000, 0x0000000728800000|100%| O|  |TAMS 0x0000000728600000, 0x0000000728600000| Untracked 
| 318|0x0000000728800000, 0x0000000728a00000, 0x0000000728a00000|100%| O|  |TAMS 0x0000000728800000, 0x0000000728800000| Untracked 
| 319|0x0000000728a00000, 0x0000000728c00000, 0x0000000728c00000|100%| O|  |TAMS 0x0000000728a00000, 0x0000000728a00000| Untracked 
| 320|0x0000000728c00000, 0x0000000728e00000, 0x0000000728e00000|100%| O|  |TAMS 0x0000000728c00000, 0x0000000728c00000| Untracked 
| 321|0x0000000728e00000, 0x0000000729000000, 0x0000000729000000|100%| O|  |TAMS 0x0000000728e00000, 0x0000000728e00000| Untracked 
| 322|0x0000000729000000, 0x0000000729200000, 0x0000000729200000|100%| O|  |TAMS 0x0000000729000000, 0x0000000729000000| Untracked 
| 323|0x0000000729200000, 0x0000000729400000, 0x0000000729400000|100%| O|  |TAMS 0x0000000729200000, 0x0000000729200000| Untracked 
| 324|0x0000000729400000, 0x0000000729600000, 0x0000000729600000|100%| O|  |TAMS 0x0000000729400000, 0x0000000729400000| Untracked 
| 325|0x0000000729600000, 0x0000000729800000, 0x0000000729800000|100%| O|  |TAMS 0x0000000729600000, 0x0000000729600000| Untracked 
| 326|0x0000000729800000, 0x0000000729a00000, 0x0000000729a00000|100%| O|  |TAMS 0x0000000729800000, 0x0000000729800000| Untracked 
| 327|0x0000000729a00000, 0x0000000729c00000, 0x0000000729c00000|100%| O|  |TAMS 0x0000000729a00000, 0x0000000729a00000| Untracked 
| 328|0x0000000729c00000, 0x0000000729e00000, 0x0000000729e00000|100%| O|  |TAMS 0x0000000729c00000, 0x0000000729c00000| Untracked 
| 329|0x0000000729e00000, 0x000000072a000000, 0x000000072a000000|100%| O|  |TAMS 0x0000000729e00000, 0x0000000729e00000| Untracked 
| 330|0x000000072a000000, 0x000000072a200000, 0x000000072a200000|100%| O|  |TAMS 0x000000072a000000, 0x000000072a000000| Untracked 
| 331|0x000000072a200000, 0x000000072a400000, 0x000000072a400000|100%| O|  |TAMS 0x000000072a200000, 0x000000072a200000| Untracked 
| 332|0x000000072a400000, 0x000000072a600000, 0x000000072a600000|100%| O|  |TAMS 0x000000072a400000, 0x000000072a400000| Untracked 
| 333|0x000000072a600000, 0x000000072a800000, 0x000000072a800000|100%| O|  |TAMS 0x000000072a600000, 0x000000072a600000| Untracked 
| 334|0x000000072a800000, 0x000000072aa00000, 0x000000072aa00000|100%| O|  |TAMS 0x000000072a800000, 0x000000072a800000| Untracked 
| 335|0x000000072aa00000, 0x000000072ac00000, 0x000000072ac00000|100%| O|  |TAMS 0x000000072aa00000, 0x000000072aa00000| Untracked 
| 336|0x000000072ac00000, 0x000000072ae00000, 0x000000072ae00000|100%| O|  |TAMS 0x000000072ac00000, 0x000000072ac00000| Untracked 
| 337|0x000000072ae00000, 0x000000072b000000, 0x000000072b000000|100%| O|  |TAMS 0x000000072ae00000, 0x000000072ae00000| Untracked 
| 338|0x000000072b000000, 0x000000072b200000, 0x000000072b200000|100%| O|  |TAMS 0x000000072b000000, 0x000000072b000000| Untracked 
| 339|0x000000072b200000, 0x000000072b400000, 0x000000072b400000|100%| O|  |TAMS 0x000000072b200000, 0x000000072b200000| Untracked 
| 340|0x000000072b400000, 0x000000072b600000, 0x000000072b600000|100%| O|  |TAMS 0x000000072b400000, 0x000000072b400000| Untracked 
| 341|0x000000072b600000, 0x000000072b800000, 0x000000072b800000|100%| O|  |TAMS 0x000000072b600000, 0x000000072b600000| Untracked 
| 342|0x000000072b800000, 0x000000072ba00000, 0x000000072ba00000|100%| O|  |TAMS 0x000000072b800000, 0x000000072b800000| Untracked 
| 343|0x000000072ba00000, 0x000000072bc00000, 0x000000072bc00000|100%| O|  |TAMS 0x000000072ba00000, 0x000000072ba00000| Untracked 
| 344|0x000000072bc00000, 0x000000072be00000, 0x000000072be00000|100%| O|  |TAMS 0x000000072bc00000, 0x000000072bc00000| Untracked 
| 345|0x000000072be00000, 0x000000072c000000, 0x000000072c000000|100%| O|  |TAMS 0x000000072be00000, 0x000000072be00000| Untracked 
| 346|0x000000072c000000, 0x000000072c200000, 0x000000072c200000|100%| O|  |TAMS 0x000000072c000000, 0x000000072c000000| Untracked 
| 347|0x000000072c200000, 0x000000072c400000, 0x000000072c400000|100%| O|  |TAMS 0x000000072c200000, 0x000000072c200000| Untracked 
| 348|0x000000072c400000, 0x000000072c600000, 0x000000072c600000|100%| O|  |TAMS 0x000000072c400000, 0x000000072c400000| Untracked 
| 349|0x000000072c600000, 0x000000072c800000, 0x000000072c800000|100%| O|  |TAMS 0x000000072c600000, 0x000000072c600000| Untracked 
| 350|0x000000072c800000, 0x000000072ca00000, 0x000000072ca00000|100%| O|  |TAMS 0x000000072c800000, 0x000000072c800000| Untracked 
| 351|0x000000072ca00000, 0x000000072cc00000, 0x000000072cc00000|100%| O|  |TAMS 0x000000072ca00000, 0x000000072ca00000| Untracked 
| 352|0x000000072cc00000, 0x000000072ce00000, 0x000000072ce00000|100%| O|  |TAMS 0x000000072cc00000, 0x000000072cc00000| Untracked 
| 353|0x000000072ce00000, 0x000000072d000000, 0x000000072d000000|100%| O|  |TAMS 0x000000072ce00000, 0x000000072ce00000| Untracked 
| 354|0x000000072d000000, 0x000000072d200000, 0x000000072d200000|100%| O|  |TAMS 0x000000072d000000, 0x000000072d000000| Untracked 
| 355|0x000000072d200000, 0x000000072d400000, 0x000000072d400000|100%| O|  |TAMS 0x000000072d200000, 0x000000072d200000| Untracked 
| 356|0x000000072d400000, 0x000000072d600000, 0x000000072d600000|100%| O|  |TAMS 0x000000072d400000, 0x000000072d400000| Untracked 
| 357|0x000000072d600000, 0x000000072d800000, 0x000000072d800000|100%| O|  |TAMS 0x000000072d600000, 0x000000072d600000| Untracked 
| 358|0x000000072d800000, 0x000000072da00000, 0x000000072da00000|100%| O|  |TAMS 0x000000072d800000, 0x000000072d800000| Untracked 
| 359|0x000000072da00000, 0x000000072dc00000, 0x000000072dc00000|100%| O|  |TAMS 0x000000072da00000, 0x000000072da00000| Untracked 
| 360|0x000000072dc00000, 0x000000072de00000, 0x000000072de00000|100%| O|  |TAMS 0x000000072dc00000, 0x000000072dc00000| Untracked 
| 361|0x000000072de00000, 0x000000072e000000, 0x000000072e000000|100%| O|  |TAMS 0x000000072de00000, 0x000000072de00000| Untracked 
| 362|0x000000072e000000, 0x000000072e200000, 0x000000072e200000|100%| O|  |TAMS 0x000000072e000000, 0x000000072e000000| Untracked 
| 363|0x000000072e200000, 0x000000072e400000, 0x000000072e400000|100%| O|  |TAMS 0x000000072e200000, 0x000000072e200000| Untracked 
| 364|0x000000072e400000, 0x000000072e600000, 0x000000072e600000|100%| O|  |TAMS 0x000000072e400000, 0x000000072e400000| Untracked 
| 365|0x000000072e600000, 0x000000072e800000, 0x000000072e800000|100%| O|  |TAMS 0x000000072e600000, 0x000000072e600000| Untracked 
| 366|0x000000072e800000, 0x000000072ea00000, 0x000000072ea00000|100%| O|  |TAMS 0x000000072e800000, 0x000000072e800000| Untracked 
| 367|0x000000072ea00000, 0x000000072ec00000, 0x000000072ec00000|100%| O|  |TAMS 0x000000072ea00000, 0x000000072ea00000| Untracked 
| 368|0x000000072ec00000, 0x000000072ee00000, 0x000000072ee00000|100%| O|  |TAMS 0x000000072ec00000, 0x000000072ec00000| Untracked 
| 369|0x000000072ee00000, 0x000000072f000000, 0x000000072f000000|100%| O|  |TAMS 0x000000072ee00000, 0x000000072ee00000| Untracked 
| 370|0x000000072f000000, 0x000000072f200000, 0x000000072f200000|100%| O|  |TAMS 0x000000072f000000, 0x000000072f000000| Untracked 
| 371|0x000000072f200000, 0x000000072f400000, 0x000000072f400000|100%| O|  |TAMS 0x000000072f200000, 0x000000072f200000| Untracked 
| 372|0x000000072f400000, 0x000000072f600000, 0x000000072f600000|100%| O|  |TAMS 0x000000072f400000, 0x000000072f400000| Untracked 
| 373|0x000000072f600000, 0x000000072f800000, 0x000000072f800000|100%| O|  |TAMS 0x000000072f600000, 0x000000072f600000| Untracked 
| 374|0x000000072f800000, 0x000000072fa00000, 0x000000072fa00000|100%| O|  |TAMS 0x000000072f800000, 0x000000072f800000| Untracked 
| 375|0x000000072fa00000, 0x000000072fc00000, 0x000000072fc00000|100%| O|  |TAMS 0x000000072fa00000, 0x000000072fa00000| Untracked 
| 376|0x000000072fc00000, 0x000000072fe00000, 0x000000072fe00000|100%| O|  |TAMS 0x000000072fc00000, 0x000000072fc00000| Untracked 
| 377|0x000000072fe00000, 0x0000000730000000, 0x0000000730000000|100%| O|  |TAMS 0x000000072fe00000, 0x000000072fe00000| Untracked 
| 378|0x0000000730000000, 0x0000000730200000, 0x0000000730200000|100%| O|  |TAMS 0x0000000730000000, 0x0000000730000000| Untracked 
| 379|0x0000000730200000, 0x0000000730400000, 0x0000000730400000|100%| O|  |TAMS 0x0000000730200000, 0x0000000730200000| Untracked 
| 380|0x0000000730400000, 0x0000000730600000, 0x0000000730600000|100%| O|  |TAMS 0x0000000730400000, 0x0000000730400000| Untracked 
| 381|0x0000000730600000, 0x0000000730800000, 0x0000000730800000|100%| O|  |TAMS 0x0000000730600000, 0x0000000730600000| Untracked 
| 382|0x0000000730800000, 0x0000000730a00000, 0x0000000730a00000|100%| O|  |TAMS 0x0000000730800000, 0x0000000730800000| Untracked 
| 383|0x0000000730a00000, 0x0000000730c00000, 0x0000000730c00000|100%| O|  |TAMS 0x0000000730a00000, 0x0000000730a00000| Untracked 
| 384|0x0000000730c00000, 0x0000000730e00000, 0x0000000730e00000|100%| O|  |TAMS 0x0000000730c00000, 0x0000000730c00000| Untracked 
| 385|0x0000000730e00000, 0x0000000731000000, 0x0000000731000000|100%| O|  |TAMS 0x0000000730e00000, 0x0000000730e00000| Untracked 
| 386|0x0000000731000000, 0x0000000731200000, 0x0000000731200000|100%| O|  |TAMS 0x0000000731000000, 0x0000000731000000| Untracked 
| 387|0x0000000731200000, 0x0000000731400000, 0x0000000731400000|100%| O|  |TAMS 0x0000000731200000, 0x0000000731200000| Untracked 
| 388|0x0000000731400000, 0x0000000731600000, 0x0000000731600000|100%| O|  |TAMS 0x0000000731400000, 0x0000000731400000| Untracked 
| 389|0x0000000731600000, 0x0000000731800000, 0x0000000731800000|100%| O|  |TAMS 0x0000000731600000, 0x0000000731600000| Untracked 
| 390|0x0000000731800000, 0x0000000731a00000, 0x0000000731a00000|100%| O|  |TAMS 0x0000000731800000, 0x0000000731800000| Untracked 
| 391|0x0000000731a00000, 0x0000000731c00000, 0x0000000731c00000|100%| O|  |TAMS 0x0000000731a00000, 0x0000000731a00000| Untracked 
| 392|0x0000000731c00000, 0x0000000731e00000, 0x0000000731e00000|100%| O|  |TAMS 0x0000000731c00000, 0x0000000731c00000| Untracked 
| 393|0x0000000731e00000, 0x0000000732000000, 0x0000000732000000|100%| O|  |TAMS 0x0000000731e00000, 0x0000000731e00000| Untracked 
| 394|0x0000000732000000, 0x0000000732200000, 0x0000000732200000|100%| O|  |TAMS 0x0000000732000000, 0x0000000732000000| Untracked 
| 395|0x0000000732200000, 0x0000000732400000, 0x0000000732400000|100%| O|  |TAMS 0x0000000732200000, 0x0000000732200000| Untracked 
| 396|0x0000000732400000, 0x0000000732600000, 0x0000000732600000|100%| O|  |TAMS 0x0000000732400000, 0x0000000732400000| Untracked 
| 397|0x0000000732600000, 0x0000000732800000, 0x0000000732800000|100%| O|  |TAMS 0x0000000732600000, 0x0000000732600000| Untracked 
| 398|0x0000000732800000, 0x0000000732a00000, 0x0000000732a00000|100%| O|  |TAMS 0x0000000732800000, 0x0000000732800000| Untracked 
| 399|0x0000000732a00000, 0x0000000732c00000, 0x0000000732c00000|100%| O|  |TAMS 0x0000000732a00000, 0x0000000732a00000| Untracked 
| 400|0x0000000732c00000, 0x0000000732e00000, 0x0000000732e00000|100%| O|  |TAMS 0x0000000732c00000, 0x0000000732c00000| Untracked 
| 401|0x0000000732e00000, 0x0000000733000000, 0x0000000733000000|100%| O|  |TAMS 0x0000000732e00000, 0x0000000732e00000| Untracked 
| 402|0x0000000733000000, 0x0000000733200000, 0x0000000733200000|100%| O|  |TAMS 0x0000000733000000, 0x0000000733000000| Untracked 
| 403|0x0000000733200000, 0x0000000733400000, 0x0000000733400000|100%| O|  |TAMS 0x0000000733200000, 0x0000000733200000| Untracked 
| 404|0x0000000733400000, 0x0000000733600000, 0x0000000733600000|100%| O|  |TAMS 0x0000000733400000, 0x0000000733400000| Untracked 
| 405|0x0000000733600000, 0x0000000733800000, 0x0000000733800000|100%| O|  |TAMS 0x0000000733600000, 0x0000000733600000| Untracked 
| 406|0x0000000733800000, 0x0000000733a00000, 0x0000000733a00000|100%| O|  |TAMS 0x0000000733800000, 0x0000000733800000| Untracked 
| 407|0x0000000733a00000, 0x0000000733c00000, 0x0000000733c00000|100%| O|  |TAMS 0x0000000733a00000, 0x0000000733a00000| Untracked 
| 408|0x0000000733c00000, 0x0000000733e00000, 0x0000000733e00000|100%| O|  |TAMS 0x0000000733c00000, 0x0000000733c00000| Untracked 
| 409|0x0000000733e00000, 0x0000000734000000, 0x0000000734000000|100%| O|  |TAMS 0x0000000733e00000, 0x0000000733e00000| Untracked 
| 410|0x0000000734000000, 0x0000000734200000, 0x0000000734200000|100%| O|  |TAMS 0x0000000734000000, 0x0000000734000000| Untracked 
| 411|0x0000000734200000, 0x0000000734400000, 0x0000000734400000|100%| O|  |TAMS 0x0000000734200000, 0x0000000734200000| Untracked 
| 412|0x0000000734400000, 0x0000000734600000, 0x0000000734600000|100%| O|  |TAMS 0x0000000734400000, 0x0000000734400000| Untracked 
| 413|0x0000000734600000, 0x0000000734800000, 0x0000000734800000|100%| O|  |TAMS 0x0000000734600000, 0x0000000734600000| Untracked 
| 414|0x0000000734800000, 0x0000000734a00000, 0x0000000734a00000|100%| O|  |TAMS 0x0000000734800000, 0x0000000734800000| Untracked 
| 415|0x0000000734a00000, 0x0000000734c00000, 0x0000000734c00000|100%| O|  |TAMS 0x0000000734a00000, 0x0000000734a00000| Untracked 
| 416|0x0000000734c00000, 0x0000000734e00000, 0x0000000734e00000|100%| O|  |TAMS 0x0000000734c00000, 0x0000000734c00000| Untracked 
| 417|0x0000000734e00000, 0x0000000735000000, 0x0000000735000000|100%| O|  |TAMS 0x0000000734e00000, 0x0000000734e00000| Untracked 
| 418|0x0000000735000000, 0x0000000735200000, 0x0000000735200000|100%| O|  |TAMS 0x0000000735000000, 0x0000000735000000| Untracked 
| 419|0x0000000735200000, 0x0000000735400000, 0x0000000735400000|100%| O|  |TAMS 0x0000000735200000, 0x0000000735200000| Untracked 
| 420|0x0000000735400000, 0x0000000735600000, 0x0000000735600000|100%| O|  |TAMS 0x0000000735400000, 0x0000000735400000| Untracked 
| 421|0x0000000735600000, 0x0000000735800000, 0x0000000735800000|100%| O|  |TAMS 0x0000000735600000, 0x0000000735600000| Untracked 
| 422|0x0000000735800000, 0x0000000735a00000, 0x0000000735a00000|100%| O|  |TAMS 0x0000000735800000, 0x0000000735800000| Untracked 
| 423|0x0000000735a00000, 0x0000000735c00000, 0x0000000735c00000|100%| O|  |TAMS 0x0000000735a00000, 0x0000000735a00000| Untracked 
| 424|0x0000000735c00000, 0x0000000735e00000, 0x0000000735e00000|100%| O|  |TAMS 0x0000000735c00000, 0x0000000735c00000| Untracked 
| 425|0x0000000735e00000, 0x0000000736000000, 0x0000000736000000|100%| O|  |TAMS 0x0000000735e00000, 0x0000000735e00000| Untracked 
| 426|0x0000000736000000, 0x0000000736200000, 0x0000000736200000|100%| O|  |TAMS 0x0000000736000000, 0x0000000736000000| Untracked 
| 427|0x0000000736200000, 0x0000000736400000, 0x0000000736400000|100%| O|  |TAMS 0x0000000736200000, 0x0000000736200000| Untracked 
| 428|0x0000000736400000, 0x0000000736600000, 0x0000000736600000|100%| O|  |TAMS 0x0000000736400000, 0x0000000736400000| Untracked 
| 429|0x0000000736600000, 0x0000000736800000, 0x0000000736800000|100%| O|  |TAMS 0x0000000736600000, 0x0000000736600000| Untracked 
| 430|0x0000000736800000, 0x0000000736a00000, 0x0000000736a00000|100%| O|  |TAMS 0x0000000736800000, 0x0000000736800000| Untracked 
| 431|0x0000000736a00000, 0x0000000736c00000, 0x0000000736c00000|100%| O|  |TAMS 0x0000000736a00000, 0x0000000736a00000| Untracked 
| 432|0x0000000736c00000, 0x0000000736e00000, 0x0000000736e00000|100%| O|  |TAMS 0x0000000736c00000, 0x0000000736c00000| Untracked 
| 433|0x0000000736e00000, 0x0000000737000000, 0x0000000737000000|100%| O|  |TAMS 0x0000000736e00000, 0x0000000736e00000| Untracked 
| 434|0x0000000737000000, 0x0000000737200000, 0x0000000737200000|100%| O|  |TAMS 0x0000000737000000, 0x0000000737000000| Untracked 
| 435|0x0000000737200000, 0x0000000737400000, 0x0000000737400000|100%| O|  |TAMS 0x0000000737200000, 0x0000000737200000| Untracked 
| 436|0x0000000737400000, 0x0000000737600000, 0x0000000737600000|100%| O|  |TAMS 0x0000000737400000, 0x0000000737400000| Untracked 
| 437|0x0000000737600000, 0x0000000737800000, 0x0000000737800000|100%| O|  |TAMS 0x0000000737600000, 0x0000000737600000| Untracked 
| 438|0x0000000737800000, 0x0000000737a00000, 0x0000000737a00000|100%| O|  |TAMS 0x0000000737800000, 0x0000000737800000| Untracked 
| 439|0x0000000737a00000, 0x0000000737c00000, 0x0000000737c00000|100%| O|  |TAMS 0x0000000737a00000, 0x0000000737a00000| Untracked 
| 440|0x0000000737c00000, 0x0000000737e00000, 0x0000000737e00000|100%| O|  |TAMS 0x0000000737c00000, 0x0000000737c00000| Untracked 
| 441|0x0000000737e00000, 0x0000000738000000, 0x0000000738000000|100%| O|  |TAMS 0x0000000737e00000, 0x0000000737e00000| Untracked 
| 442|0x0000000738000000, 0x0000000738200000, 0x0000000738200000|100%| O|  |TAMS 0x0000000738000000, 0x0000000738000000| Untracked 
| 443|0x0000000738200000, 0x0000000738400000, 0x0000000738400000|100%| O|  |TAMS 0x0000000738200000, 0x0000000738200000| Untracked 
| 444|0x0000000738400000, 0x0000000738600000, 0x0000000738600000|100%| O|  |TAMS 0x0000000738400000, 0x0000000738400000| Untracked 
| 445|0x0000000738600000, 0x0000000738800000, 0x0000000738800000|100%| O|  |TAMS 0x0000000738600000, 0x0000000738600000| Untracked 
| 446|0x0000000738800000, 0x0000000738a00000, 0x0000000738a00000|100%| O|  |TAMS 0x0000000738800000, 0x0000000738800000| Untracked 
| 447|0x0000000738a00000, 0x0000000738c00000, 0x0000000738c00000|100%| O|  |TAMS 0x0000000738a00000, 0x0000000738a00000| Untracked 
| 448|0x0000000738c00000, 0x0000000738e00000, 0x0000000738e00000|100%| O|  |TAMS 0x0000000738c00000, 0x0000000738c00000| Untracked 
| 449|0x0000000738e00000, 0x0000000739000000, 0x0000000739000000|100%| O|  |TAMS 0x0000000738e00000, 0x0000000738e00000| Untracked 
| 450|0x0000000739000000, 0x0000000739200000, 0x0000000739200000|100%| O|  |TAMS 0x0000000739000000, 0x0000000739000000| Untracked 
| 451|0x0000000739200000, 0x0000000739400000, 0x0000000739400000|100%| O|  |TAMS 0x0000000739200000, 0x0000000739200000| Untracked 
| 452|0x0000000739400000, 0x0000000739600000, 0x0000000739600000|100%| O|  |TAMS 0x0000000739400000, 0x0000000739400000| Untracked 
| 453|0x0000000739600000, 0x0000000739800000, 0x0000000739800000|100%| O|  |TAMS 0x0000000739600000, 0x0000000739600000| Untracked 
| 454|0x0000000739800000, 0x0000000739a00000, 0x0000000739a00000|100%| O|  |TAMS 0x0000000739800000, 0x0000000739800000| Untracked 
| 455|0x0000000739a00000, 0x0000000739c00000, 0x0000000739c00000|100%| O|  |TAMS 0x0000000739a00000, 0x0000000739a00000| Untracked 
| 456|0x0000000739c00000, 0x0000000739e00000, 0x0000000739e00000|100%| O|  |TAMS 0x0000000739c00000, 0x0000000739c00000| Untracked 
| 457|0x0000000739e00000, 0x000000073a000000, 0x000000073a000000|100%| O|  |TAMS 0x0000000739e00000, 0x0000000739e00000| Untracked 
| 458|0x000000073a000000, 0x000000073a200000, 0x000000073a200000|100%| O|  |TAMS 0x000000073a000000, 0x000000073a000000| Untracked 
| 459|0x000000073a200000, 0x000000073a400000, 0x000000073a400000|100%| O|  |TAMS 0x000000073a200000, 0x000000073a200000| Untracked 
| 460|0x000000073a400000, 0x000000073a600000, 0x000000073a600000|100%| O|  |TAMS 0x000000073a400000, 0x000000073a400000| Untracked 
| 461|0x000000073a600000, 0x000000073a800000, 0x000000073a800000|100%| O|  |TAMS 0x000000073a600000, 0x000000073a600000| Untracked 
| 462|0x000000073a800000, 0x000000073aa00000, 0x000000073aa00000|100%| O|  |TAMS 0x000000073a800000, 0x000000073a800000| Untracked 
| 463|0x000000073aa00000, 0x000000073ac00000, 0x000000073ac00000|100%| O|  |TAMS 0x000000073aa00000, 0x000000073aa00000| Untracked 
| 464|0x000000073ac00000, 0x000000073ae00000, 0x000000073ae00000|100%| O|  |TAMS 0x000000073ac00000, 0x000000073ac00000| Untracked 
| 465|0x000000073ae00000, 0x000000073b000000, 0x000000073b000000|100%| O|  |TAMS 0x000000073ae00000, 0x000000073ae00000| Untracked 
| 466|0x000000073b000000, 0x000000073b200000, 0x000000073b200000|100%| O|  |TAMS 0x000000073b000000, 0x000000073b000000| Untracked 
| 467|0x000000073b200000, 0x000000073b400000, 0x000000073b400000|100%| O|  |TAMS 0x000000073b200000, 0x000000073b200000| Untracked 
| 468|0x000000073b400000, 0x000000073b600000, 0x000000073b600000|100%| O|  |TAMS 0x000000073b400000, 0x000000073b400000| Untracked 
| 469|0x000000073b600000, 0x000000073b800000, 0x000000073b800000|100%| O|  |TAMS 0x000000073b600000, 0x000000073b600000| Untracked 
| 470|0x000000073b800000, 0x000000073ba00000, 0x000000073ba00000|100%| O|  |TAMS 0x000000073b800000, 0x000000073b800000| Untracked 
| 471|0x000000073ba00000, 0x000000073bc00000, 0x000000073bc00000|100%| O|  |TAMS 0x000000073ba00000, 0x000000073ba00000| Untracked 
| 472|0x000000073bc00000, 0x000000073be00000, 0x000000073be00000|100%| O|  |TAMS 0x000000073bc00000, 0x000000073bc00000| Untracked 
| 473|0x000000073be00000, 0x000000073c000000, 0x000000073c000000|100%| O|  |TAMS 0x000000073be00000, 0x000000073be00000| Untracked 
| 474|0x000000073c000000, 0x000000073c200000, 0x000000073c200000|100%| O|  |TAMS 0x000000073c000000, 0x000000073c000000| Untracked 
| 475|0x000000073c200000, 0x000000073c400000, 0x000000073c400000|100%| O|  |TAMS 0x000000073c200000, 0x000000073c200000| Untracked 
| 476|0x000000073c400000, 0x000000073c600000, 0x000000073c600000|100%| O|  |TAMS 0x000000073c400000, 0x000000073c400000| Untracked 
| 477|0x000000073c600000, 0x000000073c800000, 0x000000073c800000|100%| O|  |TAMS 0x000000073c600000, 0x000000073c600000| Untracked 
| 478|0x000000073c800000, 0x000000073ca00000, 0x000000073ca00000|100%| O|  |TAMS 0x000000073c800000, 0x000000073c800000| Untracked 
| 479|0x000000073ca00000, 0x000000073cc00000, 0x000000073cc00000|100%| O|  |TAMS 0x000000073ca00000, 0x000000073ca00000| Untracked 
| 480|0x000000073cc00000, 0x000000073ce00000, 0x000000073ce00000|100%| O|  |TAMS 0x000000073cc00000, 0x000000073cc00000| Untracked 
| 481|0x000000073ce00000, 0x000000073d000000, 0x000000073d000000|100%| O|  |TAMS 0x000000073ce00000, 0x000000073ce00000| Untracked 
| 482|0x000000073d000000, 0x000000073d200000, 0x000000073d200000|100%| O|  |TAMS 0x000000073d000000, 0x000000073d000000| Untracked 
| 483|0x000000073d200000, 0x000000073d400000, 0x000000073d400000|100%| O|  |TAMS 0x000000073d200000, 0x000000073d200000| Untracked 
| 484|0x000000073d400000, 0x000000073d600000, 0x000000073d600000|100%| O|  |TAMS 0x000000073d400000, 0x000000073d400000| Untracked 
| 485|0x000000073d600000, 0x000000073d800000, 0x000000073d800000|100%| O|  |TAMS 0x000000073d600000, 0x000000073d600000| Untracked 
| 486|0x000000073d800000, 0x000000073da00000, 0x000000073da00000|100%| O|  |TAMS 0x000000073d800000, 0x000000073d800000| Untracked 
| 487|0x000000073da00000, 0x000000073dc00000, 0x000000073dc00000|100%| O|  |TAMS 0x000000073da00000, 0x000000073da00000| Untracked 
| 488|0x000000073dc00000, 0x000000073de00000, 0x000000073de00000|100%| O|  |TAMS 0x000000073dc00000, 0x000000073dc00000| Untracked 
| 489|0x000000073de00000, 0x000000073e000000, 0x000000073e000000|100%| O|  |TAMS 0x000000073de00000, 0x000000073de00000| Untracked 
| 490|0x000000073e000000, 0x000000073e200000, 0x000000073e200000|100%| O|  |TAMS 0x000000073e000000, 0x000000073e000000| Untracked 
| 491|0x000000073e200000, 0x000000073e400000, 0x000000073e400000|100%| O|  |TAMS 0x000000073e200000, 0x000000073e200000| Untracked 
| 492|0x000000073e400000, 0x000000073e600000, 0x000000073e600000|100%| O|  |TAMS 0x000000073e400000, 0x000000073e400000| Untracked 
| 493|0x000000073e600000, 0x000000073e800000, 0x000000073e800000|100%| O|  |TAMS 0x000000073e600000, 0x000000073e600000| Untracked 
| 494|0x000000073e800000, 0x000000073ea00000, 0x000000073ea00000|100%| O|  |TAMS 0x000000073e800000, 0x000000073e800000| Untracked 
| 495|0x000000073ea00000, 0x000000073ec00000, 0x000000073ec00000|100%| O|  |TAMS 0x000000073ea00000, 0x000000073ea00000| Untracked 
| 496|0x000000073ec00000, 0x000000073ee00000, 0x000000073ee00000|100%| O|  |TAMS 0x000000073ec00000, 0x000000073ec00000| Untracked 
| 497|0x000000073ee00000, 0x000000073f000000, 0x000000073f000000|100%| O|  |TAMS 0x000000073ee00000, 0x000000073ee00000| Untracked 
| 498|0x000000073f000000, 0x000000073f200000, 0x000000073f200000|100%| O|  |TAMS 0x000000073f000000, 0x000000073f000000| Untracked 
| 499|0x000000073f200000, 0x000000073f400000, 0x000000073f400000|100%| O|  |TAMS 0x000000073f200000, 0x000000073f200000| Untracked 
| 500|0x000000073f400000, 0x000000073f600000, 0x000000073f600000|100%| O|  |TAMS 0x000000073f400000, 0x000000073f400000| Untracked 
| 501|0x000000073f600000, 0x000000073f800000, 0x000000073f800000|100%| O|  |TAMS 0x000000073f600000, 0x000000073f600000| Untracked 
| 502|0x000000073f800000, 0x000000073fa00000, 0x000000073fa00000|100%| O|  |TAMS 0x000000073f800000, 0x000000073f800000| Untracked 
| 503|0x000000073fa00000, 0x000000073fc00000, 0x000000073fc00000|100%| O|  |TAMS 0x000000073fa00000, 0x000000073fa00000| Untracked 
| 504|0x000000073fc00000, 0x000000073fe00000, 0x000000073fe00000|100%| O|  |TAMS 0x000000073fc00000, 0x000000073fc00000| Untracked 
| 505|0x000000073fe00000, 0x0000000740000000, 0x0000000740000000|100%| O|  |TAMS 0x000000073fe00000, 0x000000073fe00000| Untracked 
| 506|0x0000000740000000, 0x0000000740200000, 0x0000000740200000|100%| O|  |TAMS 0x0000000740000000, 0x0000000740000000| Untracked 
| 507|0x0000000740200000, 0x0000000740400000, 0x0000000740400000|100%| O|  |TAMS 0x0000000740200000, 0x0000000740200000| Untracked 
| 508|0x0000000740400000, 0x0000000740600000, 0x0000000740600000|100%| O|  |TAMS 0x0000000740400000, 0x0000000740400000| Untracked 
| 509|0x0000000740600000, 0x0000000740800000, 0x0000000740800000|100%| O|  |TAMS 0x0000000740600000, 0x0000000740600000| Untracked 
| 510|0x0000000740800000, 0x00000007408bde00, 0x0000000740a00000| 37%| O|  |TAMS 0x0000000740800000, 0x0000000740800000| Untracked 
| 511|0x0000000740a00000, 0x0000000740a00000, 0x0000000740c00000|  0%| F|  |TAMS 0x0000000740a00000, 0x0000000740a00000| Untracked 
| 512|0x0000000740c00000, 0x0000000740c00000, 0x0000000740e00000|  0%| F|  |TAMS 0x0000000740c00000, 0x0000000740c00000| Untracked 
| 513|0x0000000740e00000, 0x0000000740e00000, 0x0000000741000000|  0%| F|  |TAMS 0x0000000740e00000, 0x0000000740e00000| Untracked 
| 514|0x0000000741000000, 0x0000000741000000, 0x0000000741200000|  0%| F|  |TAMS 0x0000000741000000, 0x0000000741000000| Untracked 
| 515|0x0000000741200000, 0x0000000741200000, 0x0000000741400000|  0%| F|  |TAMS 0x0000000741200000, 0x0000000741200000| Untracked 
| 516|0x0000000741400000, 0x0000000741400000, 0x0000000741600000|  0%| F|  |TAMS 0x0000000741400000, 0x0000000741400000| Untracked 
| 517|0x0000000741600000, 0x0000000741600000, 0x0000000741800000|  0%| F|  |TAMS 0x0000000741600000, 0x0000000741600000| Untracked 
| 518|0x0000000741800000, 0x0000000741800000, 0x0000000741a00000|  0%| F|  |TAMS 0x0000000741800000, 0x0000000741800000| Untracked 
| 519|0x0000000741a00000, 0x0000000741a00000, 0x0000000741c00000|  0%| F|  |TAMS 0x0000000741a00000, 0x0000000741a00000| Untracked 
| 520|0x0000000741c00000, 0x0000000741c00000, 0x0000000741e00000|  0%| F|  |TAMS 0x0000000741c00000, 0x0000000741c00000| Untracked 
| 521|0x0000000741e00000, 0x0000000741e00000, 0x0000000742000000|  0%| F|  |TAMS 0x0000000741e00000, 0x0000000741e00000| Untracked 
| 522|0x0000000742000000, 0x0000000742000000, 0x0000000742200000|  0%| F|  |TAMS 0x0000000742000000, 0x0000000742000000| Untracked 
| 523|0x0000000742200000, 0x0000000742200000, 0x0000000742400000|  0%| F|  |TAMS 0x0000000742200000, 0x0000000742200000| Untracked 
| 524|0x0000000742400000, 0x0000000742400000, 0x0000000742600000|  0%| F|  |TAMS 0x0000000742400000, 0x0000000742400000| Untracked 
| 525|0x0000000742600000, 0x0000000742600000, 0x0000000742800000|  0%| F|  |TAMS 0x0000000742600000, 0x0000000742600000| Untracked 
| 526|0x0000000742800000, 0x0000000742800000, 0x0000000742a00000|  0%| F|  |TAMS 0x0000000742800000, 0x0000000742800000| Untracked 
| 527|0x0000000742a00000, 0x0000000742a00000, 0x0000000742c00000|  0%| F|  |TAMS 0x0000000742a00000, 0x0000000742a00000| Untracked 
| 528|0x0000000742c00000, 0x0000000742c00000, 0x0000000742e00000|  0%| F|  |TAMS 0x0000000742c00000, 0x0000000742c00000| Untracked 
| 529|0x0000000742e00000, 0x0000000742e00000, 0x0000000743000000|  0%| F|  |TAMS 0x0000000742e00000, 0x0000000742e00000| Untracked 
| 530|0x0000000743000000, 0x0000000743000000, 0x0000000743200000|  0%| F|  |TAMS 0x0000000743000000, 0x0000000743000000| Untracked 
| 531|0x0000000743200000, 0x0000000743200000, 0x0000000743400000|  0%| F|  |TAMS 0x0000000743200000, 0x0000000743200000| Untracked 
| 532|0x0000000743400000, 0x0000000743400000, 0x0000000743600000|  0%| F|  |TAMS 0x0000000743400000, 0x0000000743400000| Untracked 
| 533|0x0000000743600000, 0x0000000743600000, 0x0000000743800000|  0%| F|  |TAMS 0x0000000743600000, 0x0000000743600000| Untracked 
| 534|0x0000000743800000, 0x0000000743800000, 0x0000000743a00000|  0%| F|  |TAMS 0x0000000743800000, 0x0000000743800000| Untracked 
| 535|0x0000000743a00000, 0x0000000743a00000, 0x0000000743c00000|  0%| F|  |TAMS 0x0000000743a00000, 0x0000000743a00000| Untracked 
| 536|0x0000000743c00000, 0x0000000743c00000, 0x0000000743e00000|  0%| F|  |TAMS 0x0000000743c00000, 0x0000000743c00000| Untracked 
| 537|0x0000000743e00000, 0x0000000743e00000, 0x0000000744000000|  0%| F|  |TAMS 0x0000000743e00000, 0x0000000743e00000| Untracked 
| 538|0x0000000744000000, 0x0000000744000000, 0x0000000744200000|  0%| F|  |TAMS 0x0000000744000000, 0x0000000744000000| Untracked 
| 539|0x0000000744200000, 0x0000000744200000, 0x0000000744400000|  0%| F|  |TAMS 0x0000000744200000, 0x0000000744200000| Untracked 
| 540|0x0000000744400000, 0x0000000744400000, 0x0000000744600000|  0%| F|  |TAMS 0x0000000744400000, 0x0000000744400000| Untracked 
| 541|0x0000000744600000, 0x0000000744600000, 0x0000000744800000|  0%| F|  |TAMS 0x0000000744600000, 0x0000000744600000| Untracked 
| 542|0x0000000744800000, 0x0000000744800000, 0x0000000744a00000|  0%| F|  |TAMS 0x0000000744800000, 0x0000000744800000| Untracked 
| 543|0x0000000744a00000, 0x0000000744a00000, 0x0000000744c00000|  0%| F|  |TAMS 0x0000000744a00000, 0x0000000744a00000| Untracked 
| 544|0x0000000744c00000, 0x0000000744c00000, 0x0000000744e00000|  0%| F|  |TAMS 0x0000000744c00000, 0x0000000744c00000| Untracked 
| 545|0x0000000744e00000, 0x0000000744e00000, 0x0000000745000000|  0%| F|  |TAMS 0x0000000744e00000, 0x0000000744e00000| Untracked 
| 546|0x0000000745000000, 0x0000000745000000, 0x0000000745200000|  0%| F|  |TAMS 0x0000000745000000, 0x0000000745000000| Untracked 
| 547|0x0000000745200000, 0x0000000745200000, 0x0000000745400000|  0%| F|  |TAMS 0x0000000745200000, 0x0000000745200000| Untracked 
| 548|0x0000000745400000, 0x0000000745400000, 0x0000000745600000|  0%| F|  |TAMS 0x0000000745400000, 0x0000000745400000| Untracked 
| 549|0x0000000745600000, 0x0000000745600000, 0x0000000745800000|  0%| F|  |TAMS 0x0000000745600000, 0x0000000745600000| Untracked 
| 550|0x0000000745800000, 0x0000000745800000, 0x0000000745a00000|  0%| F|  |TAMS 0x0000000745800000, 0x0000000745800000| Untracked 
| 551|0x0000000745a00000, 0x0000000745a00000, 0x0000000745c00000|  0%| F|  |TAMS 0x0000000745a00000, 0x0000000745a00000| Untracked 
| 552|0x0000000745c00000, 0x0000000745c00000, 0x0000000745e00000|  0%| F|  |TAMS 0x0000000745c00000, 0x0000000745c00000| Untracked 
| 553|0x0000000745e00000, 0x0000000745e00000, 0x0000000746000000|  0%| F|  |TAMS 0x0000000745e00000, 0x0000000745e00000| Untracked 
| 554|0x0000000746000000, 0x0000000746000000, 0x0000000746200000|  0%| F|  |TAMS 0x0000000746000000, 0x0000000746000000| Untracked 
| 555|0x0000000746200000, 0x0000000746200000, 0x0000000746400000|  0%| F|  |TAMS 0x0000000746200000, 0x0000000746200000| Untracked 
| 556|0x0000000746400000, 0x0000000746400000, 0x0000000746600000|  0%| F|  |TAMS 0x0000000746400000, 0x0000000746400000| Untracked 
| 557|0x0000000746600000, 0x0000000746600000, 0x0000000746800000|  0%| F|  |TAMS 0x0000000746600000, 0x0000000746600000| Untracked 
| 558|0x0000000746800000, 0x0000000746800000, 0x0000000746a00000|  0%| F|  |TAMS 0x0000000746800000, 0x0000000746800000| Untracked 
| 559|0x0000000746a00000, 0x0000000746a00000, 0x0000000746c00000|  0%| F|  |TAMS 0x0000000746a00000, 0x0000000746a00000| Untracked 
| 560|0x0000000746c00000, 0x0000000746c00000, 0x0000000746e00000|  0%| F|  |TAMS 0x0000000746c00000, 0x0000000746c00000| Untracked 
| 561|0x0000000746e00000, 0x0000000746e00000, 0x0000000747000000|  0%| F|  |TAMS 0x0000000746e00000, 0x0000000746e00000| Untracked 
| 562|0x0000000747000000, 0x0000000747000000, 0x0000000747200000|  0%| F|  |TAMS 0x0000000747000000, 0x0000000747000000| Untracked 
| 563|0x0000000747200000, 0x0000000747200000, 0x0000000747400000|  0%| F|  |TAMS 0x0000000747200000, 0x0000000747200000| Untracked 
| 564|0x0000000747400000, 0x0000000747400000, 0x0000000747600000|  0%| F|  |TAMS 0x0000000747400000, 0x0000000747400000| Untracked 
| 565|0x0000000747600000, 0x0000000747600000, 0x0000000747800000|  0%| F|  |TAMS 0x0000000747600000, 0x0000000747600000| Untracked 
| 566|0x0000000747800000, 0x0000000747800000, 0x0000000747a00000|  0%| F|  |TAMS 0x0000000747800000, 0x0000000747800000| Untracked 
| 567|0x0000000747a00000, 0x0000000747a00000, 0x0000000747c00000|  0%| F|  |TAMS 0x0000000747a00000, 0x0000000747a00000| Untracked 
| 568|0x0000000747c00000, 0x0000000747c00000, 0x0000000747e00000|  0%| F|  |TAMS 0x0000000747c00000, 0x0000000747c00000| Untracked 
| 569|0x0000000747e00000, 0x0000000747e00000, 0x0000000748000000|  0%| F|  |TAMS 0x0000000747e00000, 0x0000000747e00000| Untracked 
| 570|0x0000000748000000, 0x0000000748000000, 0x0000000748200000|  0%| F|  |TAMS 0x0000000748000000, 0x0000000748000000| Untracked 
| 571|0x0000000748200000, 0x0000000748200000, 0x0000000748400000|  0%| F|  |TAMS 0x0000000748200000, 0x0000000748200000| Untracked 
| 572|0x0000000748400000, 0x0000000748400000, 0x0000000748600000|  0%| F|  |TAMS 0x0000000748400000, 0x0000000748400000| Untracked 
| 573|0x0000000748600000, 0x0000000748600000, 0x0000000748800000|  0%| F|  |TAMS 0x0000000748600000, 0x0000000748600000| Untracked 
| 574|0x0000000748800000, 0x0000000748800000, 0x0000000748a00000|  0%| F|  |TAMS 0x0000000748800000, 0x0000000748800000| Untracked 
| 575|0x0000000748a00000, 0x0000000748a00000, 0x0000000748c00000|  0%| F|  |TAMS 0x0000000748a00000, 0x0000000748a00000| Untracked 
| 576|0x0000000748c00000, 0x0000000748c00000, 0x0000000748e00000|  0%| F|  |TAMS 0x0000000748c00000, 0x0000000748c00000| Untracked 
| 577|0x0000000748e00000, 0x0000000748e00000, 0x0000000749000000|  0%| F|  |TAMS 0x0000000748e00000, 0x0000000748e00000| Untracked 
| 578|0x0000000749000000, 0x0000000749000000, 0x0000000749200000|  0%| F|  |TAMS 0x0000000749000000, 0x0000000749000000| Untracked 
| 579|0x0000000749200000, 0x0000000749200000, 0x0000000749400000|  0%| F|  |TAMS 0x0000000749200000, 0x0000000749200000| Untracked 
| 580|0x0000000749400000, 0x0000000749400000, 0x0000000749600000|  0%| F|  |TAMS 0x0000000749400000, 0x0000000749400000| Untracked 
| 581|0x0000000749600000, 0x0000000749600000, 0x0000000749800000|  0%| F|  |TAMS 0x0000000749600000, 0x0000000749600000| Untracked 
| 582|0x0000000749800000, 0x0000000749800000, 0x0000000749a00000|  0%| F|  |TAMS 0x0000000749800000, 0x0000000749800000| Untracked 
| 583|0x0000000749a00000, 0x0000000749a00000, 0x0000000749c00000|  0%| F|  |TAMS 0x0000000749a00000, 0x0000000749a00000| Untracked 
| 584|0x0000000749c00000, 0x0000000749cabfa0, 0x0000000749e00000| 33%| S|CS|TAMS 0x0000000749c00000, 0x0000000749c00000| Complete 
| 585|0x0000000749e00000, 0x0000000749e00000, 0x000000074a000000|  0%| F|  |TAMS 0x0000000749e00000, 0x0000000749e00000| Untracked 
| 586|0x000000074a000000, 0x000000074a000000, 0x000000074a200000|  0%| F|  |TAMS 0x000000074a000000, 0x000000074a000000| Untracked 
| 587|0x000000074a200000, 0x000000074a200000, 0x000000074a400000|  0%| F|  |TAMS 0x000000074a200000, 0x000000074a200000| Untracked 
| 588|0x000000074a400000, 0x000000074a400000, 0x000000074a600000|  0%| F|  |TAMS 0x000000074a400000, 0x000000074a400000| Untracked 
| 589|0x000000074a600000, 0x000000074a600000, 0x000000074a800000|  0%| F|  |TAMS 0x000000074a600000, 0x000000074a600000| Untracked 
| 590|0x000000074a800000, 0x000000074a800000, 0x000000074aa00000|  0%| F|  |TAMS 0x000000074a800000, 0x000000074a800000| Untracked 
| 591|0x000000074aa00000, 0x000000074aa00000, 0x000000074ac00000|  0%| F|  |TAMS 0x000000074aa00000, 0x000000074aa00000| Untracked 
| 592|0x000000074ac00000, 0x000000074ae00000, 0x000000074ae00000|100%| S|CS|TAMS 0x000000074ac00000, 0x000000074ac00000| Complete 
| 593|0x000000074ae00000, 0x000000074b000000, 0x000000074b000000|100%| S|CS|TAMS 0x000000074ae00000, 0x000000074ae00000| Complete 
| 594|0x000000074b000000, 0x000000074b200000, 0x000000074b200000|100%| S|CS|TAMS 0x000000074b000000, 0x000000074b000000| Complete 
| 595|0x000000074b200000, 0x000000074b400000, 0x000000074b400000|100%| S|CS|TAMS 0x000000074b200000, 0x000000074b200000| Complete 
| 596|0x000000074b400000, 0x000000074b600000, 0x000000074b600000|100%| S|CS|TAMS 0x000000074b400000, 0x000000074b400000| Complete 
| 597|0x000000074b600000, 0x000000074b800000, 0x000000074b800000|100%| S|CS|TAMS 0x000000074b600000, 0x000000074b600000| Complete 
| 598|0x000000074b800000, 0x000000074ba00000, 0x000000074ba00000|100%| S|CS|TAMS 0x000000074b800000, 0x000000074b800000| Complete 
| 599|0x000000074ba00000, 0x000000074ba00000, 0x000000074bc00000|  0%| F|  |TAMS 0x000000074ba00000, 0x000000074ba00000| Untracked 
| 600|0x000000074bc00000, 0x000000074bc00000, 0x000000074be00000|  0%| F|  |TAMS 0x000000074bc00000, 0x000000074bc00000| Untracked 
| 601|0x000000074be00000, 0x000000074be00000, 0x000000074c000000|  0%| F|  |TAMS 0x000000074be00000, 0x000000074be00000| Untracked 
| 602|0x000000074c000000, 0x000000074c000000, 0x000000074c200000|  0%| F|  |TAMS 0x000000074c000000, 0x000000074c000000| Untracked 
| 603|0x000000074c200000, 0x000000074c200000, 0x000000074c400000|  0%| F|  |TAMS 0x000000074c200000, 0x000000074c200000| Untracked 
| 604|0x000000074c400000, 0x000000074c400000, 0x000000074c600000|  0%| F|  |TAMS 0x000000074c400000, 0x000000074c400000| Untracked 
| 605|0x000000074c600000, 0x000000074c600000, 0x000000074c800000|  0%| F|  |TAMS 0x000000074c600000, 0x000000074c600000| Untracked 
| 606|0x000000074c800000, 0x000000074c800000, 0x000000074ca00000|  0%| F|  |TAMS 0x000000074c800000, 0x000000074c800000| Untracked 
| 607|0x000000074ca00000, 0x000000074ca00000, 0x000000074cc00000|  0%| F|  |TAMS 0x000000074ca00000, 0x000000074ca00000| Untracked 
| 608|0x000000074cc00000, 0x000000074cc00000, 0x000000074ce00000|  0%| F|  |TAMS 0x000000074cc00000, 0x000000074cc00000| Untracked 
| 609|0x000000074ce00000, 0x000000074ce00000, 0x000000074d000000|  0%| F|  |TAMS 0x000000074ce00000, 0x000000074ce00000| Untracked 
| 610|0x000000074d000000, 0x000000074d000000, 0x000000074d200000|  0%| F|  |TAMS 0x000000074d000000, 0x000000074d000000| Untracked 
| 611|0x000000074d200000, 0x000000074d200000, 0x000000074d400000|  0%| F|  |TAMS 0x000000074d200000, 0x000000074d200000| Untracked 
| 612|0x000000074d400000, 0x000000074d400000, 0x000000074d600000|  0%| F|  |TAMS 0x000000074d400000, 0x000000074d400000| Untracked 
| 613|0x000000074d600000, 0x000000074d600000, 0x000000074d800000|  0%| F|  |TAMS 0x000000074d600000, 0x000000074d600000| Untracked 
| 614|0x000000074d800000, 0x000000074d800000, 0x000000074da00000|  0%| F|  |TAMS 0x000000074d800000, 0x000000074d800000| Untracked 
| 615|0x000000074da00000, 0x000000074da00000, 0x000000074dc00000|  0%| F|  |TAMS 0x000000074da00000, 0x000000074da00000| Untracked 
| 616|0x000000074dc00000, 0x000000074dc00000, 0x000000074de00000|  0%| F|  |TAMS 0x000000074dc00000, 0x000000074dc00000| Untracked 
| 617|0x000000074de00000, 0x000000074de00000, 0x000000074e000000|  0%| F|  |TAMS 0x000000074de00000, 0x000000074de00000| Untracked 
| 618|0x000000074e000000, 0x000000074e000000, 0x000000074e200000|  0%| F|  |TAMS 0x000000074e000000, 0x000000074e000000| Untracked 
| 619|0x000000074e200000, 0x000000074e200000, 0x000000074e400000|  0%| F|  |TAMS 0x000000074e200000, 0x000000074e200000| Untracked 
| 620|0x000000074e400000, 0x000000074e400000, 0x000000074e600000|  0%| F|  |TAMS 0x000000074e400000, 0x000000074e400000| Untracked 
| 621|0x000000074e600000, 0x000000074e600000, 0x000000074e800000|  0%| F|  |TAMS 0x000000074e600000, 0x000000074e600000| Untracked 
| 622|0x000000074e800000, 0x000000074e800000, 0x000000074ea00000|  0%| F|  |TAMS 0x000000074e800000, 0x000000074e800000| Untracked 
| 623|0x000000074ea00000, 0x000000074ea00000, 0x000000074ec00000|  0%| F|  |TAMS 0x000000074ea00000, 0x000000074ea00000| Untracked 
| 624|0x000000074ec00000, 0x000000074ec00000, 0x000000074ee00000|  0%| F|  |TAMS 0x000000074ec00000, 0x000000074ec00000| Untracked 
| 625|0x000000074ee00000, 0x000000074ee00000, 0x000000074f000000|  0%| F|  |TAMS 0x000000074ee00000, 0x000000074ee00000| Untracked 
| 626|0x000000074f000000, 0x000000074f000000, 0x000000074f200000|  0%| F|  |TAMS 0x000000074f000000, 0x000000074f000000| Untracked 
| 627|0x000000074f200000, 0x000000074f200000, 0x000000074f400000|  0%| F|  |TAMS 0x000000074f200000, 0x000000074f200000| Untracked 
| 628|0x000000074f400000, 0x000000074f400000, 0x000000074f600000|  0%| F|  |TAMS 0x000000074f400000, 0x000000074f400000| Untracked 
| 629|0x000000074f600000, 0x000000074f600000, 0x000000074f800000|  0%| F|  |TAMS 0x000000074f600000, 0x000000074f600000| Untracked 
| 630|0x000000074f800000, 0x000000074f800000, 0x000000074fa00000|  0%| F|  |TAMS 0x000000074f800000, 0x000000074f800000| Untracked 
| 631|0x000000074fa00000, 0x000000074fa00000, 0x000000074fc00000|  0%| F|  |TAMS 0x000000074fa00000, 0x000000074fa00000| Untracked 
| 632|0x000000074fc00000, 0x000000074fc00000, 0x000000074fe00000|  0%| F|  |TAMS 0x000000074fc00000, 0x000000074fc00000| Untracked 
| 633|0x000000074fe00000, 0x000000074fe00000, 0x0000000750000000|  0%| F|  |TAMS 0x000000074fe00000, 0x000000074fe00000| Untracked 
| 634|0x0000000750000000, 0x0000000750000000, 0x0000000750200000|  0%| F|  |TAMS 0x0000000750000000, 0x0000000750000000| Untracked 
| 635|0x0000000750200000, 0x0000000750200000, 0x0000000750400000|  0%| F|  |TAMS 0x0000000750200000, 0x0000000750200000| Untracked 
| 636|0x0000000750400000, 0x0000000750400000, 0x0000000750600000|  0%| F|  |TAMS 0x0000000750400000, 0x0000000750400000| Untracked 
| 637|0x0000000750600000, 0x0000000750600000, 0x0000000750800000|  0%| F|  |TAMS 0x0000000750600000, 0x0000000750600000| Untracked 
| 638|0x0000000750800000, 0x0000000750800000, 0x0000000750a00000|  0%| F|  |TAMS 0x0000000750800000, 0x0000000750800000| Untracked 
| 639|0x0000000750a00000, 0x0000000750a00000, 0x0000000750c00000|  0%| F|  |TAMS 0x0000000750a00000, 0x0000000750a00000| Untracked 
| 640|0x0000000750c00000, 0x0000000750c00000, 0x0000000750e00000|  0%| F|  |TAMS 0x0000000750c00000, 0x0000000750c00000| Untracked 
| 641|0x0000000750e00000, 0x0000000750e00000, 0x0000000751000000|  0%| F|  |TAMS 0x0000000750e00000, 0x0000000750e00000| Untracked 
| 642|0x0000000751000000, 0x0000000751000000, 0x0000000751200000|  0%| F|  |TAMS 0x0000000751000000, 0x0000000751000000| Untracked 
| 643|0x0000000751200000, 0x0000000751200000, 0x0000000751400000|  0%| F|  |TAMS 0x0000000751200000, 0x0000000751200000| Untracked 
| 644|0x0000000751400000, 0x0000000751400000, 0x0000000751600000|  0%| F|  |TAMS 0x0000000751400000, 0x0000000751400000| Untracked 
| 645|0x0000000751600000, 0x0000000751600000, 0x0000000751800000|  0%| F|  |TAMS 0x0000000751600000, 0x0000000751600000| Untracked 
| 646|0x0000000751800000, 0x0000000751800000, 0x0000000751a00000|  0%| F|  |TAMS 0x0000000751800000, 0x0000000751800000| Untracked 
| 647|0x0000000751a00000, 0x0000000751a00000, 0x0000000751c00000|  0%| F|  |TAMS 0x0000000751a00000, 0x0000000751a00000| Untracked 
| 648|0x0000000751c00000, 0x0000000751c00000, 0x0000000751e00000|  0%| F|  |TAMS 0x0000000751c00000, 0x0000000751c00000| Untracked 
| 649|0x0000000751e00000, 0x0000000751e00000, 0x0000000752000000|  0%| F|  |TAMS 0x0000000751e00000, 0x0000000751e00000| Untracked 
| 650|0x0000000752000000, 0x0000000752000000, 0x0000000752200000|  0%| F|  |TAMS 0x0000000752000000, 0x0000000752000000| Untracked 
| 651|0x0000000752200000, 0x0000000752200000, 0x0000000752400000|  0%| F|  |TAMS 0x0000000752200000, 0x0000000752200000| Untracked 
| 652|0x0000000752400000, 0x0000000752400000, 0x0000000752600000|  0%| F|  |TAMS 0x0000000752400000, 0x0000000752400000| Untracked 
| 653|0x0000000752600000, 0x0000000752600000, 0x0000000752800000|  0%| F|  |TAMS 0x0000000752600000, 0x0000000752600000| Untracked 
| 654|0x0000000752800000, 0x0000000752800000, 0x0000000752a00000|  0%| F|  |TAMS 0x0000000752800000, 0x0000000752800000| Untracked 
| 655|0x0000000752a00000, 0x0000000752a00000, 0x0000000752c00000|  0%| F|  |TAMS 0x0000000752a00000, 0x0000000752a00000| Untracked 
| 656|0x0000000752c00000, 0x0000000752c00000, 0x0000000752e00000|  0%| F|  |TAMS 0x0000000752c00000, 0x0000000752c00000| Untracked 
| 657|0x0000000752e00000, 0x0000000752e00000, 0x0000000753000000|  0%| F|  |TAMS 0x0000000752e00000, 0x0000000752e00000| Untracked 
| 658|0x0000000753000000, 0x0000000753000000, 0x0000000753200000|  0%| F|  |TAMS 0x0000000753000000, 0x0000000753000000| Untracked 
| 659|0x0000000753200000, 0x0000000753200000, 0x0000000753400000|  0%| F|  |TAMS 0x0000000753200000, 0x0000000753200000| Untracked 
| 660|0x0000000753400000, 0x0000000753400000, 0x0000000753600000|  0%| F|  |TAMS 0x0000000753400000, 0x0000000753400000| Untracked 
| 661|0x0000000753600000, 0x0000000753600000, 0x0000000753800000|  0%| F|  |TAMS 0x0000000753600000, 0x0000000753600000| Untracked 
| 662|0x0000000753800000, 0x0000000753800000, 0x0000000753a00000|  0%| F|  |TAMS 0x0000000753800000, 0x0000000753800000| Untracked 
| 663|0x0000000753a00000, 0x0000000753a00000, 0x0000000753c00000|  0%| F|  |TAMS 0x0000000753a00000, 0x0000000753a00000| Untracked 
| 664|0x0000000753c00000, 0x0000000753c00000, 0x0000000753e00000|  0%| F|  |TAMS 0x0000000753c00000, 0x0000000753c00000| Untracked 
| 665|0x0000000753e00000, 0x0000000753e00000, 0x0000000754000000|  0%| F|  |TAMS 0x0000000753e00000, 0x0000000753e00000| Untracked 
| 666|0x0000000754000000, 0x0000000754000000, 0x0000000754200000|  0%| F|  |TAMS 0x0000000754000000, 0x0000000754000000| Untracked 
| 667|0x0000000754200000, 0x0000000754200000, 0x0000000754400000|  0%| F|  |TAMS 0x0000000754200000, 0x0000000754200000| Untracked 
| 668|0x0000000754400000, 0x0000000754400000, 0x0000000754600000|  0%| F|  |TAMS 0x0000000754400000, 0x0000000754400000| Untracked 
| 669|0x0000000754600000, 0x0000000754600000, 0x0000000754800000|  0%| F|  |TAMS 0x0000000754600000, 0x0000000754600000| Untracked 
| 670|0x0000000754800000, 0x0000000754800000, 0x0000000754a00000|  0%| F|  |TAMS 0x0000000754800000, 0x0000000754800000| Untracked 
| 671|0x0000000754a00000, 0x0000000754a00000, 0x0000000754c00000|  0%| F|  |TAMS 0x0000000754a00000, 0x0000000754a00000| Untracked 
| 672|0x0000000754c00000, 0x0000000754c00000, 0x0000000754e00000|  0%| F|  |TAMS 0x0000000754c00000, 0x0000000754c00000| Untracked 
| 673|0x0000000754e00000, 0x0000000754e00000, 0x0000000755000000|  0%| F|  |TAMS 0x0000000754e00000, 0x0000000754e00000| Untracked 
| 674|0x0000000755000000, 0x0000000755000000, 0x0000000755200000|  0%| F|  |TAMS 0x0000000755000000, 0x0000000755000000| Untracked 
| 675|0x0000000755200000, 0x0000000755200000, 0x0000000755400000|  0%| F|  |TAMS 0x0000000755200000, 0x0000000755200000| Untracked 
| 676|0x0000000755400000, 0x000000075549a460, 0x0000000755600000| 30%| E|  |TAMS 0x0000000755400000, 0x0000000755400000| Complete 
| 677|0x0000000755600000, 0x0000000755800000, 0x0000000755800000|100%| E|CS|TAMS 0x0000000755600000, 0x0000000755600000| Complete 
| 678|0x0000000755800000, 0x0000000755a00000, 0x0000000755a00000|100%| E|CS|TAMS 0x0000000755800000, 0x0000000755800000| Complete 
| 679|0x0000000755a00000, 0x0000000755c00000, 0x0000000755c00000|100%| E|CS|TAMS 0x0000000755a00000, 0x0000000755a00000| Complete 
| 680|0x0000000755c00000, 0x0000000755e00000, 0x0000000755e00000|100%| E|CS|TAMS 0x0000000755c00000, 0x0000000755c00000| Complete 
| 681|0x0000000755e00000, 0x0000000756000000, 0x0000000756000000|100%| E|CS|TAMS 0x0000000755e00000, 0x0000000755e00000| Complete 
| 682|0x0000000756000000, 0x0000000756200000, 0x0000000756200000|100%| E|  |TAMS 0x0000000756000000, 0x0000000756000000| Complete 
| 683|0x0000000756200000, 0x0000000756400000, 0x0000000756400000|100%| E|CS|TAMS 0x0000000756200000, 0x0000000756200000| Complete 
| 684|0x0000000756400000, 0x0000000756600000, 0x0000000756600000|100%| E|CS|TAMS 0x0000000756400000, 0x0000000756400000| Complete 
| 685|0x0000000756600000, 0x0000000756800000, 0x0000000756800000|100%| E|CS|TAMS 0x0000000756600000, 0x0000000756600000| Complete 
| 686|0x0000000756800000, 0x0000000756a00000, 0x0000000756a00000|100%| E|CS|TAMS 0x0000000756800000, 0x0000000756800000| Complete 
| 687|0x0000000756a00000, 0x0000000756c00000, 0x0000000756c00000|100%| E|CS|TAMS 0x0000000756a00000, 0x0000000756a00000| Complete 
| 688|0x0000000756c00000, 0x0000000756e00000, 0x0000000756e00000|100%| E|CS|TAMS 0x0000000756c00000, 0x0000000756c00000| Complete 
| 689|0x0000000756e00000, 0x0000000757000000, 0x0000000757000000|100%| E|CS|TAMS 0x0000000756e00000, 0x0000000756e00000| Complete 
| 690|0x0000000757000000, 0x0000000757200000, 0x0000000757200000|100%| E|CS|TAMS 0x0000000757000000, 0x0000000757000000| Complete 
| 691|0x0000000757200000, 0x0000000757400000, 0x0000000757400000|100%| E|CS|TAMS 0x0000000757200000, 0x0000000757200000| Complete 
| 692|0x0000000757400000, 0x0000000757600000, 0x0000000757600000|100%| E|CS|TAMS 0x0000000757400000, 0x0000000757400000| Complete 
| 693|0x0000000757600000, 0x0000000757800000, 0x0000000757800000|100%| E|CS|TAMS 0x0000000757600000, 0x0000000757600000| Complete 
| 694|0x0000000757800000, 0x0000000757a00000, 0x0000000757a00000|100%| E|CS|TAMS 0x0000000757800000, 0x0000000757800000| Complete 
| 695|0x0000000757a00000, 0x0000000757c00000, 0x0000000757c00000|100%| E|CS|TAMS 0x0000000757a00000, 0x0000000757a00000| Complete 
| 696|0x0000000757c00000, 0x0000000757e00000, 0x0000000757e00000|100%| E|CS|TAMS 0x0000000757c00000, 0x0000000757c00000| Complete 
| 697|0x0000000757e00000, 0x0000000758000000, 0x0000000758000000|100%| E|CS|TAMS 0x0000000757e00000, 0x0000000757e00000| Complete 
| 698|0x0000000758000000, 0x0000000758200000, 0x0000000758200000|100%| E|CS|TAMS 0x0000000758000000, 0x0000000758000000| Complete 
| 699|0x0000000758200000, 0x0000000758400000, 0x0000000758400000|100%| E|CS|TAMS 0x0000000758200000, 0x0000000758200000| Complete 
| 700|0x0000000758400000, 0x0000000758600000, 0x0000000758600000|100%| E|CS|TAMS 0x0000000758400000, 0x0000000758400000| Complete 
| 701|0x0000000758600000, 0x0000000758800000, 0x0000000758800000|100%| E|CS|TAMS 0x0000000758600000, 0x0000000758600000| Complete 
| 702|0x0000000758800000, 0x0000000758a00000, 0x0000000758a00000|100%| E|CS|TAMS 0x0000000758800000, 0x0000000758800000| Complete 
| 703|0x0000000758a00000, 0x0000000758c00000, 0x0000000758c00000|100%| E|CS|TAMS 0x0000000758a00000, 0x0000000758a00000| Complete 
| 704|0x0000000758c00000, 0x0000000758e00000, 0x0000000758e00000|100%| E|CS|TAMS 0x0000000758c00000, 0x0000000758c00000| Complete 
| 705|0x0000000758e00000, 0x0000000759000000, 0x0000000759000000|100%| E|CS|TAMS 0x0000000758e00000, 0x0000000758e00000| Complete 
| 706|0x0000000759000000, 0x0000000759200000, 0x0000000759200000|100%| E|CS|TAMS 0x0000000759000000, 0x0000000759000000| Complete 
| 707|0x0000000759200000, 0x0000000759400000, 0x0000000759400000|100%| E|CS|TAMS 0x0000000759200000, 0x0000000759200000| Complete 
| 708|0x0000000759400000, 0x0000000759600000, 0x0000000759600000|100%| E|CS|TAMS 0x0000000759400000, 0x0000000759400000| Complete 
| 709|0x0000000759600000, 0x0000000759800000, 0x0000000759800000|100%| E|CS|TAMS 0x0000000759600000, 0x0000000759600000| Complete 
| 710|0x0000000759800000, 0x0000000759a00000, 0x0000000759a00000|100%| E|CS|TAMS 0x0000000759800000, 0x0000000759800000| Complete 
| 711|0x0000000759a00000, 0x0000000759c00000, 0x0000000759c00000|100%| E|CS|TAMS 0x0000000759a00000, 0x0000000759a00000| Complete 
| 712|0x0000000759c00000, 0x0000000759e00000, 0x0000000759e00000|100%| E|CS|TAMS 0x0000000759c00000, 0x0000000759c00000| Complete 
| 713|0x0000000759e00000, 0x000000075a000000, 0x000000075a000000|100%| E|CS|TAMS 0x0000000759e00000, 0x0000000759e00000| Complete 
| 714|0x000000075a000000, 0x000000075a200000, 0x000000075a200000|100%| E|CS|TAMS 0x000000075a000000, 0x000000075a000000| Complete 
| 715|0x000000075a200000, 0x000000075a400000, 0x000000075a400000|100%| E|CS|TAMS 0x000000075a200000, 0x000000075a200000| Complete 
| 716|0x000000075a400000, 0x000000075a600000, 0x000000075a600000|100%| E|CS|TAMS 0x000000075a400000, 0x000000075a400000| Complete 
| 717|0x000000075a600000, 0x000000075a800000, 0x000000075a800000|100%| E|CS|TAMS 0x000000075a600000, 0x000000075a600000| Complete 

Card table byte_map: [0x0000019024820000,0x0000019025020000] _byte_map_base: 0x000001902101a000

Marking Bits (Prev, Next): (CMBitMap*) 0x000001900d1ede20, (CMBitMap*) 0x000001900d1edde0
 Prev Bits: [0x00000190297f0000, 0x000001902d7c0000)
 Next Bits: [0x0000019025820000, 0x00000190297f0000)

Polling page: 0x000001900b100000

Metaspace:

Usage:
  Non-class:    107.68 MB used.
      Class:     17.97 MB used.
       Both:    125.65 MB used.

Virtual space:
  Non-class space:      128.00 MB reserved,     108.69 MB ( 85%) committed,  2 nodes.
      Class space:        1.00 GB reserved,      18.81 MB (  2%) committed,  1 nodes.
             Both:        1.12 GB reserved,     127.50 MB ( 11%) committed. 

Chunk freelists:
   Non-Class:  2.75 MB
       Class:  13.06 MB
        Both:  15.81 MB

MaxMetaspaceSize: unlimited
CompressedClassSpaceSize: 1.00 GB
Initial GC threshold: 21.00 MB
Current GC threshold: 155.75 MB
CDS: on
MetaspaceReclaimPolicy: balanced
 - commit_granule_bytes: 65536.
 - commit_granule_words: 8192.
 - virtual_space_node_default_size: 8388608.
 - enlarge_chunks_in_place: 1.
 - new_chunks_are_fully_committed: 0.
 - uncommit_free_chunks: 1.
 - use_allocation_guard: 0.
 - handle_deallocations: 1.


Internal statistics:

num_allocs_failed_limit: 12.
num_arena_births: 3052.
num_arena_deaths: 4.
num_vsnodes_births: 3.
num_vsnodes_deaths: 0.
num_space_committed: 2035.
num_space_uncommitted: 0.
num_chunks_returned_to_freelist: 16.
num_chunks_taken_from_freelist: 8688.
num_chunk_merges: 12.
num_chunk_splits: 5512.
num_chunks_enlarged: 3508.
num_inconsistent_stats: 0.

CodeHeap 'non-profiled nmethods': size=120000Kb used=29932Kb max_used=30141Kb free=90067Kb
 bounds [0x000001901c7c0000, 0x000001901e550000, 0x0000019023cf0000]
CodeHeap 'profiled nmethods': size=120000Kb used=37100Kb max_used=38250Kb free=82899Kb
 bounds [0x0000019014cf0000, 0x0000019017280000, 0x000001901c220000]
CodeHeap 'non-nmethods': size=5760Kb used=2537Kb max_used=2619Kb free=3222Kb
 bounds [0x000001901c220000, 0x000001901c4d0000, 0x000001901c7c0000]
 total_blobs=26116 nmethods=23911 adapters=2112
 compilation: enabled
              stopped_count=0, restarted_count=0
 full_count=0

Compilation events (20 events):
Event: 100.336 Thread 0x0000019030299840 nmethod 38007 0x000001901dd34990 code [0x000001901dd34b20, 0x000001901dd34bf8]
Event: 100.347 Thread 0x000001903029a9a0 38009       3       net.minecraft.world.entity.ai.behavior.RandomStroll::getTargetSwimPos (118 bytes)
Event: 100.348 Thread 0x000001903029a9a0 nmethod 38009 0x0000019015c95790 code [0x0000019015c95b00, 0x0000019015c97bb8]
Event: 100.348 Thread 0x000001903029a9a0 38008       3       net.minecraft.world.entity.ai.behavior.RandomStroll$$Lambda$8980/0x0000019033151188::apply (8 bytes)
Event: 100.348 Thread 0x000001903029a9a0 nmethod 38008 0x000001901675b290 code [0x000001901675b440, 0x000001901675b668]
Event: 100.368 Thread 0x000001903029a9a0 38010       3       com.mojang.blaze3d.systems.RenderSystem::assertOnGameThread (11 bytes)
Event: 100.369 Thread 0x000001903029a9a0 nmethod 38010 0x00000190163eb590 code [0x00000190163eb740, 0x00000190163eb898]
Event: 100.386 Thread 0x000001903029a9a0 38011       3       java.lang.StringConcatHelper::mix (27 bytes)
Event: 100.387 Thread 0x000001903029a9a0 nmethod 38011 0x000001901672ca90 code [0x000001901672cc60, 0x000001901672d068]
Event: 100.387 Thread 0x000001903029a9a0 38012       3       java.lang.StringConcatHelper::prepend (22 bytes)
Event: 100.388 Thread 0x000001903029a9a0 nmethod 38012 0x000001901641de90 code [0x000001901641e040, 0x000001901641e1d8]
Event: 100.388 Thread 0x000001903029a9a0 38013       3       java.lang.StringConcatHelper::newString (67 bytes)
Event: 100.388 Thread 0x000001903029a9a0 nmethod 38013 0x0000019015c7e910 code [0x0000019015c7eba0, 0x0000019015c7f608]
Event: 100.417 Thread 0x0000019030299840 38014       4       net.minecraft.client.gui.font.glyphs.BakedGlyph::render (304 bytes)
Event: 100.431 Thread 0x000001903029a9a0 38015       3       net.minecraft.client.renderer.EffectInstance::getUniform (17 bytes)
Event: 100.432 Thread 0x000001903029a9a0 nmethod 38015 0x00000190168a5b10 code [0x00000190168a5d00, 0x00000190168a6278]
Event: 100.432 Thread 0x000001903029a9a0 38016       3       net.minecraft.client.renderer.EffectInstance::safeGetUniform (21 bytes)
Event: 100.432 Thread 0x000001903029a9a0 nmethod 38016 0x00000190150b8a10 code [0x00000190150b8c20, 0x00000190150b9318]
Event: 100.444 Thread 0x000001903029a9a0 38017       3       com.cult.cryptids.client.SirenFogHandler::getSirenFogStrength (124 bytes)
Event: 100.445 Thread 0x000001903029a9a0 nmethod 38017 0x0000019015f53390 code [0x0000019015f53660, 0x0000019015f543f8]

GC Heap History (20 events):
Event: 96.284 GC heap before
{Heap before GC invocations=177 (full 0):
 garbage-first heap   total 1470464K, used 1295345K [0x0000000700c00000, 0x0000000800000000)
  region size 2048K, 125 young (256000K), 9 survivors (18432K)
 Metaspace       used 128345K, committed 130304K, reserved 1179648K
  class space    used 18353K, committed 19264K, reserved 1048576K
}
Event: 96.290 GC heap after
{Heap after GC invocations=178 (full 0):
 garbage-first heap   total 1470464K, used 1059700K [0x0000000700c00000, 0x0000000800000000)
  region size 2048K, 9 young (18432K), 9 survivors (18432K)
 Metaspace       used 128345K, committed 130304K, reserved 1179648K
  class space    used 18353K, committed 19264K, reserved 1048576K
}
Event: 96.403 GC heap before
{Heap before GC invocations=178 (full 0):
 garbage-first heap   total 1470464K, used 1295220K [0x0000000700c00000, 0x0000000800000000)
  region size 2048K, 125 young (256000K), 9 survivors (18432K)
 Metaspace       used 128345K, committed 130304K, reserved 1179648K
  class space    used 18353K, committed 19264K, reserved 1048576K
}
Event: 96.409 GC heap after
{Heap after GC invocations=179 (full 0):
 garbage-first heap   total 1470464K, used 1060400K [0x0000000700c00000, 0x0000000800000000)
  region size 2048K, 9 young (18432K), 9 survivors (18432K)
 Metaspace       used 128345K, committed 130304K, reserved 1179648K
  class space    used 18353K, committed 19264K, reserved 1048576K
}
Event: 96.549 GC heap before
{Heap before GC invocations=179 (full 0):
 garbage-first heap   total 1470464K, used 1295920K [0x0000000700c00000, 0x0000000800000000)
  region size 2048K, 125 young (256000K), 9 survivors (18432K)
 Metaspace       used 128415K, committed 130368K, reserved 1179648K
  class space    used 18363K, committed 19264K, reserved 1048576K
}
Event: 96.555 GC heap after
{Heap after GC invocations=180 (full 0):
 garbage-first heap   total 1470464K, used 1061643K [0x0000000700c00000, 0x0000000800000000)
  region size 2048K, 9 young (18432K), 9 survivors (18432K)
 Metaspace       used 128415K, committed 130368K, reserved 1179648K
  class space    used 18363K, committed 19264K, reserved 1048576K
}
Event: 96.656 GC heap before
{Heap before GC invocations=180 (full 0):
 garbage-first heap   total 1470464K, used 1297163K [0x0000000700c00000, 0x0000000800000000)
  region size 2048K, 125 young (256000K), 9 survivors (18432K)
 Metaspace       used 128420K, committed 130368K, reserved 1179648K
  class space    used 18364K, committed 19264K, reserved 1048576K
}
Event: 96.661 GC heap after
{Heap after GC invocations=181 (full 0):
 garbage-first heap   total 1470464K, used 1060583K [0x0000000700c00000, 0x0000000800000000)
  region size 2048K, 8 young (16384K), 8 survivors (16384K)
 Metaspace       used 128420K, committed 130368K, reserved 1179648K
  class space    used 18364K, committed 19264K, reserved 1048576K
}
Event: 97.122 GC heap before
{Heap before GC invocations=181 (full 0):
 garbage-first heap   total 1470464K, used 1298151K [0x0000000700c00000, 0x0000000800000000)
  region size 2048K, 125 young (256000K), 8 survivors (16384K)
 Metaspace       used 128427K, committed 130368K, reserved 1179648K
  class space    used 18364K, committed 19264K, reserved 1048576K
}
Event: 97.127 GC heap after
{Heap after GC invocations=182 (full 0):
 garbage-first heap   total 1470464K, used 1060810K [0x0000000700c00000, 0x0000000800000000)
  region size 2048K, 8 young (16384K), 8 survivors (16384K)
 Metaspace       used 128427K, committed 130368K, reserved 1179648K
  class space    used 18364K, committed 19264K, reserved 1048576K
}
Event: 97.644 GC heap before
{Heap before GC invocations=182 (full 0):
 garbage-first heap   total 1470464K, used 1300426K [0x0000000700c00000, 0x0000000800000000)
  region size 2048K, 126 young (258048K), 8 survivors (16384K)
 Metaspace       used 128430K, committed 130368K, reserved 1179648K
  class space    used 18364K, committed 19264K, reserved 1048576K
}
Event: 97.648 GC heap after
{Heap after GC invocations=183 (full 0):
 garbage-first heap   total 1470464K, used 1060101K [0x0000000700c00000, 0x0000000800000000)
  region size 2048K, 8 young (16384K), 8 survivors (16384K)
 Metaspace       used 128430K, committed 130368K, reserved 1179648K
  class space    used 18364K, committed 19264K, reserved 1048576K
}
Event: 98.150 GC heap before
{Heap before GC invocations=183 (full 0):
 garbage-first heap   total 1470464K, used 1301765K [0x0000000700c00000, 0x0000000800000000)
  region size 2048K, 127 young (260096K), 8 survivors (16384K)
 Metaspace       used 128481K, committed 130432K, reserved 1179648K
  class space    used 18368K, committed 19264K, reserved 1048576K
}
Event: 98.155 GC heap after
{Heap after GC invocations=184 (full 0):
 garbage-first heap   total 1470464K, used 1060685K [0x0000000700c00000, 0x0000000800000000)
  region size 2048K, 8 young (16384K), 8 survivors (16384K)
 Metaspace       used 128481K, committed 130432K, reserved 1179648K
  class space    used 18368K, committed 19264K, reserved 1048576K
}
Event: 98.794 GC heap before
{Heap before GC invocations=184 (full 0):
 garbage-first heap   total 1470464K, used 1302349K [0x0000000700c00000, 0x0000000800000000)
  region size 2048K, 127 young (260096K), 8 survivors (16384K)
 Metaspace       used 128487K, committed 130432K, reserved 1179648K
  class space    used 18369K, committed 19264K, reserved 1048576K
}
Event: 98.798 GC heap after
{Heap after GC invocations=185 (full 0):
 garbage-first heap   total 1470464K, used 1060796K [0x0000000700c00000, 0x0000000800000000)
  region size 2048K, 8 young (16384K), 8 survivors (16384K)
 Metaspace       used 128487K, committed 130432K, reserved 1179648K
  class space    used 18369K, committed 19264K, reserved 1048576K
}
Event: 99.549 GC heap before
{Heap before GC invocations=185 (full 0):
 garbage-first heap   total 1470464K, used 1302460K [0x0000000700c00000, 0x0000000800000000)
  region size 2048K, 127 young (260096K), 8 survivors (16384K)
 Metaspace       used 128496K, committed 130432K, reserved 1179648K
  class space    used 18369K, committed 19264K, reserved 1048576K
}
Event: 99.553 GC heap after
{Heap after GC invocations=186 (full 0):
 garbage-first heap   total 1470464K, used 1060805K [0x0000000700c00000, 0x0000000800000000)
  region size 2048K, 8 young (16384K), 8 survivors (16384K)
 Metaspace       used 128496K, committed 130432K, reserved 1179648K
  class space    used 18369K, committed 19264K, reserved 1048576K
}
Event: 100.340 GC heap before
{Heap before GC invocations=186 (full 0):
 garbage-first heap   total 1470464K, used 1302469K [0x0000000700c00000, 0x0000000800000000)
  region size 2048K, 127 young (260096K), 8 survivors (16384K)
 Metaspace       used 128665K, committed 130560K, reserved 1179648K
  class space    used 18404K, committed 19264K, reserved 1048576K
}
Event: 100.346 GC heap after
{Heap after GC invocations=187 (full 0):
 garbage-first heap   total 1470464K, used 1060106K [0x0000000700c00000, 0x0000000800000000)
  region size 2048K, 8 young (16384K), 8 survivors (16384K)
 Metaspace       used 128665K, committed 130560K, reserved 1179648K
  class space    used 18404K, committed 19264K, reserved 1048576K
}

Dll operation events (15 events):
Event: 0.004 Loaded shared library C:\Users\poe09\.jdks\temurin-17.0.20.1\bin\java.dll
Event: 0.017 Loaded shared library C:\Users\poe09\.jdks\temurin-17.0.20.1\bin\jsvml.dll
Event: 0.121 Loaded shared library C:\Users\poe09\.jdks\temurin-17.0.20.1\bin\net.dll
Event: 0.122 Loaded shared library C:\Users\poe09\.jdks\temurin-17.0.20.1\bin\nio.dll
Event: 0.125 Loaded shared library C:\Users\poe09\.jdks\temurin-17.0.20.1\bin\zip.dll
Event: 0.178 Loaded shared library C:\Users\poe09\.jdks\temurin-17.0.20.1\bin\jimage.dll
Event: 0.457 Loaded shared library C:\Users\poe09\.jdks\temurin-17.0.20.1\bin\verify.dll
Event: 2.098 Loaded shared library C:\Users\poe09\.jdks\temurin-17.0.20.1\bin\management.dll
Event: 2.101 Loaded shared library C:\Users\poe09\.jdks\temurin-17.0.20.1\bin\management_ext.dll
Event: 2.689 Loaded shared library C:\Users\poe09\AppData\Local\Temp\lwjglwhite0hat1\3.3.1-build-7\lwjgl.dll
Event: 2.952 Loaded shared library C:\Users\poe09\AppData\Local\Temp\lwjglwhite0hat1\3.3.1-build-7\lwjgl_stb.dll
Event: 3.030 Loaded shared library C:\Users\poe09\AppData\Local\Temp\lwjglwhite0hat1\3.3.1-build-7\lwjgl_opengl.dll
Event: 5.883 Loaded shared library C:\Users\poe09\AppData\Local\Temp\jna-214797981\jna15686063142947154117.dll
Event: 11.426 Loaded shared library C:\Users\poe09\.jdks\temurin-17.0.20.1\bin\sunmscapi.dll
Event: 11.454 Loaded shared library C:\Users\poe09\.jdks\temurin-17.0.20.1\bin\extnet.dll

Deoptimization events (20 events):
Event: 100.034 Thread 0x000001900d17d8c0 Uncommon trap: trap_request=0xffffff45 fr.pc=0x000001901d14d41c relative=0x000000000000017c
Event: 100.034 Thread 0x000001900d17d8c0 Uncommon trap: reason=unstable_if action=reinterpret pc=0x000001901d14d41c method=net.minecraft.client.gui.Font.renderChar(Lnet/minecraft/client/gui/font/glyphs/BakedGlyph;ZZFFFLorg/joml/Matrix4f;Lcom/mojang/blaze3d/vertex/VertexConsumer;FFFFI)V @ 24 c2
Event: 100.034 Thread 0x000001900d17d8c0 DEOPT PACKING pc=0x000001901d14d41c sp=0x00000062c8ffd870
Event: 100.034 Thread 0x000001900d17d8c0 DEOPT UNPACKING pc=0x000001901c2769a3 sp=0x00000062c8ffd870 mode 2
Event: 100.035 Thread 0x000001900d17d8c0 Uncommon trap: trap_request=0xffffff45 fr.pc=0x000001901d1b64fc relative=0x000000000000005c
Event: 100.035 Thread 0x000001900d17d8c0 Uncommon trap: reason=unstable_if action=reinterpret pc=0x000001901d1b64fc method=net.minecraft.network.chat.Style.isItalic()Z @ 7 c2
Event: 100.035 Thread 0x000001900d17d8c0 DEOPT PACKING pc=0x000001901d1b64fc sp=0x00000062c8ffd5d0
Event: 100.035 Thread 0x000001900d17d8c0 DEOPT UNPACKING pc=0x000001901c2769a3 sp=0x00000062c8ffd558 mode 2
Event: 100.035 Thread 0x000001900d17d8c0 Uncommon trap: trap_request=0xffffff45 fr.pc=0x000001901d145864 relative=0x00000000000040e4
Event: 100.035 Thread 0x000001900d17d8c0 Uncommon trap: reason=unstable_if action=reinterpret pc=0x000001901d145864 method=net.minecraft.client.gui.font.glyphs.BakedGlyph.render(ZFFLorg/joml/Matrix4f;Lcom/mojang/blaze3d/vertex/VertexConsumer;FFFFI)V @ 50 c2
Event: 100.035 Thread 0x000001900d17d8c0 DEOPT PACKING pc=0x000001901d145864 sp=0x00000062c8ffd410
Event: 100.035 Thread 0x000001900d17d8c0 DEOPT UNPACKING pc=0x000001901c2769a3 sp=0x00000062c8ffd418 mode 2
Event: 100.045 Thread 0x000001900d17d8c0 Uncommon trap: trap_request=0xffffffde fr.pc=0x000001901dd5b7f4 relative=0x00000000000003b4
Event: 100.045 Thread 0x000001900d17d8c0 Uncommon trap: reason=class_check action=maybe_recompile pc=0x000001901dd5b7f4 method=com.mojang.blaze3d.vertex.BufferBuilder.begin(Lcom/mojang/blaze3d/vertex/VertexFormat$Mode;Lcom/mojang/blaze3d/vertex/VertexFormat;)V @ 38 c2
Event: 100.045 Thread 0x000001900d17d8c0 DEOPT PACKING pc=0x000001901dd5b7f4 sp=0x00000062c8ffdbf0
Event: 100.045 Thread 0x000001900d17d8c0 DEOPT UNPACKING pc=0x000001901c2769a3 sp=0x00000062c8ffdbb0 mode 2
Event: 100.045 Thread 0x000001900d17d8c0 Uncommon trap: trap_request=0xffffffde fr.pc=0x000001901dd5b7f4 relative=0x00000000000003b4
Event: 100.045 Thread 0x000001900d17d8c0 Uncommon trap: reason=class_check action=maybe_recompile pc=0x000001901dd5b7f4 method=com.mojang.blaze3d.vertex.BufferBuilder.begin(Lcom/mojang/blaze3d/vertex/VertexFormat$Mode;Lcom/mojang/blaze3d/vertex/VertexFormat;)V @ 38 c2
Event: 100.045 Thread 0x000001900d17d8c0 DEOPT PACKING pc=0x000001901dd5b7f4 sp=0x00000062c8ffdbf0
Event: 100.045 Thread 0x000001900d17d8c0 DEOPT UNPACKING pc=0x000001901c2769a3 sp=0x00000062c8ffdbb0 mode 2

Classes loaded (20 events):
Event: 54.066 Loading class java/util/IdentityHashMap$EntrySpliterator
Event: 54.066 Loading class java/util/IdentityHashMap$EntrySpliterator done
Event: 54.095 Loading class java/util/concurrent/PriorityBlockingQueue
Event: 54.095 Loading class java/util/concurrent/PriorityBlockingQueue done
Event: 54.264 Loading class java/text/DigitList$1
Event: 54.264 Loading class java/text/DigitList$1 done
Event: 54.519 Loading class java/util/concurrent/ForkJoinTask$AdaptedRunnableAction
Event: 54.520 Loading class java/util/concurrent/ForkJoinTask$AdaptedRunnableAction done
Event: 55.024 Loading class java/util/IdentityHashMap$KeySpliterator
Event: 55.024 Loading class java/util/IdentityHashMap$KeySpliterator done
Event: 60.683 Loading class java/util/Spliterators$IntArraySpliterator
Event: 60.684 Loading class java/util/Spliterators$IntArraySpliterator done
Event: 60.718 Loading class java/util/Spliterators$LongArraySpliterator
Event: 60.718 Loading class java/util/Spliterators$LongArraySpliterator done
Event: 60.719 Loading class java/util/stream/Nodes$LongFixedNodeBuilder
Event: 60.719 Loading class java/util/stream/Node$Builder$OfLong
Event: 60.719 Loading class java/util/stream/Node$Builder$OfLong done
Event: 60.719 Loading class java/util/stream/Nodes$LongArrayNode
Event: 60.719 Loading class java/util/stream/Nodes$LongArrayNode done
Event: 60.719 Loading class java/util/stream/Nodes$LongFixedNodeBuilder done

Classes unloaded (2 events):
Event: 14.072 Thread 0x000001903013ed00 Unloading class 0x0000019032e18800 'java/lang/invoke/LambdaForm$DMH+0x0000019032e18800'
Event: 14.072 Thread 0x000001903013ed00 Unloading class 0x0000019032e18400 'java/lang/invoke/LambdaForm$DMH+0x0000019032e18400'

Classes redefined (0 events):
No events

Internal exceptions (20 events):
Event: 99.955 Thread 0x000001900d17d8c0 Exception <a 'java/lang/NoSuchMethodError'{0x00000007518424a0}: 'java.lang.Object java.lang.invoke.DirectMethodHandle$Holder.newInvokeSpecial(java.lang.Object, java.lang.Object, java.lang.Object, long, java.lang.Object)'> (0x00000007518424a0) 
thrown [s\src\hotspot\share\interpreter\linkResolver.cpp, line 759]
Event: 99.955 Thread 0x000001900d17d8c0 Exception <a 'java/lang/NoSuchMethodError'{0x0000000751849a58}: 'java.lang.Object java.lang.invoke.Invokers$Holder.linkToTargetMethod(java.lang.Object, java.lang.Object, long, java.lang.Object, java.lang.Object)'> (0x0000000751849a58) 
thrown [s\src\hotspot\share\interpreter\linkResolver.cpp, line 759]
Event: 99.963 Thread 0x000001900d17d8c0 Exception <a 'java/lang/NoSuchMethodError'{0x000000075198df88}: 'int java.lang.invoke.DirectMethodHandle$Holder.invokeStatic(java.lang.Object, java.lang.Object, int, java.lang.Object)'> (0x000000075198df88) 
thrown [s\src\hotspot\share\interpreter\linkResolver.cpp, line 759]
Event: 99.967 Thread 0x000001900d17d8c0 Exception <a 'sun/nio/fs/WindowsException'{0x00000007516268d0}> (0x00000007516268d0) 
thrown [s\src\hotspot\share\prims\jni.cpp, line 516]
Event: 99.967 Thread 0x000001900d17d8c0 Exception <a 'sun/nio/fs/WindowsException'{0x00000007516292e8}> (0x00000007516292e8) 
thrown [s\src\hotspot\share\prims\jni.cpp, line 516]
Event: 99.968 Thread 0x000001900d17d8c0 Exception <a 'sun/nio/fs/WindowsException'{0x0000000751633b10}> (0x0000000751633b10) 
thrown [s\src\hotspot\share\prims\jni.cpp, line 516]
Event: 99.968 Thread 0x000001900d17d8c0 Exception <a 'sun/nio/fs/WindowsException'{0x0000000751636540}> (0x0000000751636540) 
thrown [s\src\hotspot\share\prims\jni.cpp, line 516]
Event: 99.969 Thread 0x000001900d17d8c0 Exception <a 'sun/nio/fs/WindowsException'{0x00000007516442b8}> (0x00000007516442b8) 
thrown [s\src\hotspot\share\prims\jni.cpp, line 516]
Event: 99.969 Thread 0x000001900d17d8c0 Exception <a 'sun/nio/fs/WindowsException'{0x0000000751646ca0}> (0x0000000751646ca0) 
thrown [s\src\hotspot\share\prims\jni.cpp, line 516]
Event: 99.977 Thread 0x0000019005b711b0 Exception <a 'sun/nio/fs/WindowsException'{0x0000000751694a40}> (0x0000000751694a40) 
thrown [s\src\hotspot\share\prims\jni.cpp, line 516]
Event: 99.988 Thread 0x0000019005b711b0 Exception <a 'sun/nio/fs/WindowsException'{0x00000007517ee690}> (0x00000007517ee690) 
thrown [s\src\hotspot\share\prims\jni.cpp, line 516]
Event: 100.139 Thread 0x0000019005b711b0 Exception <a 'sun/nio/fs/WindowsException'{0x000000074d0ae678}> (0x000000074d0ae678) 
thrown [s\src\hotspot\share\prims\jni.cpp, line 516]
Event: 100.388 Thread 0x0000019005b711b0 Exception <a 'sun/nio/fs/WindowsException'{0x0000000757000258}> (0x0000000757000258) 
thrown [s\src\hotspot\share\prims\jni.cpp, line 516]
Event: 100.390 Thread 0x00000190bbb8df40 Exception <a 'sun/nio/fs/WindowsException'{0x0000000756eac4e8}> (0x0000000756eac4e8) 
thrown [s\src\hotspot\share\prims\jni.cpp, line 516]
Event: 100.391 Thread 0x0000019005b711b0 Exception <a 'sun/nio/fs/WindowsException'{0x0000000756c00368}> (0x0000000756c00368) 
thrown [s\src\hotspot\share\prims\jni.cpp, line 516]
Event: 100.394 Thread 0x0000019005b711b0 Exception <a 'sun/nio/fs/WindowsException'{0x0000000756c064a0}> (0x0000000756c064a0) 
thrown [s\src\hotspot\share\prims\jni.cpp, line 516]
Event: 100.397 Thread 0x00000190bbb8df40 Exception <a 'sun/nio/fs/WindowsException'{0x0000000756da9a28}> (0x0000000756da9a28) 
thrown [s\src\hotspot\share\prims\jni.cpp, line 516]
Event: 100.398 Thread 0x0000019005b711b0 Exception <a 'sun/nio/fs/WindowsException'{0x0000000756a00dc8}> (0x0000000756a00dc8) 
thrown [s\src\hotspot\share\prims\jni.cpp, line 516]
Event: 100.400 Thread 0x00000190bbb8df40 Exception <a 'sun/nio/fs/WindowsException'{0x0000000756a06de0}> (0x0000000756a06de0) 
thrown [s\src\hotspot\share\prims\jni.cpp, line 516]
Event: 100.402 Thread 0x0000019005b711b0 Exception <a 'sun/nio/fs/WindowsException'{0x0000000756a0d788}> (0x0000000756a0d788) 
thrown [s\src\hotspot\share\prims\jni.cpp, line 516]

VM Operations (20 events):
Event: 96.403 Executing VM operation: G1CollectForAllocation
Event: 96.409 Executing VM operation: G1CollectForAllocation done
Event: 96.412 Executing VM operation: HandshakeAllThreads
Event: 96.417 Executing VM operation: HandshakeAllThreads done
Event: 96.549 Executing VM operation: G1CollectForAllocation
Event: 96.555 Executing VM operation: G1CollectForAllocation done
Event: 96.656 Executing VM operation: G1CollectForAllocation
Event: 96.661 Executing VM operation: G1CollectForAllocation done
Event: 97.122 Executing VM operation: G1CollectForAllocation
Event: 97.128 Executing VM operation: G1CollectForAllocation done
Event: 97.644 Executing VM operation: G1CollectForAllocation
Event: 97.648 Executing VM operation: G1CollectForAllocation done
Event: 98.150 Executing VM operation: G1CollectForAllocation
Event: 98.155 Executing VM operation: G1CollectForAllocation done
Event: 98.794 Executing VM operation: G1CollectForAllocation
Event: 98.798 Executing VM operation: G1CollectForAllocation done
Event: 99.549 Executing VM operation: G1CollectForAllocation
Event: 99.553 Executing VM operation: G1CollectForAllocation done
Event: 100.340 Executing VM operation: G1CollectForAllocation
Event: 100.346 Executing VM operation: G1CollectForAllocation done

Memory protections (0 events):
No events

Nmethod flushes (20 events):
Event: 96.461 Thread 0x00000190302a9930 flushing  nmethod 0x0000019016f9a390
Event: 96.462 Thread 0x00000190302a9930 flushing  nmethod 0x0000019016fd3a90
Event: 96.462 Thread 0x00000190302a9930 flushing  nmethod 0x0000019016ffa890
Event: 96.462 Thread 0x00000190302a9930 flushing  nmethod 0x0000019017004f90
Event: 96.462 Thread 0x00000190302a9930 flushing  nmethod 0x0000019017019190
Event: 96.462 Thread 0x00000190302a9930 flushing  nmethod 0x000001901703f690
Event: 96.462 Thread 0x00000190302a9930 flushing  nmethod 0x0000019017045910
Event: 96.462 Thread 0x00000190302a9930 flushing  nmethod 0x00000190170a9710
Event: 96.462 Thread 0x00000190302a9930 flushing  nmethod 0x00000190170c9410
Event: 96.462 Thread 0x00000190302a9930 flushing  nmethod 0x00000190170cd510
Event: 96.462 Thread 0x00000190302a9930 flushing  nmethod 0x00000190170ce490
Event: 96.462 Thread 0x00000190302a9930 flushing  nmethod 0x00000190170cfe90
Event: 96.462 Thread 0x00000190302a9930 flushing  nmethod 0x00000190170d1b10
Event: 96.462 Thread 0x00000190302a9930 flushing  nmethod 0x00000190170dc490
Event: 96.462 Thread 0x00000190302a9930 flushing  nmethod 0x00000190170f7110
Event: 96.463 Thread 0x00000190302a9930 flushing  nmethod 0x000001901711a790
Event: 96.463 Thread 0x00000190302a9930 flushing  nmethod 0x0000019017123390
Event: 96.463 Thread 0x00000190302a9930 flushing  nmethod 0x0000019017123d10
Event: 96.463 Thread 0x00000190302a9930 flushing  nmethod 0x000001901713a190
Event: 96.463 Thread 0x00000190302a9930 flushing  nmethod 0x00000190171d8510

Events (20 events):
Event: 87.105 Thread 0x000001903029a9a0 Thread added: 0x0000019004427a50
Event: 87.542 Thread 0x0000019004427a50 Thread exited: 0x0000019004427a50
Event: 87.946 Thread 0x000001903029a9a0 Thread added: 0x00000190c584b990
Event: 88.733 Thread 0x00000190c584b990 Thread exited: 0x00000190c584b990
Event: 91.125 Thread 0x000001903029a9a0 Thread added: 0x00000190b08bf6e0
Event: 91.125 Thread 0x000001903029a9a0 Thread added: 0x00000190b08c0180
Event: 91.366 Thread 0x00000190b08c0180 Thread exited: 0x00000190b08c0180
Event: 91.541 Thread 0x00000190b08bf6e0 Thread exited: 0x00000190b08bf6e0
Event: 94.753 Thread 0x0000019030299840 Thread added: 0x0000019004427fa0
Event: 94.753 Thread 0x0000019030299840 Thread added: 0x0000019004427a50
Event: 95.219 Thread 0x0000019004427a50 Thread exited: 0x0000019004427a50
Event: 95.582 Thread 0x000001903029a9a0 Thread added: 0x00000190c59e79e0
Event: 95.928 Thread 0x00000190c59e79e0 Thread exited: 0x00000190c59e79e0
Event: 95.928 Thread 0x0000019004427fa0 Thread exited: 0x0000019004427fa0
Event: 96.461 Thread 0x000001903029a9a0 Thread added: 0x00000190c584b990
Event: 96.644 Thread 0x00000190c584b990 Thread exited: 0x00000190c584b990
Event: 100.037 Thread 0x000001903029a9a0 Thread added: 0x00000190c584c980
Event: 100.037 Thread 0x000001903029a9a0 Thread added: 0x00000190c584b990
Event: 100.188 Thread 0x00000190c584b990 Thread exited: 0x00000190c584b990
Event: 100.236 Thread 0x00000190c584c980 Thread exited: 0x00000190c584c980


Dynamic libraries:
0x00007ff7041a0000 - 0x00007ff7041ae000 	C:\Users\poe09\.jdks\temurin-17.0.20.1\bin\java.exe
0x00007fffef910000 - 0x00007fffefb08000 	C:\Windows\SYSTEM32\ntdll.dll
0x00007fffef050000 - 0x00007fffef111000 	C:\Windows\System32\KERNEL32.DLL
0x00007fffed420000 - 0x00007fffed71d000 	C:\Windows\System32\KERNELBASE.dll
0x00007fffed320000 - 0x00007fffed420000 	C:\Windows\System32\ucrtbase.dll
0x00007fffb35d0000 - 0x00007fffb35ee000 	C:\Users\poe09\.jdks\temurin-17.0.20.1\bin\VCRUNTIME140.dll
0x00007fffb3660000 - 0x00007fffb3678000 	C:\Users\poe09\.jdks\temurin-17.0.20.1\bin\jli.dll
0x00007fffef120000 - 0x00007fffef2bd000 	C:\Windows\System32\USER32.dll
0x00007fffed840000 - 0x00007fffed862000 	C:\Windows\System32\win32u.dll
0x00007fffcf080000 - 0x00007fffcf31a000 	C:\Windows\WinSxS\amd64_microsoft.windows.common-controls_6595b64144ccf1df_6.0.19041.4355_none_60b8b9eb71f62e16\COMCTL32.dll
0x00007fffef020000 - 0x00007fffef04b000 	C:\Windows\System32\GDI32.dll
0x00007fffef490000 - 0x00007fffef52e000 	C:\Windows\System32\msvcrt.dll
0x00007fffecf90000 - 0x00007fffed0a7000 	C:\Windows\System32\gdi32full.dll
0x00007fffed870000 - 0x00007fffed90d000 	C:\Windows\System32\msvcp_win.dll
0x00007fffee110000 - 0x00007fffee13f000 	C:\Windows\System32\IMM32.DLL
0x00007fffe9580000 - 0x00007fffe958c000 	C:\Users\poe09\.jdks\temurin-17.0.20.1\bin\vcruntime140_1.dll
0x00007fff9e130000 - 0x00007fff9e1bd000 	C:\Users\poe09\.jdks\temurin-17.0.20.1\bin\msvcp140.dll
0x00007fff01930000 - 0x00007fff0259c000 	C:\Users\poe09\.jdks\temurin-17.0.20.1\bin\server\jvm.dll
0x00007fffeef70000 - 0x00007fffef020000 	C:\Windows\System32\ADVAPI32.dll
0x00007fffef2c0000 - 0x00007fffef360000 	C:\Windows\System32\sechost.dll
0x00007fffee140000 - 0x00007fffee263000 	C:\Windows\System32\RPCRT4.dll
0x00007fffed0b0000 - 0x00007fffed0d7000 	C:\Windows\System32\bcrypt.dll
0x00007fffeef00000 - 0x00007fffeef6b000 	C:\Windows\System32\WS2_32.dll
0x00007fffec520000 - 0x00007fffec56b000 	C:\Windows\SYSTEM32\POWRPROF.dll
0x00007fffe31d0000 - 0x00007fffe31f7000 	C:\Windows\SYSTEM32\WINMM.dll
0x00007fffe6870000 - 0x00007fffe687a000 	C:\Windows\SYSTEM32\VERSION.dll
0x00007fffec390000 - 0x00007fffec3a2000 	C:\Windows\SYSTEM32\UMPDC.dll
0x00007fffead50000 - 0x00007fffead62000 	C:\Windows\SYSTEM32\kernel.appcore.dll
0x00007fffe9540000 - 0x00007fffe954a000 	C:\Users\poe09\.jdks\temurin-17.0.20.1\bin\jimage.dll
0x00007fffe2890000 - 0x00007fffe2a74000 	C:\Windows\SYSTEM32\DBGHELP.DLL
0x00007fffe1780000 - 0x00007fffe17b4000 	C:\Windows\SYSTEM32\dbgcore.DLL
0x00007fffed0e0000 - 0x00007fffed162000 	C:\Windows\System32\bcryptPrimitives.dll
0x00007fffaf4a0000 - 0x00007fffaf4c5000 	C:\Users\poe09\.jdks\temurin-17.0.20.1\bin\java.dll
0x00007fff9d380000 - 0x00007fff9d457000 	C:\Users\poe09\.jdks\temurin-17.0.20.1\bin\jsvml.dll
0x00007fffee270000 - 0x00007fffee9df000 	C:\Windows\System32\SHELL32.dll
0x00007fffeb030000 - 0x00007fffeb7d3000 	C:\Windows\SYSTEM32\windows.storage.dll
0x00007fffee9e0000 - 0x00007fffeed33000 	C:\Windows\System32\combase.dll
0x00007fffec9c0000 - 0x00007fffec9ee000 	C:\Windows\SYSTEM32\Wldp.dll
0x00007fffedbd0000 - 0x00007fffedc9d000 	C:\Windows\System32\OLEAUT32.dll
0x00007fffef640000 - 0x00007fffef6ed000 	C:\Windows\System32\SHCORE.dll
0x00007fffef560000 - 0x00007fffef5b5000 	C:\Windows\System32\shlwapi.dll
0x00007fffecec0000 - 0x00007fffecee4000 	C:\Windows\SYSTEM32\profapi.dll
0x00007fffb0500000 - 0x00007fffb051a000 	C:\Users\poe09\.jdks\temurin-17.0.20.1\bin\net.dll
0x00007fffe7ea0000 - 0x00007fffe7fad000 	C:\Windows\SYSTEM32\WINHTTP.dll
0x00007fffec720000 - 0x00007fffec78a000 	C:\Windows\system32\mswsock.dll
0x00007fffaee90000 - 0x00007fffaeea6000 	C:\Users\poe09\.jdks\temurin-17.0.20.1\bin\nio.dll
0x00007fffb2df0000 - 0x00007fffb2e08000 	C:\Users\poe09\.jdks\temurin-17.0.20.1\bin\zip.dll
0x00007fffc5780000 - 0x00007fffc5790000 	C:\Users\poe09\.jdks\temurin-17.0.20.1\bin\verify.dll
0x00007fffc4a70000 - 0x00007fffc4a7a000 	C:\Users\poe09\.jdks\temurin-17.0.20.1\bin\management.dll
0x00007fffb3270000 - 0x00007fffb327c000 	C:\Users\poe09\.jdks\temurin-17.0.20.1\bin\management_ext.dll
0x00007fffef480000 - 0x00007fffef488000 	C:\Windows\System32\PSAPI.DLL
0x00007fffc8ac0000 - 0x00007fffc8ad7000 	C:\Windows\system32\napinsp.dll
0x00007fffc8a70000 - 0x00007fffc8a8b000 	C:\Windows\system32\pnrpnsp.dll
0x00007fffc8a50000 - 0x00007fffc8a65000 	C:\Windows\system32\wshbth.dll
0x00007fffe92d0000 - 0x00007fffe92ed000 	C:\Windows\system32\NLAapi.dll
0x00007fffec3b0000 - 0x00007fffec3eb000 	C:\Windows\SYSTEM32\IPHLPAPI.DLL
0x00007fffec400000 - 0x00007fffec4ca000 	C:\Windows\SYSTEM32\DNSAPI.dll
0x00007fffef530000 - 0x00007fffef538000 	C:\Windows\System32\NSI.dll
0x00007fffc8a30000 - 0x00007fffc8a42000 	C:\Windows\System32\winrnr.dll
0x00007fffd65a0000 - 0x00007fffd65aa000 	C:\Windows\System32\rasadhlp.dll
0x00007fffd66c0000 - 0x00007fffd6740000 	C:\Windows\System32\fwpuclnt.dll
0x00007fffa31e0000 - 0x00007fffa3255000 	C:\Users\poe09\AppData\Local\Temp\lwjglwhite0hat1\3.3.1-build-7\lwjgl.dll
0x00007fff9f700000 - 0x00007fff9f761000 	C:\Users\poe09\AppData\Local\Temp\lwjglwhite0hat1\3.3.1-build-7\glfw.dll
0x00007fffa9680000 - 0x00007fffa96c5000 	C:\Windows\SYSTEM32\dinput8.dll
0x00007fffe69d0000 - 0x00007fffe69e1000 	C:\Windows\SYSTEM32\xinput1_4.dll
0x00007fffed170000 - 0x00007fffed1be000 	C:\Windows\System32\cfgmgr32.dll
0x00007fffecd20000 - 0x00007fffecd53000 	C:\Windows\SYSTEM32\DEVOBJ.dll
0x00007fffead20000 - 0x00007fffead4f000 	C:\Windows\SYSTEM32\dwmapi.dll
0x00007fffd6310000 - 0x00007fffd6462000 	C:\Windows\SYSTEM32\inputhost.dll
0x00007fffe9330000 - 0x00007fffe9487000 	C:\Windows\SYSTEM32\wintypes.dll
0x00007fffea000000 - 0x00007fffea0f2000 	C:\Windows\SYSTEM32\CoreMessaging.dll
0x00007fffe7b30000 - 0x00007fffe7c26000 	C:\Windows\SYSTEM32\PROPSYS.dll
0x00007fffe9ca0000 - 0x00007fffe9ffb000 	C:\Windows\SYSTEM32\CoreUIComponents.dll
0x00007fffec220000 - 0x00007fffec253000 	C:\Windows\SYSTEM32\ntmarta.dll
0x00007fffea940000 - 0x00007fffea9de000 	C:\Windows\system32\uxtheme.dll
0x00007fffef360000 - 0x00007fffef475000 	C:\Windows\System32\MSCTF.dll
0x00007fff9d460000 - 0x00007fff9d588000 	C:\Windows\SYSTEM32\opengl32.dll
0x00007fffb3680000 - 0x00007fffb36ac000 	C:\Windows\SYSTEM32\GLU32.dll
0x00007fffedb20000 - 0x00007fffedbc9000 	C:\Windows\System32\clbcatq.dll
0x00007ffe9e810000 - 0x00007ffea1135000 	C:\Windows\System32\DriverStore\FileRepository\nv_dispi.inf_amd64_adc55ecfca814224\nvoglv64.dll
0x00007fffedca0000 - 0x00007fffee10e000 	C:\Windows\System32\SETUPAPI.dll
0x00007fffed910000 - 0x00007fffeda3b000 	C:\Windows\System32\ole32.dll
0x00007fffe8030000 - 0x00007fffe8044000 	C:\Windows\SYSTEM32\WTSAPI32.dll
0x00007fffecb50000 - 0x00007fffecb62000 	C:\Windows\SYSTEM32\msasn1.dll
0x00007fffe6300000 - 0x00007fffe6331000 	C:\Windows\SYSTEM32\cryptnet.dll
0x00007fffed1c0000 - 0x00007fffed31c000 	C:\Windows\System32\CRYPT32.dll
0x00007fffec910000 - 0x00007fffec91c000 	C:\Windows\SYSTEM32\cryptbase.dll
0x00007fffe60a0000 - 0x00007fffe61e7000 	C:\Windows\SYSTEM32\drvstore.dll
0x00007fffed720000 - 0x00007fffed789000 	C:\Windows\System32\WINTRUST.dll
0x00007fffef540000 - 0x00007fffef55d000 	C:\Windows\System32\imagehlp.dll
0x00007fffec920000 - 0x00007fffec938000 	C:\Windows\SYSTEM32\CRYPTSP.dll
0x00007fffebfd0000 - 0x00007fffec004000 	C:\Windows\system32\rsaenh.dll
0x00007fffd7b50000 - 0x00007fffdc84f000 	C:\Windows\System32\DriverStore\FileRepository\nv_dispi.inf_amd64_adc55ecfca814224\nvgpucomp64.dll
0x00007fffe5790000 - 0x00007fffe57cb000 	C:\Windows\SYSTEM32\dxcore.dll
0x00007fffb46f0000 - 0x00007fffb485d000 	C:\Windows\system32\nvspcap64.dll
0x00007fffebc50000 - 0x00007fffebcab000 	C:\Windows\SYSTEM32\WINSTA.dll
0x00007fff086d0000 - 0x00007fff08929000 	C:\Users\poe09\AppData\Local\Temp\lwjglwhite0hat1\3.3.1-build-7\jemalloc.dll
0x00007fff9c730000 - 0x00007fff9c7b1000 	C:\Users\poe09\AppData\Local\Temp\lwjglwhite0hat1\3.3.1-build-7\lwjgl_stb.dll
0x00007fffdebe0000 - 0x00007fffdecd9000 	C:\Windows\SYSTEM32\textinputframework.dll
0x00007fff9c6d0000 - 0x00007fff9c72d000 	C:\Users\poe09\AppData\Local\Temp\lwjglwhite0hat1\3.3.1-build-7\lwjgl_opengl.dll
0x00007fffece40000 - 0x00007fffece6e000 	C:\Windows\SYSTEM32\USERENV.dll
0x00007fffe79d0000 - 0x00007fffe79e7000 	C:\Windows\SYSTEM32\dhcpcsvc6.DLL
0x00007fffe7740000 - 0x00007fffe775d000 	C:\Windows\SYSTEM32\dhcpcsvc.DLL
0x00007fff9f620000 - 0x00007fff9f660000 	C:\Users\poe09\AppData\Local\Temp\jna-214797981\jna15686063142947154117.dll
0x00007fffcbfe0000 - 0x00007fffcbfff000 	C:\Windows\SYSTEM32\amsi.dll
0x00007fffcbdb0000 - 0x00007fffcbfdd000 	C:\Program Files (x86)\Kaspersky Lab\Kaspersky 21.26\x64\com_antivirus.dll
0x00007fffcdeb0000 - 0x00007fffcdebc000 	C:\Windows\SYSTEM32\Secur32.dll
0x00007fffecd60000 - 0x00007fffecd6a000 	C:\Windows\SYSTEM32\DPAPI.DLL
0x00007fffece70000 - 0x00007fffecea2000 	C:\Windows\SYSTEM32\SSPICLI.DLL
0x00007fffcbd50000 - 0x00007fffcbda4000 	C:\Program Files (x86)\Kaspersky Lab\Kaspersky 21.26\x64\product_info.dll
0x00007fffde470000 - 0x00007fffde4c3000 	C:\Windows\SYSTEM32\Pdh.dll
0x00007fffcb050000 - 0x00007fffcb05f000 	C:\Windows\System32\perfos.dll
0x00007fffb30f0000 - 0x00007fffb30fe000 	C:\Users\poe09\.jdks\temurin-17.0.20.1\bin\sunmscapi.dll
0x00007fffeca30000 - 0x00007fffeca59000 	C:\Windows\SYSTEM32\ncrypt.dll
0x00007fffec9f0000 - 0x00007fffeca2b000 	C:\Windows\SYSTEM32\NTASN1.dll
0x00007fffb3210000 - 0x00007fffb3219000 	C:\Users\poe09\.jdks\temurin-17.0.20.1\bin\extnet.dll
0x00007fffe5e10000 - 0x00007fffe5ebe000 	C:\Windows\SYSTEM32\mscms.dll
0x00007fffe5df0000 - 0x00007fffe5e01000 	C:\Windows\SYSTEM32\ColorAdapterClient.dll
0x00007fff9b8a0000 - 0x00007fff9b8e6000 	C:\Windows\SYSTEM32\icm32.dll
0x00007fff97f40000 - 0x00007fff980d7000 	C:\Users\poe09\AppData\Local\Temp\lwjglwhite0hat1\3.3.1-build-7\OpenAL.dll
0x00007fffe76b0000 - 0x00007fffe7735000 	C:\Windows\System32\MMDevApi.dll
0x00007fffa12f0000 - 0x00007fffa147e000 	C:\Windows\System32\Speech\Common\sapi.dll
0x00007fffb04e0000 - 0x00007fffb04fe000 	C:\Windows\SYSTEM32\MSACM32.dll
0x00007fffc5b30000 - 0x00007fffc5b3b000 	C:\Windows\SYSTEM32\msdmo.dll
0x00007fffde7a0000 - 0x00007fffde7c6000 	C:\Windows\SYSTEM32\winmmbase.dll
0x00007fffd0910000 - 0x00007fffd0917000 	C:\Windows\system32\wshunix.dll
0x00007fffe77d0000 - 0x00007fffe7951000 	C:\Windows\SYSTEM32\AUDIOSES.DLL
0x00007fffeaa10000 - 0x00007fffeaa24000 	C:\Windows\SYSTEM32\resourcepolicyclient.dll

dbghelp: loaded successfully - version: 4.0.5 - missing functions: none
symbol engine: initialized successfully - sym options: 0x614 - pdb path: .;C:\Users\poe09\.jdks\temurin-17.0.20.1\bin;C:\Windows\SYSTEM32;C:\Windows\WinSxS\amd64_microsoft.windows.common-controls_6595b64144ccf1df_6.0.19041.4355_none_60b8b9eb71f62e16;C:\Users\poe09\.jdks\temurin-17.0.20.1\bin\server;C:\Users\poe09\AppData\Local\Temp\lwjglwhite0hat1\3.3.1-build-7;C:\Windows\System32\DriverStore\FileRepository\nv_dispi.inf_amd64_adc55ecfca814224;C:\Users\poe09\AppData\Local\Temp\jna-214797981;C:\Program Files (x86)\Kaspersky Lab\Kaspersky 21.26\x64;C:\Windows\System32\Speech\Common

VM Arguments:
jvm_args: -Dforge.enableGameTest=true -Dforge.logging.console.level=debug -Dforge.logging.markers=REGISTRIES -DignoreList=bootstraplauncher,securejarhandler,asm-commons,asm-util,asm-analysis,asm-tree,asm,JarJarFileSystems,client-extra,fmlcore,javafmllanguage,lowcodelanguage,mclanguage,forge- -Djava.net.preferIPv6Addresses=system -DlegacyClassPath.file=D:\Minecraft MODS\CultOfTheCryptids\cult_cryptids\build\classpath\runClient_minecraftClasspath.txt -DmergeModules=jna-5.10.0.jar,jna-platform-5.10.0.jar -Dmixin.env.refMapRemappingFile=D:\Minecraft MODS\CultOfTheCryptids\cult_cryptids/build/createSrgToMcp/output.srg -Dmixin.env.remapRefMap=true --module-path=C:\Users\poe09\.gradle\caches\modules-2\files-2.1\cpw.mods\bootstraplauncher\1.1.2\c546e00443d8432cda6baa1c860346980742628\bootstraplauncher-1.1.2.jar;C:\Users\poe09\.gradle\caches\modules-2\files-2.1\cpw.mods\securejarhandler\2.1.10\51e6a22c6c716beb11e244bf5b8be480f51dd6b5\securejarhandler-2.1.10.jar;C:\Users\poe09\.gradle\caches\modules-2\files-2.1\org.ow2.asm\asm-commons\9.7\e86dda4696d3c185fcc95d8d311904e7ce38a53f\asm-commons-9.7.jar;C:\Users\poe09\.gradle\caches\modules-2\files-2.1\org.ow2.asm\asm-util\9.7\c0655519f24d92af2202cb681cd7c1569df6ead6\asm-util-9.7.jar;C:\Users\poe09\.gradle\caches\modules-2\files-2.1\org.ow2.asm\asm-analysis\9.7\e4a258b7eb96107106c0599f0061cfc1832fe07a\asm-analysis-9.7.jar;C:\Users\poe09\.gradle\caches\modules-2\files-2.1\org.ow2.asm\asm-tree\9.7\e446a17b175bfb733b87c5c2560ccb4e57d69f1a\asm-tree-9.7.jar;C:\Users\poe09\.gradle\caches\modules-2\files-2.1\org.ow2.asm\asm\9.7\73d7b3086e14beb604ced229c302feff6449723\asm-9.7.jar;C:\Users\poe09\.gradle\caches\modules-2\files-2.1\net.minecraftforge\JarJarFileSystems\0.3.19\2464eb7d6b9ddb9db36a82cf8a95193e5c6fe020\JarJarFileSystems-0.3.19.jar --add-modules=ALL-MODULE-PATH --add-opens=java.base/java.util.jar=cpw.mods.securejarhandler --add-opens=java.base/java.lang.invoke=cpw.mods.securejarhandler --add-exports=java.base/sun.security.util=cpw.mods.securejarhandler --add-exports=jdk.naming.dns/com.sun.jndi.dns=java.naming -XX:HeapDumpPath=MojangTricksIntelDriversForPerformance_javaw.exe_minecraft.exe.heapdump -Dfile.encoding=UTF-8 -Duser.country=RU -Duser.language=ru -Duser.variant 
java_command: cpw.mods.bootstraplauncher.BootstrapLauncher --launchTarget forgeclientuserdev --version MOD_DEV --assetIndex 5 --assetsDir C:\Users\poe09\.gradle\caches\forge_gradle\assets --gameDir . --fml.forgeVersion 47.3.0 --fml.mcVersion 1.20.1 --fml.forgeGroup net.minecraftforge --fml.mcpVersion 20230612.114412
java_class_path (initial): D:\Minecraft MODS\CultOfTheCryptids\cult_cryptids\build\classes\java\main;D:\Minecraft MODS\CultOfTheCryptids\cult_cryptids\build\resources\main;C:\Users\poe09\.gradle\caches\forge_gradle\deobf_dependencies\software\bernie\geckolib\geckolib-forge-1.20.1\4.4.4_mapped_official_1.20.1\geckolib-forge-1.20.1-4.4.4_mapped_official_1.20.1.jar;C:\Users\poe09\.gradle\caches\modules-2\files-2.1\com.eliotlash.mclib\mclib\20\3383672fb61b6a210e8fb93ffdd9fdae4549e4fc\mclib-20.jar;C:\Users\poe09\.gradle\caches\forge_gradle\minecraft_user_repo\net\minecraftforge\forge\1.20.1-47.3.0_mapped_official_1.20.1\forge-1.20.1-47.3.0_mapped_official_1.20.1-recomp.jar;C:\Users\poe09\.gradle\caches\forge_gradle\minecraft_repo\versions\1.20.1\client-extra.jar;C:\Users\poe09\.gradle\caches\modules-2\files-2.1\net.minecraftforge\fmlearlydisplay\1.20.1-47.3.0\91e33682894f35862e9ce29d633e3258120952f0\fmlearlydisplay-1.20.1-47.3.0.jar;C:\Users\poe09\.gradle\caches\modules-2\files-2.1\net.minecraftforge\javafmllanguage\1.20.1-47.3.0\d7ebc62120f202109e300e084ca1a31a7b946a62\javafmllanguage-1.20.1-47.3.0.jar;C:\Users\poe09\.gradle\caches\modules-2\files-2.1\net.minecraftforge\lowcodelanguage\1.20.1-47.3.0\1bf3e845ea0ce750096da8c71c8364b188ab74d4\lowcodelanguage-1.20.1-47.3.0.jar;C:\Users\poe09\.gradle\caches\modules-2\files-2.1\net.minecraftforge\mclanguage\1.20.1-47.3.0\6093682e943ddccbabf70539319d7f2fe64db2e7\mclanguage-1.20.1-47.3.0.jar;C:\Users\poe09\.gradle\caches\modules-2\files-2.1\net.minecraftforge\fmlcore\1.20.1-47.3.0\3b6be96aba3e323f3c918e8ef6a96312d82d76ad\fmlcore-1.20.1-47.3.0.jar;C:\Users\poe09\.gradle\caches\modules-2\files-2.1\net.minecraftforge\fmlloader\1.20.1-47.3.0\547850469c8a336b4c60cb8619f6cd421e9e5f55\fmlloader-1.20.1-47.3.0.jar;C:\Users\poe09\.gradle\caches\modules-2\files-2.1\net.minecraftforge\JarJarSelector\0.3.19\376cc9c8ea60720cf027c01fc033de915699801c\JarJarSelector-0.3.19.jar;C:\Users\poe09\.gradle\caches\modules-2\files-2.1\net.minecraftfor
Launcher Type: SUN_STANDARD

[Global flags]
     intx CICompilerCount                          = 4                                         {product} {ergonomic}
     uint ConcGCThreads                            = 2                                         {product} {ergonomic}
     uint G1ConcRefinementThreads                  = 8                                         {product} {ergonomic}
   size_t G1HeapRegionSize                         = 2097152                                   {product} {ergonomic}
    uintx GCDrainStackTargetSize                   = 64                                        {product} {ergonomic}
    ccstr HeapDumpPath                             = MojangTricksIntelDriversForPerformance_javaw.exe_minecraft.exe.heapdump         {manageable} {command line}
   size_t InitialHeapSize                          = 268435456                                 {product} {ergonomic}
   size_t MarkStackSize                            = 4194304                                   {product} {ergonomic}
   size_t MaxHeapSize                              = 4282384384                                {product} {ergonomic}
   size_t MaxNewSize                               = 2569011200                                {product} {ergonomic}
   size_t MinHeapDeltaBytes                        = 2097152                                   {product} {ergonomic}
   size_t MinHeapSize                              = 8388608                                   {product} {ergonomic}
    uintx NonNMethodCodeHeapSize                   = 5839372                                {pd product} {ergonomic}
    uintx NonProfiledCodeHeapSize                  = 122909434                              {pd product} {ergonomic}
    uintx ProfiledCodeHeapSize                     = 122909434                              {pd product} {ergonomic}
    uintx ReservedCodeCacheSize                    = 251658240                              {pd product} {ergonomic}
     bool SegmentedCodeCache                       = true                                      {product} {ergonomic}
   size_t SoftMaxHeapSize                          = 4282384384                             {manageable} {ergonomic}
     bool UseCompressedClassPointers               = true                           {product lp64_product} {ergonomic}
     bool UseCompressedOops                        = true                           {product lp64_product} {ergonomic}
     bool UseG1GC                                  = true                                      {product} {ergonomic}
     bool UseLargePagesIndividualAllocation        = false                                  {pd product} {ergonomic}

Logging:
Log output configuration:
 #0: stdout all=warning uptime,level,tags
 #1: stderr all=off uptime,level,tags

Environment Variables:
PATH=C:\ffmpeg\bin;C:\Program Files (x86)\Common Files\Oracle\Java\javapath;C:\Windows\system32;C:\Windows;C:\Windows\System32\Wbem;C:\Windows\System32\WindowsPowerShell\v1.0\;C:\Windows\System32\OpenSSH\;C:\Program Files (x86)\NVIDIA Corporation\PhysX\Common;C:\Users\poe09\AppData\Local\Microsoft\WindowsApps;C:\Program Files\NVIDIA Corporation\NVIDIA app\NvDLISR;C:\Program Files\dotnet\;C:\Program Files\Cloudflare\Cloudflare WARP\;C:\Program Files\Git\cmd;C:\Users\poe09\AppData\Local\Microsoft\WindowsApps;
USERNAME=white0hat1
OS=Windows_NT
PROCESSOR_IDENTIFIER=AMD64 Family 23 Model 113 Stepping 0, AuthenticAMD
TMP=C:\Users\poe09\AppData\Local\Temp
TEMP=C:\Users\poe09\AppData\Local\Temp



Periodic native trim disabled


---------------  S Y S T E M  ---------------

OS:
 Windows 10 , 64 bit Build 19041 (10.0.19041.4842)
OS uptime: 0 days 6:51 hours

CPU: total 8 (initial active 8) (8 cores per cpu, 2 threads per core) family 23 model 113 stepping 0 microcode 0x0, cx8, cmov, fxsr, ht, mmx, 3dnowpref, sse, sse2, sse3, ssse3, sse4a, sse4.1, sse4.2, popcnt, lzcnt, tsc, tscinvbit, avx, avx2, aes, clmul, bmi1, bmi2, adx, sha, fma, vzeroupper, clflush, clflushopt
Processor Information for all 8 processors :
  Max Mhz: 3593, Current Mhz: 3593, Mhz Limit: 3593

Memory: 4k page, system-wide physical 16332M (2061M free)
TotalPageFile size 20428M (AvailPageFile size 0M)
current process WorkingSet (physical memory assigned to process): 2300M, peak: 2300M
current process commit charge ("private bytes"): 3082M, peak: 3090M

vm_info: OpenJDK 64-Bit Server VM (17.0.20.1+1) for windows-amd64 JRE (17.0.20.1+1), built on Aug 18 2026 20:44:09 by "admin" with MS VC++ 17.12 (VS2022)

END.
